insert into sprint (room_id, sprint_name, created_at) values (1, "Sprint no. 1" , "2024-12-12 05:14:17");
insert into sprint (room_id, sprint_name, created_at) values (1, "Sprint no. 2" , "2024-12-14 02:18:51");
insert into sprint (room_id, sprint_name, created_at) values (1, "Sprint no. 3" , "2024-12-14 10:31:06");
insert into sprint (room_id, sprint_name, created_at) values (1, "Sprint no. 4" , "2024-12-14 12:13:04");
insert into sprint (room_id, sprint_name, created_at) values (1, "Sprint no. 5" , "2024-12-14 19:16:26");
insert into sprint (room_id, sprint_name, created_at) values (1, "Sprint no. 6" , "2024-12-14 20:08:01");
insert into role (user_id, room_id, role_detail) values (9, 1, 1);
insert into message (user_id, room_id, message_detail, created_at) values (9, 1, "Whale zebra tiger monkey snake cherry elephant dog kangaroo whale xylophone queen cherry tiger apple fish apple grape fish yacht grape elephant monkey elephant grape snake kangaroo.", "2024-09-19 10:20:35");
insert into message (user_id, room_id, message_detail, created_at) values (9, 1, "Dog queen apple elephant umbrella apple jungle apple monkey zebra yacht night house grape.", "2024-08-22 03:55:57");
insert into message (user_id, room_id, message_detail, created_at) values (9, 1, "Ocean queen jungle night elephant kangaroo dog tiger banana fish ocean.", "2024-02-20 00:01:50");
insert into message (user_id, room_id, message_detail, created_at) values (9, 1, "Village whale river island zebra yacht dog lion ocean dog xylophone dog tiger queen whale snake village zebra.", "2024-04-12 10:09:53");
insert into message (user_id, room_id, message_detail, created_at) values (9, 1, "Penguin snake island night elephant grape xylophone penguin zebra tiger grape queen grape river monkey house snake whale whale village grape.", "2024-01-26 14:36:54");
insert into message (user_id, room_id, message_detail, created_at) values (9, 1, "Village umbrella yacht river yacht river zebra island river jungle banana ocean house.", "2024-01-04 19:11:32");
insert into message (user_id, room_id, message_detail, created_at) values (9, 1, "River dog tiger elephant house house lion village jungle river xylophone umbrella lion banana umbrella village snake ocean island night banana yacht fish whale island.", "2024-04-13 18:08:09");
insert into message (user_id, room_id, message_detail, created_at) values (9, 1, "Dog village elephant cherry monkey umbrella yacht yacht night kangaroo fish grape tiger fish jungle kangaroo monkey elephant elephant banana night.", "2024-12-06 03:21:09");
insert into message (user_id, room_id, message_detail, created_at) values (9, 1, "Xylophone banana kangaroo house ocean house xylophone umbrella dog elephant island dog penguin elephant village whale banana banana monkey banana night kangaroo apple zebra snake jungle.", "2024-10-12 05:37:48");
insert into message (user_id, room_id, message_detail, created_at) values (9, 1, "Whale river river island jungle queen cherry fish fish grape grape house house zebra.", "2024-06-30 06:36:15");
insert into message (user_id, room_id, message_detail, created_at) values (9, 1, "Dog house penguin zebra xylophone yacht house island yacht whale fish kangaroo dog tiger kangaroo umbrella apple whale ocean elephant banana queen monkey.", "2024-02-10 23:12:31");
insert into message (user_id, room_id, message_detail, created_at) values (9, 1, "Umbrella elephant monkey xylophone ocean yacht apple dog island cherry zebra village kangaroo queen ocean elephant elephant ocean banana island apple dog night house apple queen apple night snake.", "2024-11-13 15:28:26");
insert into message (user_id, room_id, message_detail, created_at) values (9, 1, "Jungle dog banana xylophone zebra jungle jungle elephant elephant tiger fish xylophone night house.", "2024-11-04 03:59:57");
insert into message (user_id, room_id, message_detail, created_at) values (9, 1, "Island xylophone banana umbrella island cherry ocean ocean apple dog yacht grape dog tiger queen tiger snake elephant island grape village monkey snake apple monkey dog lion night village.", "2024-03-20 02:55:40");
insert into message (user_id, room_id, message_detail, created_at) values (9, 1, "Snake ocean snake banana night house umbrella penguin kangaroo penguin snake.", "2024-02-13 03:33:50");
insert into message (user_id, room_id, message_detail, created_at) values (9, 1, "Ocean xylophone queen village island elephant river jungle elephant elephant xylophone grape cherry lion zebra dog kangaroo whale dog yacht river ocean night river river jungle fish banana house tiger.", "2024-05-06 20:28:50");
insert into task (task_id,sprint_id, task_title, task_description, task_type, due_date, created_at) values (1,5, "Task no. 1", "Zebra zebra house yacht elephant apple jungle snake river dog island zebra.", "4", "2024-09-05 22:16:02", "2023-12-22 00:46:54");
insert into taskperform (task_id, user_id, created_at) values (1, 9, "2024-07-21 02:57:25");
insert into role (user_id, room_id, role_detail) values (4, 1, 3);
insert into message (user_id, room_id, message_detail, created_at) values (4, 1, "Penguin kangaroo apple ocean umbrella river tiger snake island elephant dog night tiger village penguin house ocean tiger queen lion zebra elephant whale house xylophone.", "2024-09-08 04:08:42");
insert into message (user_id, room_id, message_detail, created_at) values (4, 1, "Xylophone apple night grape kangaroo whale whale whale kangaroo monkey elephant xylophone apple jungle zebra ocean river cherry whale village island umbrella.", "2024-03-12 13:56:15");
insert into message (user_id, room_id, message_detail, created_at) values (4, 1, "River night yacht kangaroo dog banana lion snake house banana yacht yacht cherry umbrella whale penguin xylophone cherry.", "2024-04-02 05:56:21");
insert into message (user_id, room_id, message_detail, created_at) values (4, 1, "Kangaroo jungle elephant monkey night kangaroo dog whale penguin penguin kangaroo snake kangaroo monkey fish cherry apple monkey night island monkey apple kangaroo jungle elephant lion.", "2024-01-11 13:24:06");
insert into message (user_id, room_id, message_detail, created_at) values (4, 1, "Cherry monkey penguin xylophone fish xylophone island snake whale tiger jungle fish ocean whale river fish ocean lion fish yacht umbrella island fish jungle ocean tiger tiger dog.", "2024-11-21 07:28:32");
insert into message (user_id, room_id, message_detail, created_at) values (4, 1, "Whale fish cherry ocean village river river zebra kangaroo whale village.", "2024-07-31 08:30:46");
insert into message (user_id, room_id, message_detail, created_at) values (4, 1, "Cherry island elephant xylophone queen snake river night xylophone dog village monkey umbrella apple snake elephant fish jungle monkey grape xylophone.", "2024-11-19 17:43:54");
insert into message (user_id, room_id, message_detail, created_at) values (4, 1, "Banana umbrella lion penguin island fish village monkey dog apple river kangaroo.", "2024-08-02 09:32:18");
insert into message (user_id, room_id, message_detail, created_at) values (4, 1, "Fish tiger river jungle village umbrella grape house apple penguin tiger fish queen kangaroo yacht elephant night cherry cherry river zebra fish.", "2024-10-19 00:42:09");
insert into message (user_id, room_id, message_detail, created_at) values (4, 1, "Snake tiger snake night jungle apple lion queen apple whale river cherry banana ocean grape tiger kangaroo lion lion apple tiger night monkey dog penguin dog fish apple cherry penguin.", "2024-08-20 00:18:41");
insert into message (user_id, room_id, message_detail, created_at) values (4, 1, "River fish lion island lion apple penguin river xylophone island kangaroo island night queen snake penguin jungle night tiger xylophone monkey lion monkey lion village yacht kangaroo banana snake.", "2024-05-19 13:47:55");
insert into message (user_id, room_id, message_detail, created_at) values (4, 1, "Dog lion snake grape ocean ocean house fish umbrella dog fish penguin island dog island zebra apple banana.", "2024-08-06 21:59:20");
insert into message (user_id, room_id, message_detail, created_at) values (4, 1, "Lion queen lion monkey zebra jungle whale fish ocean island house river island dog jungle house snake ocean zebra queen banana umbrella night tiger village snake yacht.", "2024-08-30 01:19:09");
insert into message (user_id, room_id, message_detail, created_at) values (4, 1, "Ocean island ocean yacht penguin elephant kangaroo fish umbrella cherry penguin.", "2024-05-02 09:51:23");
insert into message (user_id, room_id, message_detail, created_at) values (4, 1, "Kangaroo island lion tiger ocean apple ocean island snake ocean whale dog banana banana ocean jungle banana lion cherry lion banana lion night umbrella whale queen xylophone penguin.", "2024-03-04 12:52:24");
insert into task (task_id,sprint_id, task_title, task_description, task_type, due_date, created_at) values (2,2, "Task no. 1", "Zebra snake ocean cherry ocean banana kangaroo village jungle umbrella village elephant kangaroo river snake dog penguin apple ocean tiger house fish penguin.", "5", "2024-09-20 10:42:24", "2024-02-06 13:31:32");
insert into taskperform (task_id, user_id, created_at) values (2, 4, "2024-11-23 23:50:03");
insert into task (task_id,sprint_id, task_title, task_description, task_type, due_date, created_at) values (3,2, "Task no. 2", "Jungle village whale grape island house apple snake snake village yacht penguin banana jungle umbrella river cherry umbrella fish queen island house kangaroo queen zebra whale village jungle.", "1", "2024-10-14 05:13:03", "2024-10-10 23:01:31");
insert into taskperform (task_id, user_id, created_at) values (3, 4, "2024-11-13 21:50:29");
insert into task (task_id,sprint_id, task_title, task_description, task_type, due_date, created_at) values (4,5, "Task no. 2", "Ocean banana apple island kangaroo elephant penguin elephant snake jungle lion queen fish penguin snake island whale cherry night yacht island.", "1", "2024-04-30 18:11:22", "2024-02-24 21:56:30");
insert into taskperform (task_id, user_id, created_at) values (4, 4, "2024-08-31 18:14:16");
insert into task (task_id,sprint_id, task_title, task_description, task_type, due_date, created_at) values (5,4, "Task no. 1", "Kangaroo penguin apple river penguin village house grape umbrella night penguin elephant penguin yacht elephant village.", "3", "2024-05-14 15:09:54", "2024-02-19 00:07:44");
insert into taskperform (task_id, user_id, created_at) values (5, 4, "2024-08-31 20:15:30");
insert into role (user_id, room_id, role_detail) values (7, 1, 2);
insert into message (user_id, room_id, message_detail, created_at) values (7, 1, "Village cherry apple umbrella cherry island penguin queen umbrella banana cherry yacht snake kangaroo fish tiger monkey cherry village umbrella house ocean.", "2024-07-15 13:50:47");
insert into message (user_id, room_id, message_detail, created_at) values (7, 1, "Umbrella ocean dog grape night cherry ocean lion fish whale river banana whale night.", "2024-01-14 23:44:40");
insert into message (user_id, room_id, message_detail, created_at) values (7, 1, "Snake umbrella river monkey lion elephant banana whale snake elephant monkey.", "2024-12-14 14:40:03");
insert into message (user_id, room_id, message_detail, created_at) values (7, 1, "Banana xylophone monkey dog elephant lion whale apple banana zebra village island jungle island apple kangaroo elephant snake penguin jungle lion jungle penguin dog.", "2024-10-26 02:59:23");
insert into message (user_id, room_id, message_detail, created_at) values (7, 1, "Snake banana village kangaroo apple cherry penguin fish house cherry queen yacht river elephant whale village house umbrella grape house.", "2024-06-06 06:01:49");
insert into message (user_id, room_id, message_detail, created_at) values (7, 1, "Zebra queen grape tiger umbrella elephant xylophone house elephant grape.", "2024-06-17 00:59:34");
insert into message (user_id, room_id, message_detail, created_at) values (7, 1, "Grape ocean jungle house house penguin yacht grape fish banana ocean elephant zebra tiger grape banana night kangaroo river house queen cherry.", "2024-03-25 23:35:22");
insert into message (user_id, room_id, message_detail, created_at) values (7, 1, "Monkey whale night dog monkey kangaroo yacht kangaroo grape banana.", "2024-10-02 11:20:56");
insert into message (user_id, room_id, message_detail, created_at) values (7, 1, "Queen elephant zebra banana elephant dog dog river ocean banana.", "2024-06-10 23:01:08");
insert into message (user_id, room_id, message_detail, created_at) values (7, 1, "Xylophone kangaroo snake house banana jungle river zebra zebra whale cherry xylophone.", "2024-03-31 13:00:07");
insert into message (user_id, room_id, message_detail, created_at) values (7, 1, "House lion fish ocean queen lion penguin cherry whale elephant snake elephant night house kangaroo yacht apple whale penguin kangaroo.", "2024-07-30 04:46:21");
insert into task (task_id,sprint_id, task_title, task_description, task_type, due_date, created_at) values (6,5, "Task no. 3", "Kangaroo monkey island tiger night dog cherry zebra yacht night grape kangaroo kangaroo yacht penguin umbrella village elephant xylophone kangaroo.", "3", "2024-10-06 08:22:09", "2024-09-09 02:20:02");
insert into taskperform (task_id, user_id, created_at) values (6, 7, "2024-10-02 16:16:04");
insert into role (user_id, room_id, role_detail) values (2, 1, 3);
insert into message (user_id, room_id, message_detail, created_at) values (2, 1, "Elephant cherry queen whale cherry grape umbrella monkey xylophone penguin cherry snake elephant apple queen penguin cherry.", "2024-07-04 13:21:35");
insert into message (user_id, room_id, message_detail, created_at) values (2, 1, "Elephant village elephant village umbrella fish elephant xylophone island queen ocean fish village.", "2024-07-19 05:57:44");
insert into message (user_id, room_id, message_detail, created_at) values (2, 1, "Penguin yacht umbrella elephant village snake island tiger banana cherry elephant lion queen elephant apple.", "2024-06-22 16:34:27");
insert into message (user_id, room_id, message_detail, created_at) values (2, 1, "Banana cherry jungle jungle tiger island fish queen cherry queen cherry queen jungle lion zebra banana grape banana.", "2024-03-29 07:39:07");
insert into message (user_id, room_id, message_detail, created_at) values (2, 1, "House snake banana banana ocean dog fish village jungle kangaroo tiger zebra apple zebra house fish.", "2024-07-14 05:06:01");
insert into message (user_id, room_id, message_detail, created_at) values (2, 1, "Queen ocean river island xylophone zebra ocean grape fish kangaroo house village night grape fish grape yacht queen dog village dog elephant snake.", "2024-03-05 21:05:28");
insert into message (user_id, room_id, message_detail, created_at) values (2, 1, "Lion elephant banana apple umbrella ocean apple house yacht yacht house ocean lion xylophone jungle elephant jungle whale grape house xylophone night cherry elephant.", "2024-03-22 08:42:01");
insert into message (user_id, room_id, message_detail, created_at) values (2, 1, "Elephant river dog monkey yacht queen grape umbrella grape kangaroo dog lion grape.", "2024-03-24 21:57:09");
insert into message (user_id, room_id, message_detail, created_at) values (2, 1, "Penguin dog ocean lion zebra village grape village penguin penguin kangaroo cherry ocean fish.", "2024-09-04 12:32:17");
insert into message (user_id, room_id, message_detail, created_at) values (2, 1, "Apple elephant fish whale whale cherry fish snake cherry ocean yacht cherry elephant queen cherry.", "2024-04-25 02:14:20");
insert into task (task_id,sprint_id, task_title, task_description, task_type, due_date, created_at) values (7,3, "Task no. 1", "Whale village lion tiger penguin river apple tiger fish queen.", "4", "2024-11-10 16:54:13", "2024-10-21 05:45:50");
insert into taskperform (task_id, user_id, created_at) values (7, 2, "2024-11-20 11:35:00");
insert into task (task_id,sprint_id, task_title, task_description, task_type, due_date, created_at) values (8,6, "Task no. 1", "Elephant night snake ocean xylophone kangaroo zebra umbrella jungle village night dog umbrella ocean queen queen fish jungle night night grape house island banana.", "5", "2024-07-10 02:22:19", "2023-12-21 22:27:04");
insert into taskperform (task_id, user_id, created_at) values (8, 2, "2024-06-30 15:41:09");
insert into task (task_id,sprint_id, task_title, task_description, task_type, due_date, created_at) values (9,5, "Task no. 4", "Elephant cherry elephant grape fish kangaroo queen fish dog yacht grape night village kangaroo dog umbrella monkey kangaroo banana zebra yacht monkey grape jungle river island zebra grape monkey banana.", "3", "2024-09-02 07:30:40", "2023-12-20 04:28:19");
insert into taskperform (task_id, user_id, created_at) values (9, 2, "2024-05-21 05:52:34");
insert into task (task_id,sprint_id, task_title, task_description, task_type, due_date, created_at) values (10,2, "Task no. 3", "Jungle cherry zebra yacht island penguin fish elephant island grape snake fish queen banana yacht cherry jungle zebra.", "1", "2024-11-14 00:54:53", "2024-09-14 11:59:40");
insert into taskperform (task_id, user_id, created_at) values (10, 2, "2024-10-02 12:41:48");
insert into role (user_id, room_id, role_detail) values (3, 1, 2);
insert into task (task_id,sprint_id, task_title, task_description, task_type, due_date, created_at) values (11,5, "Task no. 5", "River yacht house village night kangaroo fish night house house queen tiger kangaroo snake.", "2", "2024-10-21 16:45:21", "2024-08-03 09:39:45");
insert into taskperform (task_id, user_id, created_at) values (11, 3, "2024-11-29 09:24:07");
insert into task (task_id,sprint_id, task_title, task_description, task_type, due_date, created_at) values (12,6, "Task no. 2", "House tiger xylophone village tiger dog monkey xylophone night grape grape island zebra island village.", "1", "2024-07-23 13:30:36", "2024-06-24 14:35:25");
insert into taskperform (task_id, user_id, created_at) values (12, 3, "2024-09-30 21:59:52");
insert into task (task_id,sprint_id, task_title, task_description, task_type, due_date, created_at) values (13,4, "Task no. 2", "Kangaroo monkey tiger zebra queen banana banana snake xylophone jungle monkey house queen grape night whale tiger penguin fish.", "1", "2024-05-02 00:17:54", "2024-04-04 12:18:40");
insert into taskperform (task_id, user_id, created_at) values (13, 3, "2024-11-20 09:15:03");
insert into task (task_id,sprint_id, task_title, task_description, task_type, due_date, created_at) values (14,6, "Task no. 3", "Whale snake penguin ocean tiger xylophone tiger village xylophone zebra yacht yacht penguin xylophone island island apple village xylophone tiger fish yacht elephant apple.", "4", "2024-10-18 04:31:12", "2024-03-25 13:19:07");
insert into task (task_id,sprint_id, task_title, task_description, task_type, due_date, created_at) values (15,2, "Task no. 4", "Village lion lion jungle village grape lion river apple river island kangaroo fish fish yacht zebra.", "6", "2024-10-11 04:13:47", "2024-01-05 05:44:39");
insert into taskperform (task_id, user_id, created_at) values (15, 3, "2024-08-16 11:27:24");
insert into task (task_id,sprint_id, task_title, task_description, task_type, due_date, created_at) values (16,4, "Task no. 3", "Grape penguin island cherry jungle village fish island dog island grape elephant snake elephant village river kangaroo ocean yacht jungle yacht elephant.", "2", "2024-09-26 20:57:31", "2023-12-21 18:06:42");
insert into task (task_id,sprint_id, task_title, task_description, task_type, due_date, created_at) values (17,6, "Task no. 4", "Yacht tiger zebra elephant dog village river night apple lion whale umbrella zebra.", "3", "2024-08-13 06:10:14", "2024-02-06 16:42:55");
insert into taskperform (task_id, user_id, created_at) values (17, 3, "2024-06-11 16:51:17");
insert into task (task_id,sprint_id, task_title, task_description, task_type, due_date, created_at) values (18,5, "Task no. 6", "Banana monkey elephant house cherry cherry umbrella jungle kangaroo snake umbrella yacht lion yacht zebra cherry.", "1", "2024-09-19 10:38:01", "2024-05-23 08:06:50");
insert into taskperform (task_id, user_id, created_at) values (18, 3, "2024-11-17 03:18:23");
insert into role (user_id, room_id, role_detail) values (1, 2, 1);
insert into message (user_id, room_id, message_detail, created_at) values (1, 2, "Fish village village cherry night fish ocean island penguin tiger house lion island yacht fish zebra lion river xylophone tiger elephant xylophone whale house tiger whale.", "2024-09-07 14:31:52");
insert into message (user_id, room_id, message_detail, created_at) values (1, 2, "Night grape cherry island zebra xylophone elephant apple jungle queen penguin dog banana apple penguin kangaroo kangaroo snake jungle yacht penguin elephant lion.", "2024-10-12 01:13:41");
insert into message (user_id, room_id, message_detail, created_at) values (1, 2, "Yacht queen river snake jungle whale house ocean grape fish river.", "2024-02-18 00:18:11");
insert into message (user_id, room_id, message_detail, created_at) values (1, 2, "Xylophone umbrella queen queen ocean tiger village whale monkey village island.", "2024-03-07 09:34:22");
insert into message (user_id, room_id, message_detail, created_at) values (1, 2, "Zebra dog yacht yacht lion queen yacht queen kangaroo snake fish elephant island queen grape fish grape night apple queen house whale ocean banana yacht dog monkey island.", "2024-03-10 09:40:33");
insert into message (user_id, room_id, message_detail, created_at) values (1, 2, "Banana tiger banana snake yacht snake apple yacht banana tiger queen umbrella river.", "2024-08-13 11:01:16");
insert into message (user_id, room_id, message_detail, created_at) values (1, 2, "Elephant river cherry lion jungle lion dog yacht cherry river banana.", "2024-05-06 08:18:57");
insert into message (user_id, room_id, message_detail, created_at) values (1, 2, "Jungle island xylophone monkey night jungle island night kangaroo dog kangaroo river xylophone zebra.", "2024-08-24 11:36:11");
insert into message (user_id, room_id, message_detail, created_at) values (1, 2, "Zebra xylophone snake xylophone elephant lion grape night house night penguin island apple monkey grape monkey yacht village snake elephant queen yacht yacht village apple xylophone.", "2024-01-30 23:55:05");
insert into message (user_id, room_id, message_detail, created_at) values (1, 2, "River queen house banana whale jungle village snake house xylophone penguin yacht penguin zebra apple penguin dog apple dog dog apple night zebra.", "2024-02-18 18:31:25");
insert into message (user_id, room_id, message_detail, created_at) values (1, 2, "Jungle tiger elephant monkey house xylophone zebra elephant grape tiger yacht apple apple dog queen river snake banana night umbrella queen zebra night kangaroo dog.", "2024-05-06 07:29:05");
insert into message (user_id, room_id, message_detail, created_at) values (1, 2, "Elephant river grape night lion kangaroo fish cherry xylophone snake house house elephant.", "2024-07-05 06:41:55");
insert into message (user_id, room_id, message_detail, created_at) values (1, 2, "Xylophone jungle yacht cherry queen queen river monkey tiger jungle monkey yacht dog grape zebra village night village banana house penguin dog tiger tiger xylophone river apple grape.", "2024-01-30 11:28:27");
insert into message (user_id, room_id, message_detail, created_at) values (1, 2, "Xylophone house dog village whale jungle island jungle tiger dog grape fish penguin.", "2024-08-06 07:33:10");
insert into message (user_id, room_id, message_detail, created_at) values (1, 2, "Snake snake apple island lion queen fish whale dog cherry lion zebra house jungle penguin ocean river apple village monkey river kangaroo yacht monkey apple house lion.", "2024-04-04 14:49:16");
insert into task (task_id,sprint_id, task_title, task_description, task_type, due_date, created_at) values (19,5, "Task no. 7", "Ocean ocean river jungle kangaroo penguin elephant grape monkey grape lion island whale house tiger umbrella zebra yacht monkey.", "3", "2024-09-06 14:39:42", "2024-06-13 00:30:09");
insert into taskperform (task_id, user_id, created_at) values (19, 1, "2024-09-09 16:25:33");
insert into task (task_id,sprint_id, task_title, task_description, task_type, due_date, created_at) values (20,5, "Task no. 8", "River banana xylophone ocean village grape night river yacht kangaroo xylophone apple banana umbrella umbrella banana ocean whale snake river.", "1", "2024-12-05 00:01:36", "2024-10-29 18:10:51");
insert into taskperform (task_id, user_id, created_at) values (20, 1, "2024-11-29 13:19:17");
insert into task (task_id,sprint_id, task_title, task_description, task_type, due_date, created_at) values (21,2, "Task no. 5", "Snake monkey grape night ocean penguin umbrella monkey village whale penguin grape apple house xylophone village xylophone lion river cherry jungle dog jungle village umbrella kangaroo banana monkey village house.", "5", "2024-06-02 04:37:55", "2024-04-22 15:04:18");
insert into taskperform (task_id, user_id, created_at) values (21, 1, "2024-12-06 20:20:07");
insert into task (task_id,sprint_id, task_title, task_description, task_type, due_date, created_at) values (22,5, "Task no. 9", "Xylophone dog queen kangaroo lion fish penguin river umbrella fish.", "5", "2024-04-27 11:31:42", "2024-04-05 05:04:54");
insert into taskperform (task_id, user_id, created_at) values (22, 1, "2024-06-20 11:24:58");
insert into task (task_id,sprint_id, task_title, task_description, task_type, due_date, created_at) values (23,1, "Task no. 1", "River monkey cherry monkey queen night tiger penguin monkey elephant island snake xylophone snake tiger yacht queen jungle monkey river monkey umbrella zebra.", "5", "2024-07-16 12:21:03", "2024-06-12 21:00:50");
insert into taskperform (task_id, user_id, created_at) values (23, 1, "2024-11-07 07:18:50");
insert into task (task_id,sprint_id, task_title, task_description, task_type, due_date, created_at) values (24,1, "Task no. 2", "Penguin umbrella yacht apple river penguin xylophone elephant night penguin banana whale grape penguin ocean village umbrella jungle banana.", "4", "2024-12-13 10:25:58", "2024-11-29 15:14:35");
insert into taskperform (task_id, user_id, created_at) values (24, 1, "2024-12-09 09:48:12");
insert into task (task_id,sprint_id, task_title, task_description, task_type, due_date, created_at) values (25,1, "Task no. 3", "Tiger tiger penguin lion monkey village river cherry cherry lion house tiger yacht banana queen house umbrella river elephant house fish village lion snake queen snake ocean umbrella zebra banana.", "3", "2024-09-22 07:24:43", "2024-01-24 21:22:08");
insert into taskperform (task_id, user_id, created_at) values (25, 1, "2024-03-02 09:57:15");
insert into task (task_id,sprint_id, task_title, task_description, task_type, due_date, created_at) values (26,2, "Task no. 6", "Monkey river lion night dog umbrella monkey whale snake grape river snake yacht apple banana island river umbrella lion lion queen river village cherry.", "3", "2024-12-02 23:16:38", "2024-07-18 18:04:48");
insert into taskperform (task_id, user_id, created_at) values (26, 1, "2024-08-15 17:35:24");
insert into task (task_id,sprint_id, task_title, task_description, task_type, due_date, created_at) values (27,5, "Task no. 10", "Kangaroo dog tiger grape tiger yacht night lion river snake.", "5", "2024-05-29 03:40:34", "2023-12-21 15:33:49");
insert into taskperform (task_id, user_id, created_at) values (27, 1, "2024-06-21 09:18:28");
insert into role (user_id, room_id, role_detail) values (3, 2, 2);
insert into message (user_id, room_id, message_detail, created_at) values (3, 2, "Dog penguin monkey umbrella cherry zebra dog banana yacht house apple umbrella whale lion penguin dog lion whale apple yacht snake kangaroo dog queen banana island monkey banana island banana.", "2023-12-13 00:08:40");
insert into message (user_id, room_id, message_detail, created_at) values (3, 2, "Zebra grape banana river whale fish grape jungle yacht apple monkey dog snake house queen snake kangaroo.", "2024-06-15 06:30:34");
insert into message (user_id, room_id, message_detail, created_at) values (3, 2, "Queen dog xylophone zebra tiger umbrella penguin whale banana jungle zebra cherry banana tiger.", "2023-12-13 13:43:54");
insert into message (user_id, room_id, message_detail, created_at) values (3, 2, "Fish penguin lion lion village banana ocean kangaroo jungle grape village elephant fish jungle snake elephant village night umbrella island kangaroo whale xylophone umbrella monkey river monkey umbrella.", "2024-06-29 04:07:39");
insert into message (user_id, room_id, message_detail, created_at) values (3, 2, "Fish monkey lion elephant yacht village umbrella island cherry dog lion jungle elephant zebra dog lion queen elephant umbrella island grape village whale monkey xylophone kangaroo village umbrella night umbrella.", "2024-03-11 15:17:50");
insert into message (user_id, room_id, message_detail, created_at) values (3, 2, "Cherry xylophone night penguin monkey village ocean umbrella night cherry banana island snake banana snake.", "2024-08-12 00:16:52");
insert into message (user_id, room_id, message_detail, created_at) values (3, 2, "Queen zebra jungle monkey zebra penguin xylophone penguin xylophone monkey snake house river monkey kangaroo island zebra river.", "2024-11-07 11:11:34");
insert into message (user_id, room_id, message_detail, created_at) values (3, 2, "Island monkey island cherry island monkey jungle yacht cherry ocean apple apple village cherry banana whale island kangaroo banana.", "2023-12-12 23:59:30");
insert into message (user_id, room_id, message_detail, created_at) values (3, 2, "Village ocean umbrella xylophone snake elephant grape lion river tiger ocean penguin monkey.", "2024-08-09 08:12:26");
insert into message (user_id, room_id, message_detail, created_at) values (3, 2, "Jungle umbrella cherry river jungle banana lion river snake monkey xylophone zebra snake village dog elephant whale xylophone zebra penguin house xylophone elephant penguin house fish queen.", "2024-12-07 09:04:55");
insert into message (user_id, room_id, message_detail, created_at) values (3, 2, "Monkey banana apple ocean house umbrella monkey queen ocean apple dog queen lion.", "2024-11-02 11:44:12");
insert into message (user_id, room_id, message_detail, created_at) values (3, 2, "Whale apple island tiger river whale apple grape whale queen.", "2024-11-10 15:43:05");
insert into message (user_id, room_id, message_detail, created_at) values (3, 2, "House penguin penguin penguin kangaroo island dog elephant river dog village house house lion yacht kangaroo fish xylophone penguin.", "2024-04-05 12:33:11");
insert into message (user_id, room_id, message_detail, created_at) values (3, 2, "Jungle night dog grape xylophone dog umbrella jungle grape river whale night yacht banana ocean penguin island night snake river monkey.", "2024-03-02 08:59:37");
insert into message (user_id, room_id, message_detail, created_at) values (3, 2, "Grape zebra tiger grape house yacht apple xylophone island monkey dog kangaroo umbrella monkey tiger lion penguin penguin cherry monkey ocean queen village apple village dog xylophone dog ocean umbrella.", "2024-05-17 12:55:53");
insert into task (task_id,sprint_id, task_title, task_description, task_type, due_date, created_at) values (28,3, "Task no. 2", "Tiger dog queen xylophone house tiger apple lion lion penguin night dog night ocean banana village night.", "4", "2024-10-25 15:37:06", "2024-10-09 13:49:46");
insert into taskperform (task_id, user_id, created_at) values (28, 3, "2024-12-06 03:31:40");
insert into task (task_id,sprint_id, task_title, task_description, task_type, due_date, created_at) values (29,6, "Task no. 5", "Yacht apple village monkey umbrella night banana night tiger tiger kangaroo tiger island whale yacht umbrella kangaroo queen village night banana grape jungle.", "6", "2024-09-03 03:14:11", "2024-04-22 05:18:21");
insert into taskperform (task_id, user_id, created_at) values (29, 3, "2024-08-24 02:57:39");
insert into task (task_id,sprint_id, task_title, task_description, task_type, due_date, created_at) values (30,4, "Task no. 4", "Penguin snake river river village grape jungle whale snake umbrella.", "2", "2024-10-30 21:56:28", "2024-10-29 10:23:02");
insert into taskperform (task_id, user_id, created_at) values (30, 3, "2024-11-12 15:48:24");
insert into task (task_id,sprint_id, task_title, task_description, task_type, due_date, created_at) values (31,3, "Task no. 3", "Apple elephant penguin village yacht xylophone dog apple elephant kangaroo whale grape kangaroo snake cherry tiger umbrella lion river grape jungle river penguin.", "5", "2024-09-13 06:17:10", "2024-08-09 11:58:41");
insert into taskperform (task_id, user_id, created_at) values (31, 3, "2024-11-30 22:31:14");
insert into task (task_id,sprint_id, task_title, task_description, task_type, due_date, created_at) values (32,6, "Task no. 6", "Lion river yacht queen ocean cherry island umbrella xylophone yacht dog monkey dog zebra whale tiger night fish grape fish monkey apple.", "2", "2024-05-15 23:18:21", "2024-03-26 18:14:17");
insert into taskperform (task_id, user_id, created_at) values (32, 3, "2024-10-11 12:59:23");
insert into task (task_id,sprint_id, task_title, task_description, task_type, due_date, created_at) values (33,3, "Task no. 4", "Monkey fish elephant tiger fish river umbrella ocean monkey house penguin river snake cherry umbrella yacht island fish whale.", "6", "2024-09-01 01:42:24", "2024-07-02 04:54:41");
insert into taskperform (task_id, user_id, created_at) values (33, 3, "2024-09-14 02:38:14");
insert into task (task_id,sprint_id, task_title, task_description, task_type, due_date, created_at) values (34,4, "Task no. 5", "Elephant umbrella monkey lion ocean whale zebra jungle grape kangaroo zebra fish house island ocean monkey house jungle whale kangaroo tiger grape xylophone tiger penguin tiger zebra night lion night.", "2", "2024-04-10 03:55:43", "2024-02-23 07:13:00");
insert into taskperform (task_id, user_id, created_at) values (34, 3, "2024-05-31 05:25:49");
insert into role (user_id, room_id, role_detail) values (2, 2, 2);
insert into message (user_id, room_id, message_detail, created_at) values (2, 2, "Lion fish penguin house penguin kangaroo xylophone snake elephant penguin grape banana tiger lion cherry jungle tiger queen.", "2024-02-10 01:19:32");
insert into message (user_id, room_id, message_detail, created_at) values (2, 2, "Xylophone dog whale house umbrella yacht monkey island xylophone jungle penguin dog banana house.", "2024-06-04 12:03:14");
insert into message (user_id, room_id, message_detail, created_at) values (2, 2, "Ocean cherry monkey penguin queen cherry elephant river whale island ocean grape zebra elephant yacht lion banana whale island village night ocean.", "2024-04-04 03:29:05");
insert into message (user_id, room_id, message_detail, created_at) values (2, 2, "Xylophone elephant banana zebra village xylophone yacht island night jungle night xylophone elephant house yacht banana cherry cherry tiger queen lion whale village jungle.", "2023-12-20 19:09:56");
insert into message (user_id, room_id, message_detail, created_at) values (2, 2, "Island elephant dog zebra grape penguin fish kangaroo monkey apple xylophone grape.", "2024-10-11 19:13:05");
insert into message (user_id, room_id, message_detail, created_at) values (2, 2, "Elephant monkey river umbrella fish ocean dog jungle monkey village umbrella apple yacht lion dog monkey ocean banana.", "2024-11-09 01:08:40");
insert into message (user_id, room_id, message_detail, created_at) values (2, 2, "Lion cherry penguin monkey night elephant queen village yacht village river queen.", "2024-05-17 15:05:37");
insert into message (user_id, room_id, message_detail, created_at) values (2, 2, "Monkey river whale yacht whale xylophone village yacht monkey penguin zebra.", "2024-01-22 07:44:18");
insert into message (user_id, room_id, message_detail, created_at) values (2, 2, "Whale night yacht village tiger lion island dog snake banana jungle yacht island river village.", "2024-12-11 10:56:25");
insert into message (user_id, room_id, message_detail, created_at) values (2, 2, "Jungle ocean ocean village tiger elephant ocean grape lion house village dog night night lion night yacht fish banana umbrella ocean elephant lion tiger whale village river.", "2024-03-19 18:12:19");
insert into message (user_id, room_id, message_detail, created_at) values (2, 2, "Umbrella tiger tiger village house yacht banana zebra ocean monkey river penguin fish lion cherry night jungle island elephant house.", "2024-11-24 14:28:06");
insert into message (user_id, room_id, message_detail, created_at) values (2, 2, "Ocean jungle cherry river umbrella grape zebra umbrella river elephant apple apple apple penguin cherry lion fish dog.", "2024-05-09 01:32:45");
insert into message (user_id, room_id, message_detail, created_at) values (2, 2, "Jungle grape banana ocean house penguin banana tiger yacht kangaroo.", "2024-06-14 05:58:56");
insert into message (user_id, room_id, message_detail, created_at) values (2, 2, "Umbrella elephant monkey village apple dog whale fish snake dog house village house kangaroo lion village monkey ocean banana dog grape house kangaroo.", "2024-05-15 18:17:39");
insert into message (user_id, room_id, message_detail, created_at) values (2, 2, "Apple monkey dog lion house grape tiger cherry penguin lion banana snake penguin umbrella fish zebra ocean house island xylophone cherry cherry.", "2024-10-09 12:27:00");
insert into message (user_id, room_id, message_detail, created_at) values (2, 2, "Ocean monkey village monkey yacht zebra dog whale house zebra apple fish tiger house penguin zebra.", "2023-12-05 03:32:38");
insert into message (user_id, room_id, message_detail, created_at) values (2, 2, "Kangaroo grape tiger cherry snake grape snake elephant ocean lion village.", "2024-08-26 03:30:31");
insert into message (user_id, room_id, message_detail, created_at) values (2, 2, "House grape house monkey penguin river village apple elephant house apple night lion night monkey river yacht monkey umbrella dog monkey kangaroo snake dog.", "2024-07-18 03:08:40");
insert into message (user_id, room_id, message_detail, created_at) values (2, 2, "Island dog dog fish grape lion zebra yacht zebra apple penguin kangaroo grape elephant tiger river night monkey house river monkey river village monkey cherry ocean jungle.", "2024-06-03 10:02:51");
insert into task (task_id,sprint_id, task_title, task_description, task_type, due_date, created_at) values (35,2, "Task no. 7", "Penguin elephant yacht grape house penguin apple lion whale tiger cherry tiger ocean monkey snake lion ocean xylophone cherry dog dog snake lion night.", "6", "2024-06-10 01:53:20", "2024-01-06 18:30:54");
insert into taskperform (task_id, user_id, created_at) values (35, 2, "2024-04-01 17:24:55");
insert into task (task_id,sprint_id, task_title, task_description, task_type, due_date, created_at) values (36,1, "Task no. 4", "Elephant banana house yacht lion cherry grape village zebra kangaroo penguin night tiger monkey village grape yacht snake yacht.", "6", "2024-08-18 20:00:18", "2024-07-24 16:55:30");
insert into taskperform (task_id, user_id, created_at) values (36, 2, "2024-10-25 06:24:03");
insert into task (task_id,sprint_id, task_title, task_description, task_type, due_date, created_at) values (37,1, "Task no. 5", "Dog umbrella house grape cherry whale banana yacht zebra island village snake fish yacht house fish night elephant house yacht night cherry umbrella xylophone fish yacht monkey.", "2", "2024-12-08 04:32:38", "2024-11-14 08:59:25");
insert into taskperform (task_id, user_id, created_at) values (37, 2, "2024-11-24 08:16:31");
insert into role (user_id, room_id, role_detail) values (8, 2, 3);
insert into message (user_id, room_id, message_detail, created_at) values (8, 2, "Kangaroo penguin snake kangaroo whale island river house umbrella cherry grape island umbrella river zebra night fish zebra tiger night ocean grape fish xylophone ocean fish jungle penguin.", "2024-04-07 14:24:11");
insert into message (user_id, room_id, message_detail, created_at) values (8, 2, "Apple zebra tiger queen night zebra banana island banana lion whale lion elephant kangaroo xylophone grape penguin yacht grape cherry xylophone yacht cherry penguin.", "2024-07-31 18:32:16");
insert into message (user_id, room_id, message_detail, created_at) values (8, 2, "Penguin dog river river jungle tiger banana whale zebra monkey elephant.", "2023-12-22 07:48:38");
insert into message (user_id, room_id, message_detail, created_at) values (8, 2, "River night kangaroo yacht kangaroo village kangaroo kangaroo kangaroo monkey lion dog zebra jungle xylophone island cherry night grape river fish.", "2023-12-07 10:36:27");
insert into task (task_id,sprint_id, task_title, task_description, task_type, due_date, created_at) values (38,4, "Task no. 6", "Penguin tiger yacht house jungle zebra ocean yacht monkey night island zebra island river river cherry whale snake umbrella yacht whale.", "3", "2024-11-17 14:17:30", "2024-10-10 15:28:57");
insert into taskperform (task_id, user_id, created_at) values (38, 8, "2024-12-14 03:37:49");
insert into task (task_id,sprint_id, task_title, task_description, task_type, due_date, created_at) values (39,5, "Task no. 11", "Penguin night snake whale tiger lion snake whale xylophone zebra banana kangaroo house snake monkey monkey xylophone kangaroo grape umbrella dog fish village yacht house banana ocean ocean island night.", "2", "2024-10-05 16:11:31", "2024-07-19 00:47:11");
insert into taskperform (task_id, user_id, created_at) values (39, 8, "2024-09-09 06:40:16");
insert into task (task_id,sprint_id, task_title, task_description, task_type, due_date, created_at) values (40,5, "Task no. 12", "Lion island yacht queen kangaroo umbrella umbrella island grape monkey village dog apple jungle yacht snake whale monkey snake cherry banana elephant yacht night village jungle apple umbrella jungle penguin.", "6", "2024-12-11 18:30:00", "2024-12-05 15:24:56");
insert into taskperform (task_id, user_id, created_at) values (40, 8, "2024-12-06 22:54:57");
insert into task (task_id,sprint_id, task_title, task_description, task_type, due_date, created_at) values (41,1, "Task no. 6", "Ocean night apple snake whale grape fish penguin lion island river apple umbrella apple grape.", "2", "2024-11-18 12:27:41", "2024-10-09 03:49:08");
insert into taskperform (task_id, user_id, created_at) values (41, 8, "2024-12-02 06:52:51");
insert into task (task_id,sprint_id, task_title, task_description, task_type, due_date, created_at) values (42,3, "Task no. 5", "Queen xylophone cherry umbrella night apple tiger queen banana xylophone zebra night xylophone elephant tiger apple queen xylophone xylophone umbrella penguin river ocean umbrella village river elephant apple house.", "5", "2024-12-11 13:37:56", "2024-07-10 19:08:51");
insert into taskperform (task_id, user_id, created_at) values (42, 8, "2024-07-27 06:27:23");
insert into task (task_id,sprint_id, task_title, task_description, task_type, due_date, created_at) values (43,3, "Task no. 6", "Cherry banana house fish night monkey cherry jungle yacht kangaroo whale lion zebra apple fish island kangaroo island elephant.", "2", "2024-11-10 02:00:52", "2024-08-17 13:53:19");
insert into taskperform (task_id, user_id, created_at) values (43, 8, "2024-11-17 20:57:58");
insert into task (task_id,sprint_id, task_title, task_description, task_type, due_date, created_at) values (44,1, "Task no. 7", "Banana lion monkey ocean grape house tiger apple island ocean night banana cherry village.", "5", "2024-06-22 03:50:20", "2024-05-22 17:17:57");
insert into taskperform (task_id, user_id, created_at) values (44, 8, "2024-11-25 22:50:04");
insert into task (task_id,sprint_id, task_title, task_description, task_type, due_date, created_at) values (45,3, "Task no. 7", "Lion river banana xylophone tiger elephant zebra house house dog whale yacht fish monkey night night xylophone banana elephant dog apple queen banana umbrella apple.", "1", "2024-10-03 10:32:07", "2024-08-20 15:26:12");
insert into taskperform (task_id, user_id, created_at) values (45, 8, "2024-10-10 00:01:34");
insert into role (user_id, room_id, role_detail) values (9, 2, 3);
insert into message (user_id, room_id, message_detail, created_at) values (9, 2, "Island tiger cherry tiger grape whale queen umbrella fish apple.", "2024-11-07 05:11:53");
insert into message (user_id, room_id, message_detail, created_at) values (9, 2, "House house penguin snake cherry lion xylophone yacht zebra dog monkey yacht umbrella banana river penguin monkey tiger river dog monkey elephant house monkey.", "2024-06-11 22:39:00");
insert into message (user_id, room_id, message_detail, created_at) values (9, 2, "Monkey house jungle umbrella jungle island dog night umbrella grape banana island village river banana snake lion night xylophone elephant island river zebra grape tiger zebra grape night.", "2024-06-12 06:45:07");
insert into message (user_id, room_id, message_detail, created_at) values (9, 2, "Ocean ocean jungle cherry apple umbrella zebra tiger zebra village yacht monkey umbrella apple dog dog dog zebra.", "2023-12-12 22:11:48");
insert into message (user_id, room_id, message_detail, created_at) values (9, 2, "Umbrella whale umbrella queen cherry village snake monkey elephant zebra grape monkey yacht fish night apple xylophone jungle apple monkey village elephant village night cherry zebra fish.", "2024-11-13 03:58:38");
insert into message (user_id, room_id, message_detail, created_at) values (9, 2, "Kangaroo dog lion house kangaroo island whale island grape grape zebra banana apple house grape house penguin banana elephant kangaroo whale apple lion grape tiger night snake apple grape.", "2024-02-04 18:23:27");
insert into message (user_id, room_id, message_detail, created_at) values (9, 2, "Banana tiger tiger tiger fish zebra lion house island apple night snake snake fish whale elephant kangaroo xylophone night lion.", "2024-06-08 10:15:54");
insert into message (user_id, room_id, message_detail, created_at) values (9, 2, "Whale monkey night fish house cherry fish island zebra kangaroo xylophone dog apple monkey river whale snake apple zebra grape penguin yacht river umbrella zebra night.", "2024-02-13 07:02:43");
insert into message (user_id, room_id, message_detail, created_at) values (9, 2, "Monkey river penguin zebra dog snake ocean river tiger river xylophone island village night yacht monkey fish river ocean yacht penguin fish grape village xylophone umbrella night umbrella umbrella jungle.", "2024-02-10 07:14:24");
insert into message (user_id, room_id, message_detail, created_at) values (9, 2, "Elephant whale night tiger zebra river village snake island fish village banana elephant whale snake umbrella apple xylophone elephant night grape lion banana jungle ocean zebra.", "2024-03-25 11:15:51");
insert into message (user_id, room_id, message_detail, created_at) values (9, 2, "Village zebra monkey penguin zebra night penguin penguin snake dog apple apple dog.", "2024-02-12 13:09:40");
insert into message (user_id, room_id, message_detail, created_at) values (9, 2, "Tiger penguin house village island whale village queen jungle ocean dog penguin queen kangaroo penguin penguin snake river umbrella zebra.", "2024-11-22 04:59:05");
insert into message (user_id, room_id, message_detail, created_at) values (9, 2, "Banana umbrella penguin tiger elephant whale river queen yacht fish elephant island zebra fish umbrella grape kangaroo xylophone kangaroo.", "2024-03-20 17:20:09");
insert into task (task_id,sprint_id, task_title, task_description, task_type, due_date, created_at) values (46,1, "Task no. 8", "Kangaroo whale umbrella apple banana monkey penguin snake grape snake xylophone.", "1", "2024-09-22 05:36:01", "2024-07-26 19:08:27");
insert into taskperform (task_id, user_id, created_at) values (46, 9, "2024-11-23 04:46:38");
insert into task (task_id,sprint_id, task_title, task_description, task_type, due_date, created_at) values (47,3, "Task no. 8", "Umbrella island zebra yacht night night snake cherry apple village elephant grape dog zebra umbrella monkey penguin queen yacht river house village apple fish.", "6", "2024-02-06 08:23:34", "2023-12-19 09:03:09");
insert into task (task_id,sprint_id, task_title, task_description, task_type, due_date, created_at) values (48,2, "Task no. 8", "Village umbrella tiger yacht river fish ocean river tiger queen house grape apple lion cherry jungle snake tiger cherry zebra penguin fish lion fish.", "6", "2024-11-05 22:12:25", "2024-09-05 03:18:07");
insert into taskperform (task_id, user_id, created_at) values (48, 9, "2024-12-02 21:14:32");
insert into task (task_id,sprint_id, task_title, task_description, task_type, due_date, created_at) values (49,6, "Task no. 7", "Jungle apple lion zebra tiger elephant snake queen snake cherry queen tiger umbrella island apple ocean ocean river apple umbrella dog zebra whale grape.", "2", "2024-01-27 10:57:52", "2024-01-09 20:30:14");
insert into taskperform (task_id, user_id, created_at) values (49, 9, "2024-08-12 02:51:48");
insert into task (task_id,sprint_id, task_title, task_description, task_type, due_date, created_at) values (50,2, "Task no. 9", "Xylophone penguin island island penguin yacht banana cherry xylophone village village night house snake banana umbrella ocean.", "3", "2024-12-05 00:24:27", "2024-10-26 00:16:49");
insert into sprint (room_id, sprint_name, created_at) values (3, "Sprint no. 1" , "2024-06-21 18:24:54");
insert into sprint (room_id, sprint_name, created_at) values (3, "Sprint no. 2" , "2024-08-29 15:22:24");
insert into sprint (room_id, sprint_name, created_at) values (3, "Sprint no. 3" , "2024-10-04 09:50:53");
insert into sprint (room_id, sprint_name, created_at) values (3, "Sprint no. 4" , "2024-10-18 17:10:33");
insert into sprint (room_id, sprint_name, created_at) values (3, "Sprint no. 5" , "2024-12-08 03:18:46");
insert into role (user_id, room_id, role_detail) values (6, 3, 1);
insert into message (user_id, room_id, message_detail, created_at) values (6, 3, "Umbrella apple dog island tiger yacht ocean cherry banana tiger monkey queen lion banana jungle island xylophone village zebra ocean lion house tiger banana queen.", "2023-12-19 13:11:27");
insert into message (user_id, room_id, message_detail, created_at) values (6, 3, "Umbrella grape penguin jungle tiger lion apple grape umbrella lion river tiger fish tiger ocean house island.", "2024-04-23 07:33:28");
insert into message (user_id, room_id, message_detail, created_at) values (6, 3, "Kangaroo village zebra kangaroo queen monkey monkey penguin monkey river cherry river grape river island river night ocean apple kangaroo dog.", "2024-06-24 01:33:20");
insert into message (user_id, room_id, message_detail, created_at) values (6, 3, "Banana zebra fish lion banana elephant river tiger monkey banana umbrella monkey zebra grape cherry penguin night xylophone zebra cherry ocean monkey penguin lion village dog dog village zebra.", "2024-07-13 23:41:19");
insert into task (task_id,sprint_id, task_title, task_description, task_type, due_date, created_at) values (51,4, "Task no. 7", "Grape dog banana dog night ocean island cherry island cherry banana village tiger elephant snake jungle ocean banana zebra whale ocean banana house xylophone river xylophone lion jungle grape.", "2", "2024-10-23 16:08:32", "2024-06-22 17:16:41");
insert into taskperform (task_id, user_id, created_at) values (51, 6, "2024-11-12 15:17:33");
insert into task (task_id,sprint_id, task_title, task_description, task_type, due_date, created_at) values (52,7, "Task no. 1", "Island house zebra ocean xylophone ocean whale penguin umbrella xylophone queen monkey xylophone jungle umbrella river lion.", "2", "2024-05-10 11:44:01", "2024-04-30 13:27:35");
insert into taskperform (task_id, user_id, created_at) values (52, 6, "2024-08-19 10:04:09");
insert into role (user_id, room_id, role_detail) values (7, 3, 3);
insert into message (user_id, room_id, message_detail, created_at) values (7, 3, "Kangaroo grape apple dog zebra dog monkey jungle zebra whale elephant night night island dog monkey kangaroo zebra village monkey elephant penguin dog monkey cherry.", "2024-10-22 17:05:26");
insert into message (user_id, room_id, message_detail, created_at) values (7, 3, "Apple snake umbrella ocean house penguin tiger dog apple house dog fish cherry banana yacht whale xylophone elephant whale zebra house cherry kangaroo whale river fish river banana kangaroo.", "2024-04-05 07:02:49");
insert into message (user_id, room_id, message_detail, created_at) values (7, 3, "Monkey zebra lion snake ocean monkey cherry tiger queen fish monkey queen island banana fish house lion elephant village grape lion river banana river snake elephant xylophone snake yacht.", "2024-07-31 19:55:22");
insert into message (user_id, room_id, message_detail, created_at) values (7, 3, "Snake cherry yacht night jungle zebra dog ocean night kangaroo zebra apple dog queen fish fish banana village umbrella elephant house xylophone village house lion jungle snake grape monkey.", "2023-12-25 08:45:01");
insert into message (user_id, room_id, message_detail, created_at) values (7, 3, "Xylophone apple cherry yacht kangaroo river lion ocean night penguin zebra grape house.", "2024-06-28 00:09:36");
insert into message (user_id, room_id, message_detail, created_at) values (7, 3, "Village cherry umbrella elephant night lion cherry island penguin xylophone monkey house kangaroo cherry island banana dog xylophone island jungle cherry cherry whale lion xylophone apple jungle.", "2024-09-04 12:20:07");
insert into message (user_id, room_id, message_detail, created_at) values (7, 3, "Village cherry kangaroo house umbrella zebra apple lion village house queen banana ocean dog tiger ocean dog xylophone river jungle house jungle elephant fish.", "2024-05-21 07:42:23");
insert into message (user_id, room_id, message_detail, created_at) values (7, 3, "Kangaroo night penguin yacht queen fish xylophone snake village grape xylophone zebra penguin tiger island village cherry zebra queen queen queen river jungle umbrella banana elephant.", "2023-12-23 11:55:43");
insert into message (user_id, room_id, message_detail, created_at) values (7, 3, "Island apple queen ocean village house house grape xylophone river kangaroo tiger night ocean river night dog village elephant cherry zebra house banana snake banana jungle elephant.", "2024-10-26 18:17:42");
insert into message (user_id, room_id, message_detail, created_at) values (7, 3, "Apple ocean cherry cherry penguin cherry ocean night river tiger whale river ocean lion whale grape monkey kangaroo dog fish monkey queen monkey.", "2024-02-13 13:03:02");
insert into message (user_id, room_id, message_detail, created_at) values (7, 3, "Yacht whale xylophone river yacht river monkey ocean cherry tiger kangaroo xylophone elephant elephant umbrella tiger house island island cherry fish night.", "2024-12-02 05:54:29");
insert into message (user_id, room_id, message_detail, created_at) values (7, 3, "Tiger elephant village whale grape umbrella grape queen village river island elephant snake village umbrella night lion zebra dog river night monkey xylophone.", "2024-07-27 10:32:43");
insert into task (task_id,sprint_id, task_title, task_description, task_type, due_date, created_at) values (53,11, "Task no. 1", "Penguin umbrella snake xylophone river penguin village lion queen apple tiger snake.", "4", "2024-11-11 23:46:30", "2024-05-29 16:16:26");
insert into taskperform (task_id, user_id, created_at) values (53, 7, "2024-07-19 14:07:18");
insert into task (task_id,sprint_id, task_title, task_description, task_type, due_date, created_at) values (54,8, "Task no. 1", "Jungle banana village island lion fish umbrella whale elephant dog cherry lion village monkey grape monkey apple whale jungle xylophone queen whale cherry queen elephant umbrella.", "3", "2024-11-18 06:22:53", "2024-06-12 07:40:00");
insert into taskperform (task_id, user_id, created_at) values (54, 7, "2024-10-19 02:10:12");
insert into task (task_id,sprint_id, task_title, task_description, task_type, due_date, created_at) values (55,6, "Task no. 8", "Kangaroo elephant night cherry grape jungle xylophone grape night queen kangaroo house tiger ocean village banana apple zebra island banana river whale xylophone jungle.", "1", "2024-12-14 11:55:58", "2024-09-28 04:18:20");
insert into task (task_id,sprint_id, task_title, task_description, task_type, due_date, created_at) values (56,5, "Task no. 13", "Elephant snake umbrella whale lion elephant house house elephant lion night house dog night monkey yacht cherry dog island dog jungle monkey fish xylophone.", "6", "2024-11-25 04:39:10", "2024-10-19 18:21:32");
insert into taskperform (task_id, user_id, created_at) values (56, 7, "2024-11-16 17:39:47");
insert into task (task_id,sprint_id, task_title, task_description, task_type, due_date, created_at) values (57,2, "Task no. 10", "Penguin monkey snake umbrella snake kangaroo whale house queen ocean.", "2", "2024-11-10 01:59:32", "2024-11-04 20:32:12");
insert into taskperform (task_id, user_id, created_at) values (57, 7, "2024-12-09 13:26:21");
insert into task (task_id,sprint_id, task_title, task_description, task_type, due_date, created_at) values (58,9, "Task no. 1", "Penguin dog zebra yacht ocean cherry penguin zebra ocean dog fish elephant penguin xylophone night xylophone cherry penguin island umbrella island tiger night river grape zebra river fish village.", "1", "2024-11-07 22:00:59", "2024-10-07 07:09:03");
insert into taskperform (task_id, user_id, created_at) values (58, 7, "2024-10-27 10:46:17");
insert into task (task_id,sprint_id, task_title, task_description, task_type, due_date, created_at) values (59,2, "Task no. 11", "Zebra monkey cherry jungle elephant river village banana house jungle xylophone fish night tiger zebra umbrella penguin dog.", "6", "2024-12-01 11:46:42", "2024-11-28 17:18:21");
insert into taskperform (task_id, user_id, created_at) values (59, 7, "2024-11-28 20:43:04");
insert into task (task_id,sprint_id, task_title, task_description, task_type, due_date, created_at) values (60,6, "Task no. 9", "Fish tiger island cherry snake zebra island dog umbrella dog zebra apple banana whale lion grape night dog house banana apple banana lion grape fish village queen.", "2", "2024-05-05 01:36:08", "2024-03-31 00:54:02");
insert into taskperform (task_id, user_id, created_at) values (60, 7, "2024-08-01 03:15:48");
insert into role (user_id, room_id, role_detail) values (4, 3, 2);
insert into message (user_id, room_id, message_detail, created_at) values (4, 3, "Fish dog jungle snake lion xylophone fish whale banana umbrella penguin whale night yacht umbrella night house kangaroo snake zebra umbrella elephant yacht penguin elephant monkey whale cherry cherry night.", "2024-12-14 19:35:54");
insert into task (task_id,sprint_id, task_title, task_description, task_type, due_date, created_at) values (61,2, "Task no. 12", "House banana penguin lion snake cherry night xylophone kangaroo umbrella river yacht monkey monkey queen elephant penguin banana dog elephant banana.", "1", "2024-12-01 04:19:58", "2024-11-24 12:56:05");
insert into taskperform (task_id, user_id, created_at) values (61, 4, "2024-12-01 20:33:47");
insert into task (task_id,sprint_id, task_title, task_description, task_type, due_date, created_at) values (62,10, "Task no. 1", "Zebra kangaroo river cherry river yacht umbrella house snake house penguin queen kangaroo.", "6", "2024-09-15 13:43:02", "2023-12-08 02:12:19");
insert into taskperform (task_id, user_id, created_at) values (62, 4, "2023-12-25 21:26:50");
insert into task (task_id,sprint_id, task_title, task_description, task_type, due_date, created_at) values (63,6, "Task no. 10", "Ocean jungle cherry zebra whale xylophone ocean dog tiger kangaroo banana whale queen queen house monkey monkey island river zebra umbrella.", "6", "2024-12-12 20:10:43", "2024-12-06 15:27:47");
insert into taskperform (task_id, user_id, created_at) values (63, 4, "2024-12-09 07:01:44");
insert into task (task_id,sprint_id, task_title, task_description, task_type, due_date, created_at) values (64,5, "Task no. 14", "Apple zebra night jungle apple zebra kangaroo queen kangaroo tiger tiger tiger whale night cherry zebra island river monkey queen penguin village whale umbrella tiger house whale kangaroo village.", "3", "2024-10-18 14:50:04", "2024-06-26 16:02:41");
insert into taskperform (task_id, user_id, created_at) values (64, 4, "2024-08-26 16:50:22");
insert into task (task_id,sprint_id, task_title, task_description, task_type, due_date, created_at) values (65,8, "Task no. 2", "Apple cherry fish tiger tiger grape zebra river night lion zebra apple snake village snake zebra elephant night snake umbrella river lion cherry.", "3", "2024-12-12 07:05:41", "2024-05-22 18:32:56");
insert into taskperform (task_id, user_id, created_at) values (65, 4, "2024-10-07 18:25:54");
insert into task (task_id,sprint_id, task_title, task_description, task_type, due_date, created_at) values (66,11, "Task no. 2", "Snake snake whale fish dog river kangaroo jungle river village tiger elephant monkey.", "2", "2024-11-13 23:30:30", "2024-11-13 11:05:53");
insert into taskperform (task_id, user_id, created_at) values (66, 4, "2024-12-01 09:44:48");
insert into task (task_id,sprint_id, task_title, task_description, task_type, due_date, created_at) values (67,3, "Task no. 9", "Cherry queen island queen banana umbrella dog night umbrella fish banana river elephant banana monkey jungle jungle.", "2", "2024-05-03 18:12:52", "2024-03-18 21:05:13");
insert into taskperform (task_id, user_id, created_at) values (67, 4, "2024-07-13 18:59:15");
insert into task (task_id,sprint_id, task_title, task_description, task_type, due_date, created_at) values (68,2, "Task no. 13", "Cherry island xylophone banana zebra river cherry zebra kangaroo jungle river house kangaroo umbrella night apple banana snake tiger queen cherry.", "2", "2024-12-11 16:57:38", "2024-11-26 11:17:38");
insert into taskperform (task_id, user_id, created_at) values (68, 4, "2024-12-03 15:27:23");
insert into task (task_id,sprint_id, task_title, task_description, task_type, due_date, created_at) values (69,10, "Task no. 2", "Grape queen zebra monkey queen grape apple fish village village monkey monkey cherry lion cherry night jungle queen monkey yacht lion night fish kangaroo river monkey ocean dog island grape.", "6", "2024-06-26 02:30:50", "2024-01-26 20:18:35");
insert into task (task_id,sprint_id, task_title, task_description, task_type, due_date, created_at) values (70,2, "Task no. 14", "Snake xylophone zebra monkey umbrella island lion island lion whale.", "4", "2024-09-20 20:37:58", "2024-08-19 05:22:44");
insert into taskperform (task_id, user_id, created_at) values (70, 4, "2024-09-07 22:19:26");
insert into role (user_id, room_id, role_detail) values (3, 3, 3);
insert into message (user_id, room_id, message_detail, created_at) values (3, 3, "Queen grape lion queen house jungle jungle ocean elephant jungle yacht ocean cherry jungle queen snake elephant banana queen dog cherry village house village monkey monkey penguin fish village.", "2024-09-16 18:53:00");
insert into message (user_id, room_id, message_detail, created_at) values (3, 3, "Monkey island river banana monkey apple fish umbrella dog dog kangaroo house dog penguin whale island umbrella kangaroo queen jungle penguin fish penguin yacht.", "2024-03-19 01:37:21");
insert into message (user_id, room_id, message_detail, created_at) values (3, 3, "Ocean cherry dog penguin elephant fish island village cherry penguin house house dog.", "2024-03-01 04:07:15");
insert into message (user_id, room_id, message_detail, created_at) values (3, 3, "River tiger snake tiger fish cherry lion zebra yacht yacht tiger fish umbrella xylophone snake banana jungle village penguin yacht monkey.", "2023-12-15 03:14:14");
insert into message (user_id, room_id, message_detail, created_at) values (3, 3, "Island kangaroo banana banana river penguin night lion jungle whale tiger fish elephant grape grape xylophone.", "2024-04-05 00:57:13");
insert into message (user_id, room_id, message_detail, created_at) values (3, 3, "Jungle tiger elephant house snake kangaroo penguin lion snake fish kangaroo island tiger tiger dog dog cherry zebra umbrella umbrella elephant grape fish night yacht umbrella jungle cherry lion.", "2024-03-25 12:02:27");
insert into message (user_id, room_id, message_detail, created_at) values (3, 3, "River river tiger village house house snake yacht tiger river house elephant banana snake monkey village elephant village lion.", "2023-12-18 05:11:12");
insert into message (user_id, room_id, message_detail, created_at) values (3, 3, "Dog snake village whale grape queen island penguin elephant village night umbrella banana snake penguin.", "2024-12-13 16:27:42");
insert into message (user_id, room_id, message_detail, created_at) values (3, 3, "Kangaroo dog ocean jungle river banana fish elephant banana lion house night umbrella fish monkey.", "2024-11-01 05:51:33");
insert into message (user_id, room_id, message_detail, created_at) values (3, 3, "Grape xylophone grape elephant river umbrella xylophone queen grape lion penguin ocean whale jungle island village xylophone lion island zebra lion grape ocean.", "2024-06-09 07:09:19");
insert into message (user_id, room_id, message_detail, created_at) values (3, 3, "Dog monkey kangaroo house snake cherry dog snake island ocean zebra cherry.", "2024-08-05 10:02:43");
insert into message (user_id, room_id, message_detail, created_at) values (3, 3, "Zebra umbrella night jungle lion river cherry river ocean umbrella jungle yacht ocean zebra umbrella umbrella apple grape night village village grape tiger elephant penguin lion apple night ocean.", "2024-09-18 00:35:10");
insert into message (user_id, room_id, message_detail, created_at) values (3, 3, "Night xylophone elephant grape snake island snake xylophone tiger zebra jungle dog island night tiger penguin cherry fish island queen ocean fish.", "2024-05-26 22:20:08");
insert into message (user_id, room_id, message_detail, created_at) values (3, 3, "Umbrella tiger yacht umbrella island umbrella jungle village tiger zebra umbrella whale.", "2024-09-10 09:18:37");
insert into message (user_id, room_id, message_detail, created_at) values (3, 3, "Whale kangaroo whale village ocean island whale village cherry dog queen cherry.", "2024-10-12 13:42:32");
insert into message (user_id, room_id, message_detail, created_at) values (3, 3, "Night monkey elephant penguin house house zebra banana queen zebra house apple village jungle apple house elephant queen yacht jungle monkey island dog lion.", "2024-08-23 06:03:57");
insert into message (user_id, room_id, message_detail, created_at) values (3, 3, "Cherry queen grape night whale dog penguin lion island apple village lion snake elephant village umbrella.", "2024-10-17 10:15:41");
insert into message (user_id, room_id, message_detail, created_at) values (3, 3, "Fish elephant umbrella monkey whale grape umbrella fish jungle yacht jungle jungle.", "2024-04-25 14:30:24");
insert into message (user_id, room_id, message_detail, created_at) values (3, 3, "Banana umbrella penguin island jungle penguin zebra zebra ocean monkey banana kangaroo apple jungle grape banana island lion dog.", "2024-04-24 02:09:16");
insert into message (user_id, room_id, message_detail, created_at) values (3, 3, "Night banana banana island monkey river ocean tiger whale elephant queen queen river kangaroo whale river dog grape fish lion snake dog umbrella fish dog house.", "2024-04-25 04:05:27");
insert into task (task_id,sprint_id, task_title, task_description, task_type, due_date, created_at) values (71,2, "Task no. 15", "Monkey penguin jungle monkey xylophone zebra xylophone lion yacht dog whale jungle queen yacht house xylophone xylophone jungle xylophone xylophone xylophone dog banana umbrella elephant banana xylophone jungle penguin apple.", "6", "2024-11-25 05:54:55", "2024-10-31 20:12:44");
insert into taskperform (task_id, user_id, created_at) values (71, 3, "2024-12-05 21:00:57");
insert into task (task_id,sprint_id, task_title, task_description, task_type, due_date, created_at) values (72,6, "Task no. 11", "Ocean umbrella village whale penguin jungle dog dog island house river yacht xylophone apple whale jungle snake fish ocean jungle.", "1", "2024-06-30 01:39:42", "2024-03-12 09:02:48");
insert into taskperform (task_id, user_id, created_at) values (72, 3, "2024-07-11 00:51:08");
insert into task (task_id,sprint_id, task_title, task_description, task_type, due_date, created_at) values (73,5, "Task no. 15", "Lion jungle snake umbrella grape snake jungle kangaroo house penguin lion.", "3", "2024-11-18 15:31:53", "2024-11-04 17:03:08");
insert into taskperform (task_id, user_id, created_at) values (73, 3, "2024-11-20 09:19:02");
insert into task (task_id,sprint_id, task_title, task_description, task_type, due_date, created_at) values (74,8, "Task no. 3", "Fish island village kangaroo kangaroo ocean apple village elephant river river queen kangaroo ocean snake dog yacht house apple island xylophone.", "4", "2024-09-28 23:06:29", "2024-05-17 14:46:01");
insert into task (task_id,sprint_id, task_title, task_description, task_type, due_date, created_at) values (75,7, "Task no. 2", "Xylophone zebra island monkey tiger zebra grape village banana dog apple queen river apple xylophone queen cherry tiger village xylophone yacht cherry night.", "4", "2024-11-06 21:35:25", "2024-10-10 00:28:44");
insert into taskperform (task_id, user_id, created_at) values (75, 3, "2024-12-08 20:24:32");
insert into task (task_id,sprint_id, task_title, task_description, task_type, due_date, created_at) values (76,2, "Task no. 16", "Whale monkey ocean cherry grape river banana whale queen village dog cherry grape house fish kangaroo dog zebra village grape tiger penguin.", "5", "2024-11-14 06:23:02", "2024-06-15 09:26:56");
insert into taskperform (task_id, user_id, created_at) values (76, 3, "2024-09-03 07:17:08");
insert into task (task_id,sprint_id, task_title, task_description, task_type, due_date, created_at) values (77,2, "Task no. 17", "Dog cherry penguin ocean fish river yacht kangaroo ocean whale lion jungle grape xylophone river island penguin village fish xylophone dog yacht lion jungle snake apple yacht.", "6", "2024-05-15 02:09:53", "2024-02-10 14:26:31");
insert into task (task_id,sprint_id, task_title, task_description, task_type, due_date, created_at) values (78,5, "Task no. 16", "Grape river yacht apple kangaroo queen river banana xylophone yacht river queen.", "4", "2024-11-12 15:13:49", "2024-10-19 07:05:59");
insert into taskperform (task_id, user_id, created_at) values (78, 3, "2024-11-02 00:51:55");
insert into task (task_id,sprint_id, task_title, task_description, task_type, due_date, created_at) values (79,2, "Task no. 18", "Umbrella monkey jungle yacht banana island umbrella lion monkey jungle whale lion grape jungle tiger ocean cherry apple grape.", "2", "2024-11-18 15:04:47", "2024-10-23 03:35:42");
insert into taskperform (task_id, user_id, created_at) values (79, 3, "2024-11-23 23:44:50");
insert into task (task_id,sprint_id, task_title, task_description, task_type, due_date, created_at) values (80,4, "Task no. 8", "Dog umbrella tiger river monkey penguin river grape monkey zebra banana zebra river.", "6", "2024-08-08 02:33:10", "2024-03-30 14:53:44");
insert into taskperform (task_id, user_id, created_at) values (80, 3, "2024-11-25 08:07:39");
insert into role (user_id, room_id, role_detail) values (5, 3, 3);
insert into message (user_id, room_id, message_detail, created_at) values (5, 3, "Banana kangaroo queen night snake snake fish fish lion grape penguin jungle jungle night jungle whale queen apple cherry.", "2024-08-30 03:54:47");
insert into message (user_id, room_id, message_detail, created_at) values (5, 3, "Jungle penguin yacht night kangaroo house apple queen village penguin river village queen zebra ocean whale dog fish cherry queen fish.", "2024-11-24 16:37:52");
insert into message (user_id, room_id, message_detail, created_at) values (5, 3, "Fish lion fish snake xylophone fish elephant river umbrella grape river night xylophone village penguin apple umbrella elephant village snake.", "2024-02-08 05:02:57");
insert into task (task_id,sprint_id, task_title, task_description, task_type, due_date, created_at) values (81,3, "Task no. 10", "Fish apple night lion house zebra fish night umbrella penguin monkey banana zebra river xylophone umbrella snake village banana house fish.", "4", "2024-03-28 15:18:57", "2024-02-07 06:51:57");
insert into role (user_id, room_id, role_detail) values (1, 3, 2);
insert into message (user_id, room_id, message_detail, created_at) values (1, 3, "Fish snake night lion xylophone snake dog whale monkey xylophone ocean river village ocean zebra.", "2024-07-24 11:38:41");
insert into message (user_id, room_id, message_detail, created_at) values (1, 3, "Ocean umbrella island elephant snake ocean penguin xylophone jungle river grape kangaroo banana snake snake apple banana ocean lion whale cherry cherry queen monkey.", "2024-01-29 12:23:08");
insert into message (user_id, room_id, message_detail, created_at) values (1, 3, "Umbrella whale monkey queen banana dog jungle whale yacht whale river lion kangaroo yacht penguin.", "2024-01-11 15:41:34");
insert into message (user_id, room_id, message_detail, created_at) values (1, 3, "Kangaroo xylophone queen kangaroo ocean whale fish umbrella kangaroo monkey cherry cherry monkey yacht jungle.", "2023-12-11 14:00:09");
insert into message (user_id, room_id, message_detail, created_at) values (1, 3, "Queen apple house night snake yacht lion umbrella snake snake.", "2024-08-24 15:09:53");
insert into message (user_id, room_id, message_detail, created_at) values (1, 3, "Yacht dog zebra ocean island penguin whale island elephant queen snake river zebra xylophone ocean cherry grape umbrella umbrella penguin house grape island zebra elephant yacht night umbrella monkey.", "2024-08-06 16:39:07");
insert into message (user_id, room_id, message_detail, created_at) values (1, 3, "Penguin grape kangaroo kangaroo grape dog jungle penguin banana tiger apple lion monkey kangaroo whale.", "2024-02-07 14:49:53");
insert into message (user_id, room_id, message_detail, created_at) values (1, 3, "Cherry monkey grape monkey grape monkey umbrella dog apple umbrella penguin jungle house cherry whale xylophone queen apple cherry fish.", "2024-02-06 18:09:42");
insert into message (user_id, room_id, message_detail, created_at) values (1, 3, "Xylophone grape penguin queen kangaroo fish queen river fish fish cherry zebra ocean.", "2024-10-15 13:00:20");
insert into message (user_id, room_id, message_detail, created_at) values (1, 3, "Village ocean house kangaroo village xylophone penguin yacht island zebra apple grape island whale night grape island jungle penguin apple village river tiger whale apple apple.", "2024-07-13 02:11:41");
insert into message (user_id, room_id, message_detail, created_at) values (1, 3, "Grape jungle zebra snake tiger umbrella kangaroo island fish yacht cherry snake.", "2024-03-25 10:56:38");
insert into message (user_id, room_id, message_detail, created_at) values (1, 3, "Zebra house monkey lion jungle fish ocean jungle island xylophone umbrella apple village banana banana grape zebra jungle penguin river night cherry jungle yacht apple.", "2024-05-17 23:40:09");
insert into message (user_id, room_id, message_detail, created_at) values (1, 3, "Penguin whale umbrella umbrella village tiger zebra lion cherry island yacht whale kangaroo snake night.", "2024-04-10 18:40:36");
insert into task (task_id,sprint_id, task_title, task_description, task_type, due_date, created_at) values (82,2, "Task no. 19", "Monkey xylophone ocean penguin whale snake whale cherry night kangaroo house monkey river jungle house whale queen fish fish whale ocean banana.", "6", "2024-11-05 06:15:18", "2024-07-23 12:26:59");
insert into taskperform (task_id, user_id, created_at) values (82, 1, "2024-11-06 11:12:39");
insert into task (task_id,sprint_id, task_title, task_description, task_type, due_date, created_at) values (83,1, "Task no. 9", "Village night elephant xylophone banana dog elephant elephant banana whale queen island penguin night jungle penguin.", "6", "2024-10-26 22:10:28", "2024-02-12 07:48:23");
insert into task (task_id,sprint_id, task_title, task_description, task_type, due_date, created_at) values (84,10, "Task no. 3", "Village tiger whale lion whale banana lion yacht apple monkey yacht fish whale xylophone cherry.", "2", "2024-09-09 03:50:48", "2024-05-13 08:09:03");
insert into taskperform (task_id, user_id, created_at) values (84, 1, "2024-10-13 04:39:27");
insert into task (task_id,sprint_id, task_title, task_description, task_type, due_date, created_at) values (85,9, "Task no. 2", "House dog whale monkey lion lion snake grape village banana grape xylophone umbrella queen dog elephant lion fish monkey kangaroo penguin tiger river river umbrella.", "3", "2024-06-07 13:53:15", "2024-05-14 14:20:47");
insert into taskperform (task_id, user_id, created_at) values (85, 1, "2024-07-29 06:12:37");
insert into task (task_id,sprint_id, task_title, task_description, task_type, due_date, created_at) values (86,2, "Task no. 20", "Night kangaroo xylophone penguin kangaroo tiger zebra fish grape house snake island river jungle village kangaroo cherry river zebra yacht ocean.", "3", "2024-12-08 13:27:18", "2024-07-14 13:07:34");
insert into taskperform (task_id, user_id, created_at) values (86, 1, "2024-08-02 03:48:51");
insert into task (task_id,sprint_id, task_title, task_description, task_type, due_date, created_at) values (87,2, "Task no. 21", "Monkey yacht yacht zebra yacht umbrella tiger lion xylophone fish grape house apple yacht tiger house banana fish monkey house queen monkey lion jungle island zebra river dog grape queen.", "5", "2024-11-10 18:47:58", "2024-07-30 07:12:43");
insert into taskperform (task_id, user_id, created_at) values (87, 1, "2024-09-10 07:57:45");
insert into task (task_id,sprint_id, task_title, task_description, task_type, due_date, created_at) values (88,5, "Task no. 17", "Tiger monkey monkey banana dog cherry night banana night grape fish yacht snake ocean village kangaroo village kangaroo monkey penguin kangaroo yacht monkey grape cherry kangaroo.", "5", "2024-11-09 00:37:08", "2024-07-25 12:01:24");
insert into taskperform (task_id, user_id, created_at) values (88, 1, "2024-07-28 19:55:36");
insert into task (task_id,sprint_id, task_title, task_description, task_type, due_date, created_at) values (89,1, "Task no. 10", "Penguin banana cherry cherry yacht banana ocean grape xylophone kangaroo xylophone grape whale banana kangaroo ocean cherry house ocean kangaroo lion grape xylophone cherry xylophone fish.", "5", "2024-12-12 03:24:40", "2024-11-10 10:23:28");
insert into taskperform (task_id, user_id, created_at) values (89, 1, "2024-11-21 17:06:08");
insert into task (task_id,sprint_id, task_title, task_description, task_type, due_date, created_at) values (90,3, "Task no. 11", "Snake grape whale umbrella xylophone apple river queen apple lion queen penguin zebra snake queen zebra.", "2", "2024-11-19 21:50:51", "2024-03-15 05:45:41");
insert into taskperform (task_id, user_id, created_at) values (90, 1, "2024-08-06 18:59:33");
insert into role (user_id, room_id, role_detail) values (9, 3, 2);
insert into message (user_id, room_id, message_detail, created_at) values (9, 3, "River cherry kangaroo village snake cherry river river banana xylophone umbrella tiger jungle lion apple grape zebra apple cherry whale.", "2024-10-02 14:39:51");
insert into task (task_id,sprint_id, task_title, task_description, task_type, due_date, created_at) values (91,3, "Task no. 12", "Whale kangaroo elephant night fish ocean village snake lion banana kangaroo lion umbrella penguin.", "5", "2024-03-28 02:47:42", "2024-03-20 01:56:28");
insert into taskperform (task_id, user_id, created_at) values (91, 9, "2024-06-10 08:56:11");
insert into task (task_id,sprint_id, task_title, task_description, task_type, due_date, created_at) values (92,3, "Task no. 13", "Cherry penguin xylophone fish dog island queen night tiger monkey.", "2", "2024-09-13 18:33:57", "2024-01-07 01:45:19");
insert into task (task_id,sprint_id, task_title, task_description, task_type, due_date, created_at) values (93,1, "Task no. 11", "Xylophone river village island elephant tiger lion whale umbrella banana lion lion zebra jungle grape village fish whale whale dog house.", "1", "2024-08-26 02:48:18", "2024-02-04 14:57:48");
insert into taskperform (task_id, user_id, created_at) values (93, 9, "2024-02-28 07:07:13");
insert into task (task_id,sprint_id, task_title, task_description, task_type, due_date, created_at) values (94,9, "Task no. 3", "Village monkey apple zebra jungle kangaroo cherry apple elephant apple night river elephant kangaroo.", "5", "2024-03-13 14:45:17", "2024-01-21 01:19:52");
insert into taskperform (task_id, user_id, created_at) values (94, 9, "2024-04-01 15:26:23");
insert into task (task_id,sprint_id, task_title, task_description, task_type, due_date, created_at) values (95,2, "Task no. 22", "Banana grape fish fish snake elephant queen xylophone dog kangaroo kangaroo whale lion jungle banana fish kangaroo.", "5", "2024-06-15 06:46:42", "2024-04-08 00:45:52");
insert into sprint (room_id, sprint_name, created_at) values (4, "Sprint no. 1" , "2024-11-22 18:18:59");
insert into sprint (room_id, sprint_name, created_at) values (4, "Sprint no. 2" , "2024-11-26 20:39:32");
insert into sprint (room_id, sprint_name, created_at) values (4, "Sprint no. 3" , "2024-12-11 02:23:50");
insert into sprint (room_id, sprint_name, created_at) values (4, "Sprint no. 4" , "2024-12-14 03:33:28");
insert into sprint (room_id, sprint_name, created_at) values (4, "Sprint no. 5" , "2024-12-14 23:59:10");
insert into sprint (room_id, sprint_name, created_at) values (4, "Sprint no. 6" , "2024-12-14 23:59:36");
insert into role (user_id, room_id, role_detail) values (4, 4, 1);
insert into task (task_id,sprint_id, task_title, task_description, task_type, due_date, created_at) values (96,14, "Task no. 1", "Monkey cherry jungle monkey grape whale house whale umbrella snake zebra snake river.", "3", "2024-06-08 09:12:38", "2024-03-16 15:33:10");
insert into taskperform (task_id, user_id, created_at) values (96, 4, "2024-11-29 21:25:47");
insert into task (task_id,sprint_id, task_title, task_description, task_type, due_date, created_at) values (97,4, "Task no. 9", "Yacht banana night tiger grape ocean night zebra night elephant.", "1", "2024-12-03 11:25:48", "2024-11-25 06:02:20");
insert into task (task_id,sprint_id, task_title, task_description, task_type, due_date, created_at) values (98,3, "Task no. 14", "Yacht whale zebra snake cherry penguin fish banana snake island ocean apple island monkey elephant village banana river.", "3", "2024-06-28 12:48:30", "2024-03-14 00:44:23");
insert into task (task_id,sprint_id, task_title, task_description, task_type, due_date, created_at) values (99,1, "Task no. 12", "House kangaroo island snake night umbrella zebra elephant whale river queen grape xylophone house umbrella tiger monkey snake tiger.", "6", "2024-11-01 18:19:00", "2024-08-10 21:04:11");
insert into taskperform (task_id, user_id, created_at) values (99, 4, "2024-09-16 16:01:39");
insert into task (task_id,sprint_id, task_title, task_description, task_type, due_date, created_at) values (100,14, "Task no. 2", "Elephant fish grape queen grape penguin queen dog whale lion island kangaroo kangaroo jungle xylophone cherry dog island snake.", "3", "2024-11-07 13:55:50", "2024-11-01 19:52:32");
insert into taskperform (task_id, user_id, created_at) values (100, 4, "2024-11-25 03:09:48");
insert into task (task_id,sprint_id, task_title, task_description, task_type, due_date, created_at) values (101,17, "Task no. 1", "Umbrella banana kangaroo cherry cherry jungle jungle penguin tiger zebra fish yacht monkey kangaroo banana grape snake kangaroo grape fish monkey tiger fish monkey lion river ocean.", "3", "2023-12-10 07:07:34", "2023-12-08 09:30:28");
insert into taskperform (task_id, user_id, created_at) values (101, 4, "2024-10-25 00:25:15");
insert into task (task_id,sprint_id, task_title, task_description, task_type, due_date, created_at) values (102,7, "Task no. 3", "Ocean penguin village fish yacht fish dog house umbrella whale dog zebra monkey island zebra jungle whale apple night grape penguin cherry whale ocean fish.", "1", "2024-09-25 04:32:06", "2024-09-05 09:49:03");
insert into taskperform (task_id, user_id, created_at) values (102, 4, "2024-09-18 09:45:11");
insert into task (task_id,sprint_id, task_title, task_description, task_type, due_date, created_at) values (103,4, "Task no. 10", "Umbrella snake cherry zebra house apple island whale whale whale night whale village penguin lion banana jungle jungle whale zebra snake whale fish kangaroo island ocean apple.", "1", "2024-07-22 21:38:31", "2024-04-27 23:17:32");
insert into role (user_id, room_id, role_detail) values (1, 4, 2);
insert into message (user_id, room_id, message_detail, created_at) values (1, 4, "Dog queen fish ocean ocean monkey queen river banana zebra night jungle river.", "2024-08-09 09:13:42");
insert into message (user_id, room_id, message_detail, created_at) values (1, 4, "River fish monkey apple jungle house yacht house cherry house dog whale kangaroo house island grape yacht house snake village lion snake river.", "2024-05-22 22:18:33");
insert into message (user_id, room_id, message_detail, created_at) values (1, 4, "Elephant banana grape queen elephant grape lion yacht dog island island grape snake house grape elephant lion house yacht.", "2024-07-30 12:18:14");
insert into message (user_id, room_id, message_detail, created_at) values (1, 4, "Xylophone monkey tiger ocean lion village snake fish island jungle elephant jungle yacht cherry banana village queen yacht zebra snake snake river monkey island.", "2024-12-09 19:57:23");
insert into message (user_id, room_id, message_detail, created_at) values (1, 4, "Tiger dog dog yacht elephant ocean river jungle ocean umbrella dog house dog banana fish tiger yacht penguin whale zebra elephant xylophone house tiger lion kangaroo dog island apple.", "2024-06-20 09:20:05");
insert into message (user_id, room_id, message_detail, created_at) values (1, 4, "Ocean kangaroo banana snake island fish tiger banana elephant snake island yacht xylophone banana kangaroo queen snake cherry house whale lion night.", "2023-12-28 14:50:19");
insert into message (user_id, room_id, message_detail, created_at) values (1, 4, "Penguin snake umbrella island cherry elephant river elephant apple umbrella night tiger village cherry apple fish fish snake house lion island queen banana.", "2024-09-07 12:56:18");
insert into task (task_id,sprint_id, task_title, task_description, task_type, due_date, created_at) values (104,13, "Task no. 1", "Night apple river dog xylophone elephant whale kangaroo xylophone monkey river cherry kangaroo zebra zebra snake zebra penguin jungle elephant elephant fish monkey snake xylophone.", "6", "2024-10-18 16:51:11", "2024-01-10 11:09:11");
insert into taskperform (task_id, user_id, created_at) values (104, 1, "2024-03-12 21:23:49");
insert into task (task_id,sprint_id, task_title, task_description, task_type, due_date, created_at) values (105,14, "Task no. 3", "Kangaroo island dog whale banana ocean yacht village village xylophone village tiger dog queen elephant cherry night tiger house elephant lion whale cherry island kangaroo ocean banana cherry umbrella.", "2", "2024-12-09 08:03:55", "2024-12-04 00:42:52");
insert into role (user_id, room_id, role_detail) values (5, 5, 1);
insert into message (user_id, room_id, message_detail, created_at) values (5, 5, "Fish night lion dog village ocean queen monkey cherry zebra jungle.", "2024-08-07 13:20:47");
insert into message (user_id, room_id, message_detail, created_at) values (5, 5, "Island dog yacht jungle village xylophone apple elephant village whale village village cherry lion ocean kangaroo elephant zebra.", "2024-06-22 16:09:45");
insert into message (user_id, room_id, message_detail, created_at) values (5, 5, "Yacht tiger lion island grape snake xylophone ocean yacht house cherry lion island jungle tiger fish queen.", "2024-05-30 01:37:17");
insert into message (user_id, room_id, message_detail, created_at) values (5, 5, "Village apple penguin apple elephant jungle island dog queen xylophone ocean cherry jungle cherry ocean ocean dog dog kangaroo apple xylophone queen fish fish penguin elephant.", "2024-12-09 20:37:25");
insert into message (user_id, room_id, message_detail, created_at) values (5, 5, "Fish tiger house cherry river dog jungle grape dog umbrella grape apple house village dog monkey ocean umbrella village river.", "2024-06-10 13:00:22");
insert into message (user_id, room_id, message_detail, created_at) values (5, 5, "Snake penguin yacht river queen queen kangaroo house ocean whale fish.", "2024-08-30 11:21:42");
insert into message (user_id, room_id, message_detail, created_at) values (5, 5, "Cherry ocean queen snake dog island house elephant tiger queen zebra lion banana monkey queen fish zebra zebra ocean banana monkey river monkey umbrella ocean lion.", "2024-09-30 08:07:44");
insert into message (user_id, room_id, message_detail, created_at) values (5, 5, "House snake yacht tiger island grape night grape jungle grape monkey jungle queen ocean night village island tiger tiger snake whale apple fish.", "2024-10-25 04:20:19");
insert into message (user_id, room_id, message_detail, created_at) values (5, 5, "Apple jungle lion umbrella tiger monkey house river zebra jungle grape river zebra monkey elephant jungle.", "2024-10-08 08:04:52");
insert into task (task_id,sprint_id, task_title, task_description, task_type, due_date, created_at) values (106,2, "Task no. 23", "Jungle umbrella snake river queen village jungle snake grape penguin lion whale house cherry snake penguin banana yacht monkey island.", "1", "2024-12-14 17:58:14", "2024-11-12 02:22:21");
insert into taskperform (task_id, user_id, created_at) values (106, 5, "2024-12-08 04:17:10");
insert into task (task_id,sprint_id, task_title, task_description, task_type, due_date, created_at) values (107,15, "Task no. 1", "Umbrella dog elephant elephant xylophone cherry umbrella monkey village grape jungle ocean whale ocean snake.", "3", "2024-12-13 05:15:54", "2023-12-02 08:07:35");
insert into task (task_id,sprint_id, task_title, task_description, task_type, due_date, created_at) values (108,1, "Task no. 13", "Fish apple house house monkey snake night xylophone snake apple zebra.", "3", "2024-05-14 16:43:05", "2024-03-05 09:08:30");
insert into taskperform (task_id, user_id, created_at) values (108, 5, "2024-09-21 11:55:20");
insert into task (task_id,sprint_id, task_title, task_description, task_type, due_date, created_at) values (109,2, "Task no. 24", "Cherry queen penguin cherry fish apple jungle xylophone night dog zebra night night river cherry grape.", "1", "2024-07-07 16:05:42", "2024-05-12 02:47:30");
insert into taskperform (task_id, user_id, created_at) values (109, 5, "2024-11-25 13:17:04");
insert into task (task_id,sprint_id, task_title, task_description, task_type, due_date, created_at) values (110,5, "Task no. 18", "Jungle umbrella queen grape apple xylophone jungle village island elephant river penguin jungle monkey village ocean xylophone penguin house island kangaroo lion night banana banana yacht.", "3", "2024-10-05 06:42:10", "2023-12-11 09:35:14");
insert into taskperform (task_id, user_id, created_at) values (110, 5, "2024-12-06 14:03:26");
insert into role (user_id, room_id, role_detail) values (4, 5, 3);
insert into message (user_id, room_id, message_detail, created_at) values (4, 5, "Dog dog kangaroo snake snake island fish house zebra island whale apple yacht xylophone banana night tiger river grape tiger.", "2023-12-22 16:45:15");
insert into message (user_id, room_id, message_detail, created_at) values (4, 5, "Lion monkey kangaroo queen river apple penguin island elephant queen night snake whale whale dog jungle apple village whale tiger.", "2024-06-23 14:01:05");
insert into message (user_id, room_id, message_detail, created_at) values (4, 5, "Umbrella apple monkey house dog queen fish zebra island yacht island zebra banana tiger umbrella river banana cherry jungle xylophone whale whale grape village kangaroo monkey.", "2024-11-17 09:26:45");
insert into message (user_id, room_id, message_detail, created_at) values (4, 5, "Apple river monkey yacht tiger whale dog monkey apple jungle whale queen umbrella banana whale banana zebra yacht village yacht.", "2023-12-15 02:06:26");
insert into message (user_id, room_id, message_detail, created_at) values (4, 5, "Monkey yacht elephant cherry banana village zebra dog grape village cherry zebra xylophone queen grape snake night ocean island river whale whale lion ocean tiger tiger xylophone.", "2024-12-02 01:00:37");
insert into message (user_id, room_id, message_detail, created_at) values (4, 5, "Snake lion banana penguin lion cherry night village night umbrella monkey umbrella queen house queen house island.", "2024-08-13 23:45:45");
insert into task (task_id,sprint_id, task_title, task_description, task_type, due_date, created_at) values (111,17, "Task no. 2", "Night whale house river night night island monkey tiger zebra ocean lion grape cherry umbrella grape snake yacht penguin.", "4", "2024-11-16 18:44:46", "2024-10-25 00:29:38");
insert into taskperform (task_id, user_id, created_at) values (111, 4, "2024-11-17 22:01:11");
insert into task (task_id,sprint_id, task_title, task_description, task_type, due_date, created_at) values (112,8, "Task no. 4", "Monkey whale monkey apple banana cherry night apple lion river tiger village house snake river house jungle house monkey tiger river ocean umbrella monkey snake tiger elephant monkey grape lion.", "2", "2024-11-12 03:04:36", "2024-05-09 08:29:16");
insert into taskperform (task_id, user_id, created_at) values (112, 4, "2024-11-24 06:29:36");
insert into task (task_id,sprint_id, task_title, task_description, task_type, due_date, created_at) values (113,12, "Task no. 1", "Whale grape yacht whale elephant dog grape jungle house apple fish grape.", "6", "2024-04-23 22:20:06", "2024-02-04 10:16:31");
insert into role (user_id, room_id, role_detail) values (2, 5, 2);
insert into message (user_id, room_id, message_detail, created_at) values (2, 5, "Monkey apple jungle ocean apple kangaroo penguin banana elephant cherry village banana banana fish river umbrella zebra whale lion xylophone river.", "2024-02-10 08:28:43");
insert into message (user_id, room_id, message_detail, created_at) values (2, 5, "Island elephant apple lion night tiger zebra whale ocean house village jungle.", "2024-05-02 04:32:10");
insert into message (user_id, room_id, message_detail, created_at) values (2, 5, "River xylophone river grape grape grape umbrella tiger banana queen island grape jungle umbrella whale kangaroo lion river penguin queen umbrella elephant.", "2024-01-11 03:15:59");
insert into message (user_id, room_id, message_detail, created_at) values (2, 5, "Jungle xylophone umbrella island lion banana snake elephant night lion grape yacht penguin xylophone zebra cherry cherry tiger.", "2024-02-19 17:15:21");
insert into message (user_id, room_id, message_detail, created_at) values (2, 5, "Queen lion house elephant yacht zebra lion elephant zebra penguin lion umbrella queen banana monkey apple umbrella village snake lion jungle dog river yacht ocean kangaroo kangaroo whale village snake.", "2024-11-13 12:30:34");
insert into message (user_id, room_id, message_detail, created_at) values (2, 5, "Snake banana yacht penguin apple cherry queen elephant snake island umbrella whale cherry cherry yacht whale monkey yacht umbrella xylophone dog river elephant kangaroo banana banana banana queen.", "2024-08-19 21:34:55");
insert into message (user_id, room_id, message_detail, created_at) values (2, 5, "Whale whale monkey dog lion cherry queen kangaroo queen fish umbrella umbrella zebra cherry kangaroo jungle fish yacht cherry village island kangaroo ocean elephant monkey xylophone night.", "2024-04-03 11:28:00");
insert into message (user_id, room_id, message_detail, created_at) values (2, 5, "Xylophone dog grape lion snake yacht monkey lion snake fish queen whale monkey lion kangaroo whale umbrella snake kangaroo apple cherry fish queen river monkey house.", "2024-05-24 17:20:45");
insert into message (user_id, room_id, message_detail, created_at) values (2, 5, "Kangaroo umbrella village fish umbrella snake house xylophone tiger night fish village whale umbrella.", "2024-07-01 07:21:17");
insert into message (user_id, room_id, message_detail, created_at) values (2, 5, "Elephant zebra ocean penguin penguin house grape zebra jungle tiger xylophone river ocean queen dog grape island zebra zebra ocean dog xylophone lion.", "2024-02-28 16:18:45");
insert into message (user_id, room_id, message_detail, created_at) values (2, 5, "Queen elephant apple monkey elephant monkey lion cherry queen dog zebra cherry yacht apple umbrella whale zebra kangaroo river village.", "2023-12-27 13:13:35");
insert into task (task_id,sprint_id, task_title, task_description, task_type, due_date, created_at) values (114,11, "Task no. 3", "Umbrella whale penguin penguin house zebra ocean penguin xylophone night village grape dog monkey xylophone banana jungle island dog elephant jungle umbrella zebra.", "6", "2024-04-04 16:23:34", "2024-02-18 17:28:55");
insert into taskperform (task_id, user_id, created_at) values (114, 2, "2024-03-09 02:42:43");
insert into task (task_id,sprint_id, task_title, task_description, task_type, due_date, created_at) values (115,15, "Task no. 2", "River house cherry lion queen cherry island night island apple.", "5", "2024-07-08 04:09:59", "2024-06-22 23:41:38");
insert into task (task_id,sprint_id, task_title, task_description, task_type, due_date, created_at) values (116,13, "Task no. 2", "Cherry lion snake fish tiger penguin queen lion penguin ocean lion zebra fish tiger dog yacht elephant jungle xylophone queen whale apple queen banana lion apple elephant dog cherry penguin.", "4", "2024-10-14 06:37:56", "2024-10-02 00:32:47");
insert into task (task_id,sprint_id, task_title, task_description, task_type, due_date, created_at) values (117,5, "Task no. 19", "Zebra zebra umbrella dog tiger ocean cherry island whale tiger island village monkey jungle.", "2", "2024-12-12 23:21:07", "2024-12-10 07:48:10");
insert into taskperform (task_id, user_id, created_at) values (117, 2, "2024-12-11 10:08:57");
insert into task (task_id,sprint_id, task_title, task_description, task_type, due_date, created_at) values (118,4, "Task no. 11", "Lion xylophone monkey ocean cherry island queen house grape banana cherry umbrella elephant.", "6", "2024-05-15 09:01:20", "2023-12-18 05:03:40");
insert into role (user_id, room_id, role_detail) values (1, 5, 3);
insert into message (user_id, room_id, message_detail, created_at) values (1, 5, "Tiger island umbrella ocean village elephant queen penguin yacht queen fish grape penguin kangaroo grape monkey umbrella village elephant island village village ocean whale ocean queen.", "2024-04-01 12:21:22");
insert into message (user_id, room_id, message_detail, created_at) values (1, 5, "Kangaroo river island house night yacht jungle ocean house elephant house house kangaroo jungle cherry grape xylophone dog whale ocean snake xylophone cherry.", "2024-05-31 16:19:27");
insert into message (user_id, room_id, message_detail, created_at) values (1, 5, "Dog island jungle zebra fish whale kangaroo grape snake xylophone penguin fish jungle cherry queen yacht grape cherry house river elephant whale monkey penguin tiger village.", "2024-07-31 16:08:53");
insert into message (user_id, room_id, message_detail, created_at) values (1, 5, "Banana jungle lion jungle penguin yacht xylophone penguin zebra banana xylophone dog cherry jungle yacht river river.", "2024-01-03 01:35:02");
insert into message (user_id, room_id, message_detail, created_at) values (1, 5, "Ocean queen island whale whale village whale umbrella queen lion.", "2024-12-01 23:58:59");
insert into message (user_id, room_id, message_detail, created_at) values (1, 5, "Queen island queen house banana grape monkey dog dog dog grape xylophone.", "2024-10-31 21:19:57");
insert into message (user_id, room_id, message_detail, created_at) values (1, 5, "Cherry penguin snake banana fish dog tiger village banana yacht fish lion village lion queen fish lion ocean island island dog fish whale.", "2024-05-06 09:41:52");
insert into message (user_id, room_id, message_detail, created_at) values (1, 5, "River grape lion cherry elephant ocean apple lion yacht umbrella.", "2024-08-13 17:01:50");
insert into task (task_id,sprint_id, task_title, task_description, task_type, due_date, created_at) values (119,4, "Task no. 12", "River penguin penguin xylophone cherry house cherry whale lion lion apple village monkey queen island xylophone monkey.", "2", "2024-11-21 21:50:35", "2024-04-20 02:57:15");
insert into taskperform (task_id, user_id, created_at) values (119, 1, "2024-06-20 02:40:38");
insert into sprint (room_id, sprint_name, created_at) values (6, "Sprint no. 1" , "2024-12-04 21:09:37");
insert into sprint (room_id, sprint_name, created_at) values (6, "Sprint no. 2" , "2024-12-05 01:19:20");
insert into sprint (room_id, sprint_name, created_at) values (6, "Sprint no. 3" , "2024-12-13 15:33:31");
insert into sprint (room_id, sprint_name, created_at) values (6, "Sprint no. 4" , "2024-12-14 11:41:00");
insert into sprint (room_id, sprint_name, created_at) values (6, "Sprint no. 5" , "2024-12-14 12:45:53");
insert into sprint (room_id, sprint_name, created_at) values (6, "Sprint no. 6" , "2024-12-14 17:20:17");
insert into role (user_id, room_id, role_detail) values (6, 6, 1);
insert into message (user_id, room_id, message_detail, created_at) values (6, 6, "Grape grape whale apple apple umbrella monkey jungle monkey umbrella jungle grape grape tiger fish house.", "2024-11-07 11:29:02");
insert into message (user_id, room_id, message_detail, created_at) values (6, 6, "Kangaroo zebra lion monkey zebra cherry whale island lion village elephant ocean village queen xylophone house penguin umbrella monkey elephant monkey tiger xylophone.", "2024-02-13 15:41:30");
insert into message (user_id, room_id, message_detail, created_at) values (6, 6, "Penguin island village queen yacht umbrella penguin night dog penguin kangaroo umbrella dog ocean island house dog banana.", "2024-02-19 06:23:38");
insert into message (user_id, room_id, message_detail, created_at) values (6, 6, "Queen banana zebra whale fish night tiger queen monkey lion apple river apple penguin.", "2024-10-31 21:31:17");
insert into message (user_id, room_id, message_detail, created_at) values (6, 6, "Cherry tiger night ocean monkey yacht banana tiger jungle penguin kangaroo grape jungle apple dog kangaroo night night banana lion banana zebra fish umbrella tiger.", "2024-06-27 23:52:58");
insert into message (user_id, room_id, message_detail, created_at) values (6, 6, "Whale snake kangaroo yacht cherry dog apple yacht elephant jungle dog tiger cherry jungle apple penguin tiger river.", "2024-09-28 00:31:30");
insert into message (user_id, room_id, message_detail, created_at) values (6, 6, "Elephant river queen yacht fish dog umbrella yacht grape house.", "2024-09-06 04:52:34");
insert into message (user_id, room_id, message_detail, created_at) values (6, 6, "Jungle night tiger yacht penguin banana tiger banana night ocean banana.", "2024-03-22 17:31:47");
insert into message (user_id, room_id, message_detail, created_at) values (6, 6, "Elephant monkey zebra xylophone kangaroo elephant snake zebra night cherry cherry house snake.", "2024-07-03 05:51:05");
insert into message (user_id, room_id, message_detail, created_at) values (6, 6, "Night zebra village dog fish apple village apple village lion whale monkey apple apple kangaroo banana whale whale jungle queen whale banana fish river whale umbrella zebra.", "2024-03-31 01:24:37");
insert into message (user_id, room_id, message_detail, created_at) values (6, 6, "Apple queen dog xylophone whale banana village grape umbrella tiger penguin apple island fish village lion apple monkey xylophone fish zebra.", "2023-12-31 07:48:11");
insert into message (user_id, room_id, message_detail, created_at) values (6, 6, "Apple elephant zebra kangaroo island river banana banana jungle lion banana xylophone.", "2024-11-13 08:19:08");
insert into message (user_id, room_id, message_detail, created_at) values (6, 6, "Jungle jungle fish kangaroo lion jungle zebra xylophone apple cherry ocean fish river village fish jungle grape night yacht elephant monkey kangaroo grape monkey monkey yacht river zebra snake.", "2024-06-26 19:24:35");
insert into task (task_id,sprint_id, task_title, task_description, task_type, due_date, created_at) values (120,14, "Task no. 4", "Dog xylophone night yacht zebra island xylophone cherry monkey house queen tiger jungle elephant lion ocean umbrella snake island xylophone whale grape xylophone elephant river village penguin.", "5", "2024-09-20 17:34:01", "2024-04-29 08:31:25");
insert into taskperform (task_id, user_id, created_at) values (120, 6, "2024-05-02 02:37:39");
insert into task (task_id,sprint_id, task_title, task_description, task_type, due_date, created_at) values (121,20, "Task no. 1", "Umbrella ocean elephant house cherry whale snake penguin lion tiger tiger house xylophone tiger.", "4", "2024-12-04 23:05:04", "2024-08-23 05:24:34");
insert into taskperform (task_id, user_id, created_at) values (121, 6, "2024-12-11 01:57:17");
insert into task (task_id,sprint_id, task_title, task_description, task_type, due_date, created_at) values (122,18, "Task no. 1", "Zebra yacht snake zebra apple ocean snake elephant village kangaroo village banana cherry fish xylophone ocean snake.", "6", "2024-07-09 09:19:32", "2023-12-25 04:23:50");
insert into taskperform (task_id, user_id, created_at) values (122, 6, "2024-03-09 05:48:21");
insert into task (task_id,sprint_id, task_title, task_description, task_type, due_date, created_at) values (123,16, "Task no. 1", "Yacht apple lion cherry village night monkey ocean queen jungle xylophone night tiger lion grape xylophone queen zebra night grape tiger penguin zebra whale tiger lion.", "5", "2024-09-02 21:47:09", "2024-07-02 20:21:27");
insert into role (user_id, room_id, role_detail) values (4, 6, 3);
insert into message (user_id, room_id, message_detail, created_at) values (4, 6, "Monkey kangaroo fish lion banana fish island apple jungle zebra grape cherry river xylophone.", "2024-08-09 20:51:24");
insert into task (task_id,sprint_id, task_title, task_description, task_type, due_date, created_at) values (124,6, "Task no. 12", "Night lion snake lion zebra whale banana tiger fish river yacht.", "3", "2024-10-31 01:15:50", "2024-08-03 00:23:58");
insert into taskperform (task_id, user_id, created_at) values (124, 4, "2024-08-17 17:08:03");
insert into task (task_id,sprint_id, task_title, task_description, task_type, due_date, created_at) values (125,18, "Task no. 2", "Tiger jungle apple whale banana jungle island ocean ocean yacht yacht snake kangaroo xylophone house xylophone penguin monkey fish grape queen house jungle penguin island penguin penguin yacht village.", "2", "2024-06-27 03:54:28", "2024-04-30 23:11:50");
insert into taskperform (task_id, user_id, created_at) values (125, 4, "2024-08-26 15:33:03");
insert into task (task_id,sprint_id, task_title, task_description, task_type, due_date, created_at) values (126,1, "Task no. 14", "Xylophone river queen dog island whale penguin house river grape night elephant night zebra umbrella ocean elephant jungle jungle village dog umbrella monkey umbrella night village.", "2", "2024-11-12 00:19:52", "2024-09-25 23:32:40");
insert into taskperform (task_id, user_id, created_at) values (126, 4, "2024-09-30 21:00:11");
insert into role (user_id, room_id, role_detail) values (9, 6, 2);
insert into message (user_id, room_id, message_detail, created_at) values (9, 6, "Penguin grape cherry xylophone island queen fish lion village elephant ocean umbrella apple cherry queen yacht cherry ocean zebra yacht monkey zebra cherry umbrella.", "2024-11-09 15:28:21");
insert into message (user_id, room_id, message_detail, created_at) values (9, 6, "Dog jungle lion jungle queen queen night ocean yacht umbrella.", "2024-05-05 20:07:31");
insert into message (user_id, room_id, message_detail, created_at) values (9, 6, "Whale dog whale penguin grape jungle kangaroo zebra monkey ocean village cherry dog dog yacht river tiger xylophone elephant lion.", "2024-10-02 19:59:54");
insert into message (user_id, room_id, message_detail, created_at) values (9, 6, "Grape cherry banana lion tiger jungle cherry ocean xylophone grape jungle cherry apple village tiger grape whale.", "2024-11-02 17:08:31");
insert into message (user_id, room_id, message_detail, created_at) values (9, 6, "Whale banana queen xylophone house penguin elephant village river fish house banana xylophone village kangaroo.", "2024-12-01 17:42:54");
insert into message (user_id, room_id, message_detail, created_at) values (9, 6, "Tiger jungle cherry yacht fish grape house island penguin queen kangaroo island dog tiger ocean xylophone lion yacht.", "2024-02-03 07:12:17");
insert into message (user_id, room_id, message_detail, created_at) values (9, 6, "Island zebra house ocean ocean penguin house queen grape grape house queen lion.", "2024-07-23 20:18:52");
insert into role (user_id, room_id, role_detail) values (3, 6, 2);
insert into message (user_id, room_id, message_detail, created_at) values (3, 6, "Yacht xylophone whale banana tiger fish fish apple xylophone penguin grape queen village night banana umbrella queen fish tiger xylophone night.", "2024-09-07 07:03:15");
insert into message (user_id, room_id, message_detail, created_at) values (3, 6, "House village penguin lion yacht night cherry umbrella tiger cherry snake tiger umbrella dog queen fish grape river yacht xylophone island zebra.", "2024-07-31 04:28:16");
insert into message (user_id, room_id, message_detail, created_at) values (3, 6, "Island fish elephant kangaroo night elephant village jungle banana zebra queen apple monkey river island umbrella banana village monkey house house.", "2024-06-16 14:57:06");
insert into message (user_id, room_id, message_detail, created_at) values (3, 6, "Island lion village jungle monkey river zebra island house lion dog ocean ocean queen snake apple tiger elephant zebra fish queen elephant fish elephant island jungle.", "2023-12-10 18:23:18");
insert into message (user_id, room_id, message_detail, created_at) values (3, 6, "Fish monkey tiger tiger kangaroo monkey banana kangaroo night fish cherry zebra.", "2024-06-13 23:56:27");
insert into message (user_id, room_id, message_detail, created_at) values (3, 6, "Xylophone penguin xylophone monkey dog zebra yacht apple fish house elephant queen dog cherry queen island fish.", "2024-03-20 06:21:31");
insert into message (user_id, room_id, message_detail, created_at) values (3, 6, "Lion island umbrella village lion penguin apple apple lion whale monkey apple kangaroo monkey snake dog zebra yacht island snake apple island monkey ocean river snake whale ocean.", "2024-09-24 10:17:50");
insert into message (user_id, room_id, message_detail, created_at) values (3, 6, "Jungle monkey snake jungle penguin snake whale kangaroo umbrella apple kangaroo yacht night whale lion tiger island night whale penguin ocean.", "2024-07-22 20:16:57");
insert into message (user_id, room_id, message_detail, created_at) values (3, 6, "Yacht banana penguin kangaroo snake whale grape jungle jungle snake ocean snake queen penguin whale lion ocean yacht penguin fish.", "2024-05-10 17:18:49");
insert into message (user_id, room_id, message_detail, created_at) values (3, 6, "River apple grape dog monkey monkey xylophone snake cherry penguin xylophone river river elephant kangaroo snake tiger snake night ocean fish fish.", "2024-09-14 02:20:29");
insert into message (user_id, room_id, message_detail, created_at) values (3, 6, "Island xylophone grape queen xylophone tiger island whale queen banana penguin monkey umbrella grape banana house whale queen village whale kangaroo fish kangaroo.", "2024-01-08 23:03:10");
insert into message (user_id, room_id, message_detail, created_at) values (3, 6, "Grape fish river queen umbrella grape apple night apple ocean dog.", "2024-07-26 23:41:11");
insert into task (task_id,sprint_id, task_title, task_description, task_type, due_date, created_at) values (127,22, "Task no. 1", "Whale xylophone kangaroo tiger fish whale island penguin ocean kangaroo tiger night night whale apple.", "4", "2024-09-02 12:44:13", "2024-08-10 10:25:00");
insert into taskperform (task_id, user_id, created_at) values (127, 3, "2024-11-10 00:25:27");
insert into task (task_id,sprint_id, task_title, task_description, task_type, due_date, created_at) values (128,13, "Task no. 3", "Island cherry river dog island apple island whale jungle monkey river zebra river apple grape umbrella yacht jungle island island xylophone river fish penguin queen monkey grape.", "4", "2024-10-11 19:06:21", "2024-01-24 01:21:17");
insert into taskperform (task_id, user_id, created_at) values (128, 3, "2024-07-29 04:08:00");
insert into task (task_id,sprint_id, task_title, task_description, task_type, due_date, created_at) values (129,4, "Task no. 13", "Zebra queen lion xylophone yacht queen zebra xylophone kangaroo fish penguin umbrella snake banana elephant penguin.", "3", "2024-05-08 20:27:48", "2024-03-14 19:19:30");
insert into taskperform (task_id, user_id, created_at) values (129, 3, "2024-06-05 10:44:51");
insert into task (task_id,sprint_id, task_title, task_description, task_type, due_date, created_at) values (130,7, "Task no. 4", "Penguin penguin elephant fish yacht apple house snake cherry monkey lion banana lion cherry river.", "3", "2024-10-05 14:36:54", "2024-02-26 07:56:55");
insert into taskperform (task_id, user_id, created_at) values (130, 3, "2024-09-16 09:23:53");
insert into role (user_id, room_id, role_detail) values (7, 6, 2);
insert into message (user_id, room_id, message_detail, created_at) values (7, 6, "Grape kangaroo queen zebra umbrella ocean whale fish zebra grape cherry fish queen zebra apple.", "2024-12-10 04:13:39");
insert into message (user_id, room_id, message_detail, created_at) values (7, 6, "Ocean fish lion monkey lion kangaroo river xylophone yacht banana fish apple village queen grape jungle elephant monkey queen lion lion night queen jungle house queen zebra.", "2024-09-07 16:09:00");
insert into message (user_id, room_id, message_detail, created_at) values (7, 6, "Fish apple yacht xylophone river night banana yacht whale village snake apple yacht fish whale.", "2024-04-12 01:13:50");
insert into message (user_id, room_id, message_detail, created_at) values (7, 6, "Island night penguin apple umbrella ocean penguin yacht penguin house elephant kangaroo dog.", "2024-01-22 14:01:34");
insert into message (user_id, room_id, message_detail, created_at) values (7, 6, "Lion elephant island fish queen penguin ocean monkey ocean dog tiger grape.", "2024-01-28 10:38:16");
insert into message (user_id, room_id, message_detail, created_at) values (7, 6, "House dog apple yacht whale zebra queen penguin queen village.", "2024-04-17 22:01:07");
insert into message (user_id, room_id, message_detail, created_at) values (7, 6, "Lion grape yacht cherry ocean fish lion island banana zebra elephant house lion monkey grape monkey penguin grape.", "2024-12-14 15:26:43");
insert into message (user_id, room_id, message_detail, created_at) values (7, 6, "Tiger dog yacht dog kangaroo dog lion lion whale village cherry.", "2024-08-30 16:47:04");
insert into message (user_id, room_id, message_detail, created_at) values (7, 6, "Kangaroo elephant apple ocean village village xylophone village night queen banana apple kangaroo yacht yacht lion xylophone.", "2024-06-20 09:35:41");
insert into message (user_id, room_id, message_detail, created_at) values (7, 6, "House zebra tiger monkey fish night umbrella river kangaroo grape yacht kangaroo penguin dog house zebra.", "2024-08-22 08:50:05");
insert into message (user_id, room_id, message_detail, created_at) values (7, 6, "Umbrella banana elephant xylophone cherry xylophone snake snake grape apple river.", "2024-09-23 02:30:14");
insert into message (user_id, room_id, message_detail, created_at) values (7, 6, "Apple ocean monkey kangaroo island night apple jungle apple yacht umbrella island ocean snake night night jungle snake snake zebra cherry night kangaroo lion jungle tiger kangaroo snake river apple.", "2024-05-29 10:55:18");
insert into message (user_id, room_id, message_detail, created_at) values (7, 6, "Monkey village xylophone elephant tiger xylophone fish yacht monkey umbrella night night cherry village monkey.", "2024-02-02 07:09:14");
insert into message (user_id, room_id, message_detail, created_at) values (7, 6, "Yacht xylophone kangaroo whale cherry river island umbrella snake queen whale elephant penguin elephant fish zebra banana banana yacht river snake river queen zebra whale dog lion.", "2024-03-13 00:50:13");
insert into message (user_id, room_id, message_detail, created_at) values (7, 6, "Banana house penguin yacht penguin fish village lion penguin cherry apple.", "2024-08-22 04:20:12");
insert into role (user_id, room_id, role_detail) values (2, 6, 2);
insert into message (user_id, room_id, message_detail, created_at) values (2, 6, "Whale jungle lion cherry banana whale river ocean queen cherry cherry dog village ocean fish.", "2024-06-23 18:12:46");
insert into message (user_id, room_id, message_detail, created_at) values (2, 6, "Ocean island zebra fish whale xylophone jungle island tiger lion river river yacht queen jungle elephant ocean night jungle umbrella kangaroo apple kangaroo jungle.", "2024-08-24 09:57:53");
insert into message (user_id, room_id, message_detail, created_at) values (2, 6, "Monkey umbrella umbrella grape tiger elephant xylophone elephant apple yacht apple cherry zebra tiger whale kangaroo night xylophone whale apple cherry cherry river umbrella lion kangaroo ocean apple zebra.", "2023-12-12 19:41:06");
insert into message (user_id, room_id, message_detail, created_at) values (2, 6, "Whale whale lion apple umbrella elephant kangaroo night queen river.", "2024-07-31 22:10:59");
insert into message (user_id, room_id, message_detail, created_at) values (2, 6, "Ocean dog jungle zebra cherry island yacht dog zebra ocean dog.", "2024-05-30 18:45:29");
insert into message (user_id, room_id, message_detail, created_at) values (2, 6, "Whale lion monkey fish lion zebra ocean penguin penguin apple elephant whale whale house whale jungle island snake fish dog lion xylophone village xylophone zebra grape.", "2024-09-13 14:04:07");
insert into message (user_id, room_id, message_detail, created_at) values (2, 6, "Zebra dog zebra apple zebra river snake dog xylophone river banana dog house grape cherry umbrella.", "2024-06-05 05:36:00");
insert into message (user_id, room_id, message_detail, created_at) values (2, 6, "House banana jungle village island grape grape grape xylophone fish apple zebra.", "2024-03-23 06:39:31");
insert into message (user_id, room_id, message_detail, created_at) values (2, 6, "Whale dog kangaroo snake ocean jungle whale cherry snake yacht cherry zebra tiger whale queen island house apple lion yacht dog banana umbrella.", "2024-08-27 10:31:17");
insert into message (user_id, room_id, message_detail, created_at) values (2, 6, "Cherry kangaroo penguin penguin grape zebra island island grape river queen banana whale island whale cherry cherry monkey.", "2024-06-04 04:47:34");
insert into message (user_id, room_id, message_detail, created_at) values (2, 6, "Whale cherry ocean banana umbrella kangaroo jungle penguin island night monkey lion zebra grape zebra whale dog jungle banana lion cherry banana umbrella elephant island.", "2024-02-03 18:30:08");
insert into message (user_id, room_id, message_detail, created_at) values (2, 6, "Dog night snake zebra house ocean xylophone elephant night island.", "2024-07-02 10:08:41");
insert into message (user_id, room_id, message_detail, created_at) values (2, 6, "Night night house umbrella lion apple village penguin snake dog whale zebra snake cherry dog jungle river elephant.", "2024-10-27 20:14:12");
insert into message (user_id, room_id, message_detail, created_at) values (2, 6, "Night snake apple snake whale village apple queen village zebra lion house yacht tiger island jungle tiger monkey village cherry ocean penguin apple ocean yacht umbrella.", "2024-10-21 21:15:22");
insert into message (user_id, room_id, message_detail, created_at) values (2, 6, "Yacht zebra kangaroo fish umbrella apple umbrella elephant xylophone fish kangaroo dog night banana lion house queen fish monkey island monkey river island monkey.", "2024-01-28 11:05:53");
insert into message (user_id, room_id, message_detail, created_at) values (2, 6, "Village ocean dog penguin tiger dog island night elephant kangaroo tiger dog umbrella night queen.", "2024-07-11 21:33:53");
insert into message (user_id, room_id, message_detail, created_at) values (2, 6, "Apple whale lion cherry island grape elephant whale ocean jungle ocean dog elephant village yacht apple.", "2024-05-20 00:03:24");
insert into message (user_id, room_id, message_detail, created_at) values (2, 6, "Cherry snake village dog tiger penguin umbrella ocean snake whale dog ocean tiger night dog penguin house elephant house lion umbrella banana xylophone.", "2023-12-31 21:06:02");
insert into message (user_id, room_id, message_detail, created_at) values (2, 6, "Fish cherry apple monkey dog elephant snake jungle river snake kangaroo whale night jungle snake queen cherry whale house jungle monkey penguin island cherry jungle.", "2024-06-22 23:59:06");
insert into message (user_id, room_id, message_detail, created_at) values (2, 6, "Queen yacht snake snake whale xylophone night fish kangaroo ocean kangaroo snake yacht kangaroo cherry night fish fish jungle lion village jungle cherry yacht lion jungle.", "2024-06-04 23:12:26");
insert into task (task_id,sprint_id, task_title, task_description, task_type, due_date, created_at) values (131,22, "Task no. 2", "Dog xylophone kangaroo penguin monkey dog snake island cherry ocean zebra queen river.", "4", "2024-11-28 12:14:59", "2024-10-08 21:15:29");
insert into taskperform (task_id, user_id, created_at) values (131, 2, "2024-12-09 23:04:23");
insert into task (task_id,sprint_id, task_title, task_description, task_type, due_date, created_at) values (132,20, "Task no. 2", "Fish cherry kangaroo village dog dog lion grape queen monkey night tiger kangaroo house whale cherry lion kangaroo.", "4", "2024-12-11 22:38:31", "2024-12-09 22:49:41");
insert into taskperform (task_id, user_id, created_at) values (132, 2, "2024-12-11 02:30:39");
insert into task (task_id,sprint_id, task_title, task_description, task_type, due_date, created_at) values (133,6, "Task no. 13", "Island island grape island xylophone elephant xylophone tiger queen cherry village elephant yacht house night elephant banana grape.", "5", "2024-08-31 14:27:06", "2024-05-08 15:19:59");
insert into taskperform (task_id, user_id, created_at) values (133, 2, "2024-07-04 08:01:31");
insert into task (task_id,sprint_id, task_title, task_description, task_type, due_date, created_at) values (134,17, "Task no. 3", "Apple monkey grape penguin queen snake house river zebra apple tiger village apple apple xylophone elephant village dog river house snake.", "4", "2024-11-21 02:39:42", "2024-04-21 13:55:44");
insert into taskperform (task_id, user_id, created_at) values (134, 2, "2024-06-15 04:12:58");
insert into task (task_id,sprint_id, task_title, task_description, task_type, due_date, created_at) values (135,22, "Task no. 3", "Village xylophone zebra river village penguin whale jungle lion fish dog zebra ocean banana night island yacht monkey apple house whale cherry house island night kangaroo fish xylophone fish.", "1", "2024-03-07 21:12:29", "2024-03-05 01:32:56");
insert into task (task_id,sprint_id, task_title, task_description, task_type, due_date, created_at) values (136,21, "Task no. 1", "Cherry monkey xylophone banana house cherry jungle monkey island yacht monkey fish dog yacht river elephant lion dog tiger night queen kangaroo dog whale.", "1", "2024-12-14 23:49:56", "2024-12-03 23:20:09");
insert into taskperform (task_id, user_id, created_at) values (136, 2, "2024-12-09 18:12:19");
insert into task (task_id,sprint_id, task_title, task_description, task_type, due_date, created_at) values (137,11, "Task no. 4", "House zebra whale apple night umbrella island tiger zebra river umbrella.", "3", "2024-03-05 12:29:33", "2024-02-12 21:41:42");
insert into taskperform (task_id, user_id, created_at) values (137, 2, "2024-03-06 17:45:55");
insert into role (user_id, room_id, role_detail) values (7, 7, 1);
insert into task (task_id,sprint_id, task_title, task_description, task_type, due_date, created_at) values (138,2, "Task no. 25", "River grape jungle fish kangaroo house jungle xylophone jungle village apple yacht dog grape fish night apple cherry xylophone house.", "6", "2024-11-21 10:46:44", "2024-06-11 20:04:12");
insert into taskperform (task_id, user_id, created_at) values (138, 7, "2024-11-12 10:37:56");
insert into task (task_id,sprint_id, task_title, task_description, task_type, due_date, created_at) values (139,20, "Task no. 3", "Tiger snake ocean fish ocean jungle house snake house jungle ocean penguin night ocean jungle umbrella elephant zebra zebra penguin elephant snake jungle.", "1", "2024-08-25 07:53:02", "2024-05-06 23:11:35");
insert into taskperform (task_id, user_id, created_at) values (139, 7, "2024-10-20 00:00:18");
insert into task (task_id,sprint_id, task_title, task_description, task_type, due_date, created_at) values (140,1, "Task no. 15", "House zebra village yacht river river kangaroo xylophone house fish xylophone fish queen snake ocean jungle tiger umbrella kangaroo.", "6", "2024-08-23 02:46:42", "2024-07-11 05:51:56");
insert into taskperform (task_id, user_id, created_at) values (140, 7, "2024-10-07 04:59:21");
insert into task (task_id,sprint_id, task_title, task_description, task_type, due_date, created_at) values (141,7, "Task no. 5", "Lion dog grape house dog queen xylophone jungle whale village apple banana island ocean elephant penguin banana snake snake village whale night house whale umbrella house lion ocean.", "5", "2024-11-22 01:40:40", "2024-10-09 07:49:07");
insert into task (task_id,sprint_id, task_title, task_description, task_type, due_date, created_at) values (142,15, "Task no. 3", "Island house lion house ocean lion xylophone grape zebra banana cherry queen zebra house ocean zebra.", "6", "2024-04-25 08:24:19", "2024-01-09 07:08:01");
insert into task (task_id,sprint_id, task_title, task_description, task_type, due_date, created_at) values (143,8, "Task no. 5", "Yacht queen banana fish island yacht umbrella xylophone kangaroo island village monkey queen banana penguin tiger village ocean penguin house.", "1", "2024-12-06 09:11:56", "2024-06-30 13:03:13");
insert into taskperform (task_id, user_id, created_at) values (143, 7, "2024-09-07 12:53:31");
insert into task (task_id,sprint_id, task_title, task_description, task_type, due_date, created_at) values (144,14, "Task no. 5", "Xylophone elephant night lion queen night xylophone island cherry xylophone village monkey whale queen monkey.", "6", "2024-11-27 21:33:25", "2024-03-07 16:56:00");
insert into task (task_id,sprint_id, task_title, task_description, task_type, due_date, created_at) values (145,4, "Task no. 14", "Queen apple village xylophone river xylophone elephant penguin fish dog house whale house night banana monkey umbrella monkey tiger elephant queen island.", "5", "2024-05-19 04:10:36", "2024-04-27 20:49:41");
insert into task (task_id,sprint_id, task_title, task_description, task_type, due_date, created_at) values (146,7, "Task no. 6", "Grape jungle jungle zebra umbrella grape jungle kangaroo house ocean lion island elephant ocean queen dog snake fish grape tiger yacht ocean night.", "5", "2024-12-09 04:14:36", "2024-12-07 15:50:02");
insert into taskperform (task_id, user_id, created_at) values (146, 7, "2024-12-08 01:53:46");
insert into task (task_id,sprint_id, task_title, task_description, task_type, due_date, created_at) values (147,8, "Task no. 6", "River whale monkey house xylophone fish zebra umbrella umbrella penguin penguin banana ocean banana.", "6", "2024-10-14 03:43:12", "2024-07-28 14:17:58");
insert into taskperform (task_id, user_id, created_at) values (147, 7, "2024-12-04 21:58:20");
insert into role (user_id, room_id, role_detail) values (3, 7, 2);
insert into message (user_id, room_id, message_detail, created_at) values (3, 7, "Whale grape xylophone fish island queen monkey tiger ocean banana xylophone umbrella zebra banana snake penguin elephant night lion island.", "2024-09-14 07:50:55");
insert into message (user_id, room_id, message_detail, created_at) values (3, 7, "Apple umbrella apple zebra lion night ocean river yacht elephant apple penguin.", "2024-02-25 07:27:26");
insert into message (user_id, room_id, message_detail, created_at) values (3, 7, "Apple whale monkey elephant fish elephant penguin cherry yacht zebra village lion tiger penguin night village cherry.", "2024-11-05 15:18:19");
insert into message (user_id, room_id, message_detail, created_at) values (3, 7, "Fish apple queen cherry yacht whale village zebra island elephant house umbrella jungle kangaroo dog jungle night tiger queen monkey.", "2024-02-18 18:30:15");
insert into message (user_id, room_id, message_detail, created_at) values (3, 7, "Ocean elephant cherry whale ocean umbrella apple banana lion river zebra tiger monkey tiger fish banana.", "2024-06-21 17:39:09");
insert into message (user_id, room_id, message_detail, created_at) values (3, 7, "Monkey penguin jungle jungle yacht jungle elephant village elephant monkey village island queen zebra whale monkey xylophone island grape yacht ocean house dog.", "2024-05-19 11:08:27");
insert into message (user_id, room_id, message_detail, created_at) values (3, 7, "Lion night banana whale dog penguin elephant night yacht ocean kangaroo lion night snake village zebra village jungle yacht xylophone elephant whale yacht cherry night elephant whale lion.", "2024-08-16 14:27:23");
insert into message (user_id, room_id, message_detail, created_at) values (3, 7, "Jungle jungle house elephant snake banana lion xylophone yacht penguin queen grape grape jungle queen snake yacht queen queen village dog ocean tiger ocean yacht elephant grape night.", "2024-07-20 19:10:27");
insert into message (user_id, room_id, message_detail, created_at) values (3, 7, "Grape village night tiger island kangaroo grape ocean night tiger elephant jungle banana elephant.", "2024-09-06 11:25:48");
insert into message (user_id, room_id, message_detail, created_at) values (3, 7, "Ocean cherry penguin grape yacht snake lion queen fish village elephant kangaroo kangaroo monkey island island kangaroo.", "2024-10-09 16:39:40");
insert into message (user_id, room_id, message_detail, created_at) values (3, 7, "Queen umbrella snake snake lion ocean whale night whale queen whale whale kangaroo umbrella house banana house.", "2024-03-26 03:27:50");
insert into message (user_id, room_id, message_detail, created_at) values (3, 7, "Jungle river fish jungle fish umbrella penguin apple snake river snake night night grape cherry umbrella island river tiger ocean house monkey.", "2024-12-02 22:04:59");
insert into message (user_id, room_id, message_detail, created_at) values (3, 7, "Jungle xylophone jungle zebra village snake monkey dog monkey banana fish village island zebra kangaroo monkey grape village banana ocean snake zebra queen fish.", "2024-03-10 10:00:23");
insert into message (user_id, room_id, message_detail, created_at) values (3, 7, "Yacht river banana grape elephant umbrella tiger cherry queen night elephant xylophone snake house apple snake whale.", "2024-04-20 02:36:55");
insert into message (user_id, room_id, message_detail, created_at) values (3, 7, "Night dog house penguin penguin monkey jungle penguin penguin dog village xylophone yacht penguin umbrella ocean apple jungle zebra banana.", "2024-08-22 07:00:41");
insert into message (user_id, room_id, message_detail, created_at) values (3, 7, "Yacht cherry kangaroo xylophone tiger tiger elephant ocean apple queen umbrella xylophone grape island elephant apple banana lion.", "2024-07-05 14:38:46");
insert into message (user_id, room_id, message_detail, created_at) values (3, 7, "Cherry monkey snake snake yacht elephant dog monkey island tiger penguin island whale banana snake elephant xylophone umbrella yacht village.", "2024-07-02 09:04:47");
insert into message (user_id, room_id, message_detail, created_at) values (3, 7, "Apple lion ocean lion lion lion monkey snake village village zebra kangaroo.", "2024-10-28 21:53:59");
insert into task (task_id,sprint_id, task_title, task_description, task_type, due_date, created_at) values (148,21, "Task no. 2", "Dog jungle zebra dog island apple apple lion kangaroo lion island fish island xylophone elephant monkey ocean whale umbrella river river grape whale queen island monkey ocean whale penguin.", "4", "2024-11-19 05:39:14", "2024-05-08 03:40:47");
insert into taskperform (task_id, user_id, created_at) values (148, 3, "2024-05-08 04:15:34");
insert into task (task_id,sprint_id, task_title, task_description, task_type, due_date, created_at) values (149,4, "Task no. 15", "River queen snake village apple jungle grape xylophone umbrella night whale river jungle zebra house house xylophone banana queen fish queen yacht jungle apple whale dog queen.", "1", "2024-11-09 19:10:47", "2024-05-24 14:01:40");
insert into role (user_id, room_id, role_detail) values (8, 7, 3);
insert into message (user_id, room_id, message_detail, created_at) values (8, 7, "Penguin ocean grape village kangaroo whale jungle island village grape apple night tiger snake river fish elephant banana.", "2024-09-30 14:01:49");
insert into message (user_id, room_id, message_detail, created_at) values (8, 7, "Fish xylophone banana village ocean banana yacht zebra whale apple monkey lion jungle fish dog night island.", "2024-04-14 11:24:30");
insert into message (user_id, room_id, message_detail, created_at) values (8, 7, "Snake river grape cherry river queen elephant monkey island banana grape elephant grape banana jungle house house village elephant yacht cherry fish.", "2024-09-30 14:10:21");
insert into message (user_id, room_id, message_detail, created_at) values (8, 7, "Xylophone lion ocean snake grape ocean apple island ocean snake penguin snake yacht penguin whale cherry apple penguin penguin jungle queen umbrella tiger elephant kangaroo banana jungle village.", "2024-04-12 10:49:19");
insert into task (task_id,sprint_id, task_title, task_description, task_type, due_date, created_at) values (150,15, "Task no. 4", "Penguin snake whale dog kangaroo cherry cherry island penguin night ocean cherry island fish monkey island.", "5", "2024-12-14 13:08:55", "2024-11-15 07:42:52");
insert into taskperform (task_id, user_id, created_at) values (150, 8, "2024-12-08 21:22:31");
insert into task (task_id,sprint_id, task_title, task_description, task_type, due_date, created_at) values (151,2, "Task no. 26", "Ocean night house umbrella snake jungle house river house umbrella house snake cherry dog night tiger island apple apple island banana river.", "6", "2024-07-26 07:51:47", "2024-02-02 10:13:55");
insert into taskperform (task_id, user_id, created_at) values (151, 8, "2024-02-20 02:02:01");
insert into task (task_id,sprint_id, task_title, task_description, task_type, due_date, created_at) values (152,16, "Task no. 2", "Umbrella whale snake whale grape whale apple cherry kangaroo tiger village river night zebra.", "3", "2024-12-12 03:45:30", "2024-10-25 18:46:55");
insert into taskperform (task_id, user_id, created_at) values (152, 8, "2024-11-09 04:47:32");
insert into task (task_id,sprint_id, task_title, task_description, task_type, due_date, created_at) values (153,11, "Task no. 5", "Zebra ocean night banana village river house house lion jungle fish zebra cherry fish snake umbrella monkey island.", "4", "2024-06-07 15:33:00", "2024-05-06 20:26:32");
insert into task (task_id,sprint_id, task_title, task_description, task_type, due_date, created_at) values (154,10, "Task no. 4", "Dog river island banana house yacht island zebra dog grape village penguin penguin river zebra house elephant yacht.", "1", "2024-10-30 23:26:33", "2024-06-20 00:29:44");
insert into taskperform (task_id, user_id, created_at) values (154, 8, "2024-06-20 14:05:23");
insert into task (task_id,sprint_id, task_title, task_description, task_type, due_date, created_at) values (155,16, "Task no. 3", "Kangaroo cherry snake village queen island house penguin lion xylophone.", "1", "2024-08-27 01:42:30", "2024-03-14 01:56:57");
insert into taskperform (task_id, user_id, created_at) values (155, 8, "2024-03-24 20:24:35");
insert into task (task_id,sprint_id, task_title, task_description, task_type, due_date, created_at) values (156,12, "Task no. 2", "Snake banana night queen banana apple cherry xylophone lion ocean whale umbrella xylophone yacht dog monkey village island whale snake.", "6", "2024-05-13 14:14:32", "2024-03-06 08:31:16");
insert into taskperform (task_id, user_id, created_at) values (156, 8, "2024-03-12 22:10:42");
insert into task (task_id,sprint_id, task_title, task_description, task_type, due_date, created_at) values (157,19, "Task no. 1", "Xylophone zebra umbrella yacht umbrella island xylophone monkey village tiger grape snake.", "1", "2024-10-29 00:48:35", "2024-08-24 22:48:42");
insert into taskperform (task_id, user_id, created_at) values (157, 8, "2024-09-10 06:04:09");
insert into task (task_id,sprint_id, task_title, task_description, task_type, due_date, created_at) values (158,1, "Task no. 16", "Monkey xylophone whale whale jungle grape apple river umbrella jungle elephant kangaroo.", "1", "2024-04-12 07:38:53", "2023-12-14 09:26:23");
insert into taskperform (task_id, user_id, created_at) values (158, 8, "2024-10-09 08:45:21");
insert into role (user_id, room_id, role_detail) values (2, 7, 2);
insert into task (task_id,sprint_id, task_title, task_description, task_type, due_date, created_at) values (159,11, "Task no. 6", "Zebra zebra ocean house zebra umbrella house snake xylophone grape xylophone yacht penguin kangaroo fish zebra banana grape island yacht jungle jungle island tiger banana tiger dog penguin apple.", "2", "2024-02-10 15:11:39", "2023-12-06 19:41:20");
insert into taskperform (task_id, user_id, created_at) values (159, 2, "2024-05-24 18:25:40");
insert into task (task_id,sprint_id, task_title, task_description, task_type, due_date, created_at) values (160,10, "Task no. 5", "Yacht queen river umbrella jungle fish cherry fish kangaroo kangaroo snake umbrella zebra zebra.", "4", "2024-11-18 18:08:34", "2024-11-06 04:45:45");
insert into taskperform (task_id, user_id, created_at) values (160, 2, "2024-11-17 16:41:57");
insert into task (task_id,sprint_id, task_title, task_description, task_type, due_date, created_at) values (161,13, "Task no. 4", "Village island village island tiger lion monkey zebra penguin elephant island tiger jungle ocean apple village dog queen village night ocean snake lion fish apple river elephant.", "4", "2024-08-16 18:47:33", "2023-12-20 16:59:19");
insert into taskperform (task_id, user_id, created_at) values (161, 2, "2024-11-12 15:08:20");
insert into task (task_id,sprint_id, task_title, task_description, task_type, due_date, created_at) values (162,18, "Task no. 3", "Penguin tiger elephant yacht kangaroo queen snake house jungle island house house fish cherry yacht tiger village snake night river tiger grape.", "5", "2024-10-03 14:30:27", "2024-04-17 15:22:30");
insert into taskperform (task_id, user_id, created_at) values (162, 2, "2024-07-29 10:35:59");
insert into task (task_id,sprint_id, task_title, task_description, task_type, due_date, created_at) values (163,15, "Task no. 5", "Whale zebra xylophone dog house zebra snake village house river island village fish.", "2", "2024-08-29 23:26:20", "2024-07-11 19:54:08");
insert into taskperform (task_id, user_id, created_at) values (163, 2, "2024-09-26 04:49:05");
insert into task (task_id,sprint_id, task_title, task_description, task_type, due_date, created_at) values (164,3, "Task no. 15", "Kangaroo tiger umbrella yacht house banana xylophone house fish umbrella zebra xylophone kangaroo.", "5", "2024-11-06 11:23:24", "2024-10-12 04:52:15");
insert into role (user_id, room_id, role_detail) values (6, 7, 2);
insert into message (user_id, room_id, message_detail, created_at) values (6, 7, "Xylophone banana night whale whale whale lion queen jungle island night umbrella zebra village.", "2024-11-19 09:45:47");
insert into message (user_id, room_id, message_detail, created_at) values (6, 7, "House xylophone apple apple ocean tiger umbrella whale village apple elephant island island cherry apple river apple lion jungle xylophone lion lion zebra snake house village house elephant.", "2024-03-14 00:07:29");
insert into message (user_id, room_id, message_detail, created_at) values (6, 7, "Monkey apple village dog island house river snake river monkey yacht.", "2024-05-31 10:00:29");
insert into message (user_id, room_id, message_detail, created_at) values (6, 7, "Zebra queen night house tiger zebra queen zebra banana zebra queen house xylophone ocean village penguin island fish tiger penguin island monkey grape apple.", "2024-08-10 17:20:32");
insert into message (user_id, room_id, message_detail, created_at) values (6, 7, "Zebra island night whale snake banana xylophone fish penguin cherry apple umbrella elephant grape grape monkey house fish xylophone grape cherry fish xylophone zebra.", "2024-11-04 06:06:46");
insert into message (user_id, room_id, message_detail, created_at) values (6, 7, "Tiger island jungle penguin elephant cherry monkey yacht tiger village river queen queen monkey fish village lion jungle tiger fish banana.", "2024-10-27 23:44:10");
insert into message (user_id, room_id, message_detail, created_at) values (6, 7, "Yacht fish dog whale kangaroo lion lion river jungle cherry elephant river.", "2024-10-27 01:28:32");
insert into message (user_id, room_id, message_detail, created_at) values (6, 7, "Kangaroo elephant queen village grape penguin umbrella dog house dog village grape ocean penguin jungle zebra elephant zebra penguin monkey night island snake island apple tiger jungle penguin.", "2024-08-14 17:35:12");
insert into message (user_id, room_id, message_detail, created_at) values (6, 7, "Elephant penguin umbrella penguin banana yacht apple river house dog tiger jungle elephant yacht zebra queen house lion whale village village.", "2024-07-03 19:39:15");
insert into message (user_id, room_id, message_detail, created_at) values (6, 7, "Village lion umbrella island monkey zebra dog penguin kangaroo lion snake yacht apple fish banana penguin.", "2023-12-31 08:36:23");
insert into message (user_id, room_id, message_detail, created_at) values (6, 7, "Umbrella queen island grape whale jungle kangaroo fish umbrella fish monkey banana queen xylophone queen xylophone elephant apple cherry cherry river ocean lion jungle.", "2024-04-17 20:42:18");
insert into task (task_id,sprint_id, task_title, task_description, task_type, due_date, created_at) values (165,4, "Task no. 16", "Ocean house dog xylophone apple jungle elephant elephant jungle penguin monkey river monkey grape dog island elephant river umbrella dog island river apple apple.", "2", "2024-12-05 03:22:22", "2024-11-04 18:14:37");
insert into taskperform (task_id, user_id, created_at) values (165, 6, "2024-12-05 16:07:57");
insert into task (task_id,sprint_id, task_title, task_description, task_type, due_date, created_at) values (166,21, "Task no. 3", "Tiger night house house monkey fish dog cherry penguin cherry yacht whale cherry dog tiger ocean kangaroo house.", "6", "2024-03-22 13:42:03", "2024-03-09 19:06:07");
insert into taskperform (task_id, user_id, created_at) values (166, 6, "2024-07-18 22:15:24");
insert into role (user_id, room_id, role_detail) values (2, 8, 1);
insert into message (user_id, room_id, message_detail, created_at) values (2, 8, "Ocean zebra yacht kangaroo village penguin yacht island cherry fish umbrella island kangaroo river lion fish cherry house xylophone banana yacht.", "2024-10-29 00:24:08");
insert into message (user_id, room_id, message_detail, created_at) values (2, 8, "Kangaroo kangaroo banana fish dog cherry dog kangaroo night tiger.", "2024-06-20 13:55:02");
insert into message (user_id, room_id, message_detail, created_at) values (2, 8, "Grape ocean yacht cherry whale jungle river elephant house grape tiger jungle lion cherry apple house river whale village night night river penguin xylophone lion night yacht banana queen.", "2023-12-30 19:06:27");
insert into message (user_id, room_id, message_detail, created_at) values (2, 8, "Snake penguin zebra house island queen cherry zebra ocean ocean elephant queen zebra fish banana.", "2024-02-23 09:23:37");
insert into message (user_id, room_id, message_detail, created_at) values (2, 8, "Jungle jungle house snake house night zebra cherry tiger fish cherry penguin lion house penguin zebra apple yacht ocean fish elephant monkey dog queen village penguin.", "2024-05-17 06:13:53");
insert into message (user_id, room_id, message_detail, created_at) values (2, 8, "Elephant village jungle yacht yacht banana apple cherry cherry xylophone ocean tiger cherry.", "2024-01-02 15:09:14");
insert into message (user_id, room_id, message_detail, created_at) values (2, 8, "Whale grape elephant fish whale night penguin river banana banana fish elephant fish.", "2024-10-17 16:36:46");
insert into message (user_id, room_id, message_detail, created_at) values (2, 8, "Village apple cherry lion island grape xylophone queen penguin elephant kangaroo apple queen cherry banana ocean zebra tiger banana river.", "2024-09-15 19:38:34");
insert into message (user_id, room_id, message_detail, created_at) values (2, 8, "House zebra elephant snake cherry kangaroo snake village village elephant ocean village night tiger house whale ocean ocean grape grape snake kangaroo whale grape cherry night yacht.", "2024-04-21 13:10:39");
insert into message (user_id, room_id, message_detail, created_at) values (2, 8, "Monkey night elephant cherry elephant fish kangaroo tiger dog whale yacht snake dog apple river night ocean xylophone elephant whale night queen house river village dog jungle river.", "2024-11-18 10:29:20");
insert into message (user_id, room_id, message_detail, created_at) values (2, 8, "House river tiger ocean xylophone night night apple zebra night umbrella zebra elephant yacht monkey.", "2024-03-14 10:59:46");
insert into message (user_id, room_id, message_detail, created_at) values (2, 8, "Whale night grape banana zebra island penguin river umbrella grape penguin.", "2024-03-29 17:17:13");
insert into message (user_id, room_id, message_detail, created_at) values (2, 8, "Jungle river snake cherry xylophone dog penguin night tiger cherry night river river village island.", "2024-10-22 20:52:14");
insert into message (user_id, room_id, message_detail, created_at) values (2, 8, "Ocean fish cherry banana house elephant fish banana ocean queen banana zebra.", "2024-03-14 04:20:55");
insert into message (user_id, room_id, message_detail, created_at) values (2, 8, "House queen ocean yacht penguin tiger ocean lion island cherry whale island fish tiger monkey village elephant umbrella.", "2024-12-11 06:08:01");
insert into message (user_id, room_id, message_detail, created_at) values (2, 8, "Yacht jungle banana cherry penguin dog house house river queen penguin kangaroo grape.", "2024-07-08 06:57:25");
insert into message (user_id, room_id, message_detail, created_at) values (2, 8, "Kangaroo tiger lion dog dog cherry lion river yacht grape xylophone banana jungle yacht yacht jungle yacht.", "2024-01-04 22:10:25");
insert into message (user_id, room_id, message_detail, created_at) values (2, 8, "Kangaroo ocean river banana kangaroo yacht ocean village island banana monkey apple night night banana.", "2024-09-22 15:26:14");
insert into task (task_id,sprint_id, task_title, task_description, task_type, due_date, created_at) values (167,5, "Task no. 20", "Banana apple kangaroo grape snake lion tiger umbrella river umbrella river monkey cherry xylophone lion tiger umbrella fish river zebra house island xylophone island whale village.", "4", "2024-04-19 15:03:17", "2024-02-17 07:53:17");
insert into taskperform (task_id, user_id, created_at) values (167, 2, "2024-02-28 01:13:16");
insert into task (task_id,sprint_id, task_title, task_description, task_type, due_date, created_at) values (168,19, "Task no. 2", "Elephant queen island ocean lion cherry island whale jungle ocean night ocean yacht jungle xylophone grape yacht tiger fish grape grape elephant island river grape zebra kangaroo river apple.", "5", "2024-12-08 20:24:33", "2024-11-30 16:11:01");
insert into taskperform (task_id, user_id, created_at) values (168, 2, "2024-12-06 00:50:59");
insert into task (task_id,sprint_id, task_title, task_description, task_type, due_date, created_at) values (169,5, "Task no. 21", "Queen zebra snake ocean dog ocean whale house monkey queen xylophone jungle kangaroo tiger xylophone yacht jungle banana monkey.", "1", "2024-10-21 22:11:20", "2024-09-20 16:43:52");
insert into taskperform (task_id, user_id, created_at) values (169, 2, "2024-09-29 12:15:28");
insert into task (task_id,sprint_id, task_title, task_description, task_type, due_date, created_at) values (170,9, "Task no. 4", "Apple house whale monkey zebra night jungle whale kangaroo dog tiger kangaroo apple xylophone elephant tiger monkey jungle village penguin xylophone cherry fish.", "5", "2024-09-15 15:35:06", "2024-03-20 18:46:32");
insert into taskperform (task_id, user_id, created_at) values (170, 2, "2024-03-22 23:01:07");
insert into task (task_id,sprint_id, task_title, task_description, task_type, due_date, created_at) values (171,23, "Task no. 1", "Penguin elephant fish xylophone night penguin whale jungle river yacht island ocean cherry night banana yacht grape night queen fish zebra ocean queen village fish banana.", "2", "2024-05-04 17:58:16", "2024-01-02 07:43:58");
insert into task (task_id,sprint_id, task_title, task_description, task_type, due_date, created_at) values (172,20, "Task no. 4", "Dog snake lion jungle snake apple night river dog apple umbrella cherry snake fish snake grape yacht village xylophone dog monkey.", "1", "2024-07-07 19:44:57", "2023-12-18 19:57:42");
insert into task (task_id,sprint_id, task_title, task_description, task_type, due_date, created_at) values (173,17, "Task no. 4", "Monkey xylophone banana fish village house banana yacht zebra grape jungle apple penguin apple.", "2", "2024-11-29 03:59:18", "2024-10-31 13:46:43");
insert into taskperform (task_id, user_id, created_at) values (173, 2, "2024-11-12 11:27:43");
insert into task (task_id,sprint_id, task_title, task_description, task_type, due_date, created_at) values (174,3, "Task no. 16", "Jungle night penguin snake snake snake night tiger house monkey banana house village whale zebra tiger lion ocean banana grape house elephant.", "2", "2024-11-10 11:07:25", "2024-07-13 18:58:14");
insert into taskperform (task_id, user_id, created_at) values (174, 2, "2024-08-16 21:32:23");
insert into task (task_id,sprint_id, task_title, task_description, task_type, due_date, created_at) values (175,8, "Task no. 7", "Jungle monkey village penguin umbrella elephant whale lion yacht banana kangaroo whale zebra.", "4", "2024-10-28 18:41:05", "2024-09-25 00:35:45");
insert into taskperform (task_id, user_id, created_at) values (175, 2, "2024-12-07 04:18:38");
insert into task (task_id,sprint_id, task_title, task_description, task_type, due_date, created_at) values (176,1, "Task no. 17", "Jungle night umbrella zebra cherry night cherry queen queen yacht tiger elephant night island.", "4", "2024-04-16 06:33:42", "2024-01-13 22:24:41");
insert into role (user_id, room_id, role_detail) values (7, 8, 3);
insert into message (user_id, room_id, message_detail, created_at) values (7, 8, "Monkey yacht apple snake cherry whale whale yacht tiger snake elephant night island grape banana.", "2024-08-22 01:26:43");
insert into message (user_id, room_id, message_detail, created_at) values (7, 8, "Apple yacht village monkey xylophone xylophone snake whale elephant river house dog river cherry island whale snake grape night river village snake river ocean island queen village dog dog elephant.", "2023-12-05 07:50:43");
insert into message (user_id, room_id, message_detail, created_at) values (7, 8, "Elephant snake queen night river village grape whale monkey ocean queen grape cherry lion banana yacht queen river xylophone umbrella river island penguin xylophone.", "2024-05-23 05:14:33");
insert into message (user_id, room_id, message_detail, created_at) values (7, 8, "Tiger tiger fish dog fish grape whale queen tiger penguin umbrella house ocean snake cherry grape lion snake penguin yacht tiger jungle tiger island jungle yacht whale penguin ocean fish.", "2024-08-16 07:39:55");
insert into message (user_id, room_id, message_detail, created_at) values (7, 8, "Dog island island umbrella fish grape island house lion elephant tiger xylophone house cherry queen elephant house village jungle river queen tiger village yacht yacht fish jungle apple ocean island.", "2024-09-02 04:44:14");
insert into message (user_id, room_id, message_detail, created_at) values (7, 8, "Cherry xylophone queen kangaroo kangaroo lion jungle umbrella zebra elephant.", "2024-01-15 21:20:16");
insert into message (user_id, room_id, message_detail, created_at) values (7, 8, "Night snake penguin tiger apple night house fish xylophone penguin yacht tiger fish xylophone yacht jungle queen dog lion monkey lion fish grape whale kangaroo.", "2024-12-12 12:08:19");
insert into message (user_id, room_id, message_detail, created_at) values (7, 8, "Jungle queen jungle queen snake monkey fish apple night fish fish cherry.", "2023-12-30 20:06:37");
insert into message (user_id, room_id, message_detail, created_at) values (7, 8, "Jungle elephant island elephant night grape penguin grape village whale xylophone umbrella jungle jungle umbrella house house dog queen penguin queen.", "2024-07-27 21:40:43");
insert into message (user_id, room_id, message_detail, created_at) values (7, 8, "Fish kangaroo yacht fish lion house dog whale whale banana banana ocean.", "2024-11-27 03:14:25");
insert into message (user_id, room_id, message_detail, created_at) values (7, 8, "Grape dog whale night island zebra house jungle penguin penguin lion queen queen queen village village elephant ocean village ocean.", "2023-12-05 00:19:42");
insert into message (user_id, room_id, message_detail, created_at) values (7, 8, "Cherry umbrella jungle jungle lion ocean elephant tiger kangaroo grape lion village island fish xylophone jungle elephant lion zebra yacht.", "2024-04-03 01:05:04");
insert into message (user_id, room_id, message_detail, created_at) values (7, 8, "Ocean zebra banana yacht fish apple monkey house ocean house queen elephant zebra penguin elephant grape snake umbrella elephant grape zebra island cherry queen queen monkey river grape grape monkey.", "2024-11-22 09:28:47");
insert into message (user_id, room_id, message_detail, created_at) values (7, 8, "Island banana night yacht xylophone monkey yacht snake village dog monkey zebra whale tiger dog elephant whale elephant island.", "2024-01-12 13:45:02");
insert into message (user_id, room_id, message_detail, created_at) values (7, 8, "Village cherry cherry tiger umbrella kangaroo tiger village fish banana fish island ocean lion apple snake yacht apple queen ocean banana tiger river apple.", "2024-04-12 12:17:33");
insert into message (user_id, room_id, message_detail, created_at) values (7, 8, "Cherry ocean cherry monkey banana queen elephant whale lion zebra yacht banana island tiger village river lion dog cherry xylophone fish cherry grape river xylophone house village dog.", "2024-08-08 13:32:21");
insert into task (task_id,sprint_id, task_title, task_description, task_type, due_date, created_at) values (177,23, "Task no. 2", "Xylophone whale house umbrella grape snake jungle umbrella kangaroo tiger cherry night river night banana island snake house village umbrella kangaroo umbrella kangaroo.", "2", "2024-06-15 00:09:26", "2024-05-24 00:47:10");
insert into taskperform (task_id, user_id, created_at) values (177, 7, "2024-06-18 07:33:42");
insert into task (task_id,sprint_id, task_title, task_description, task_type, due_date, created_at) values (178,23, "Task no. 3", "Cherry fish monkey tiger whale elephant queen ocean dog grape umbrella umbrella umbrella umbrella village fish village cherry river river penguin island lion dog.", "5", "2024-05-21 09:03:11", "2024-01-08 09:49:20");
insert into taskperform (task_id, user_id, created_at) values (178, 7, "2024-10-21 00:09:28");
insert into task (task_id,sprint_id, task_title, task_description, task_type, due_date, created_at) values (179,6, "Task no. 14", "Fish elephant house zebra monkey dog queen island monkey xylophone cherry ocean apple yacht xylophone monkey night apple grape kangaroo umbrella dog banana.", "4", "2024-09-25 12:12:23", "2024-04-15 13:25:29");
insert into taskperform (task_id, user_id, created_at) values (179, 7, "2024-10-28 21:18:48");
insert into role (user_id, room_id, role_detail) values (5, 8, 3);
insert into message (user_id, room_id, message_detail, created_at) values (5, 8, "Night island penguin whale whale village jungle apple snake whale yacht village house lion snake night village umbrella dog ocean xylophone zebra elephant apple village night.", "2024-10-31 04:24:00");
insert into message (user_id, room_id, message_detail, created_at) values (5, 8, "Queen tiger cherry cherry whale snake cherry river river tiger cherry umbrella river jungle banana zebra tiger jungle xylophone queen house village ocean penguin ocean lion ocean.", "2024-03-24 08:56:15");
insert into message (user_id, room_id, message_detail, created_at) values (5, 8, "River tiger night tiger monkey whale whale banana elephant penguin apple house tiger umbrella night queen kangaroo lion umbrella banana village penguin umbrella kangaroo umbrella banana.", "2024-09-25 01:32:44");
insert into message (user_id, room_id, message_detail, created_at) values (5, 8, "Village kangaroo grape grape zebra umbrella tiger night whale tiger ocean ocean penguin yacht penguin jungle dog island island.", "2024-05-11 03:24:07");
insert into message (user_id, room_id, message_detail, created_at) values (5, 8, "Xylophone ocean kangaroo cherry snake village island elephant elephant banana tiger snake whale tiger grape.", "2023-12-18 22:32:47");
insert into message (user_id, room_id, message_detail, created_at) values (5, 8, "Penguin kangaroo yacht yacht elephant xylophone monkey yacht snake river yacht banana kangaroo snake fish river island penguin.", "2024-04-20 23:07:20");
insert into message (user_id, room_id, message_detail, created_at) values (5, 8, "Night queen fish umbrella lion penguin dog banana yacht monkey river house jungle cherry whale house penguin cherry jungle kangaroo ocean elephant ocean banana house umbrella.", "2024-07-18 18:25:03");
insert into message (user_id, room_id, message_detail, created_at) values (5, 8, "Umbrella island yacht xylophone elephant river whale banana yacht house.", "2024-07-21 03:10:30");
insert into message (user_id, room_id, message_detail, created_at) values (5, 8, "Lion jungle lion zebra banana zebra village yacht dog night banana umbrella apple apple river monkey banana xylophone night river snake.", "2024-07-10 08:18:33");
insert into message (user_id, room_id, message_detail, created_at) values (5, 8, "Grape jungle village banana elephant monkey penguin queen ocean monkey queen river dog village.", "2024-06-14 04:19:59");
insert into message (user_id, room_id, message_detail, created_at) values (5, 8, "Whale monkey night banana xylophone grape monkey village cherry cherry snake.", "2024-04-24 18:17:37");
insert into message (user_id, room_id, message_detail, created_at) values (5, 8, "Cherry monkey yacht village xylophone monkey zebra fish xylophone kangaroo snake lion night lion cherry zebra xylophone cherry xylophone.", "2024-01-22 07:33:45");
insert into message (user_id, room_id, message_detail, created_at) values (5, 8, "Village monkey tiger tiger banana elephant house snake island xylophone house house yacht elephant kangaroo ocean umbrella house kangaroo night xylophone queen tiger jungle village jungle.", "2024-06-28 01:59:50");
insert into message (user_id, room_id, message_detail, created_at) values (5, 8, "Tiger tiger banana snake apple elephant ocean dog monkey umbrella fish house house tiger cherry cherry ocean night tiger night snake whale penguin yacht snake tiger kangaroo night.", "2024-11-08 05:23:58");
insert into message (user_id, room_id, message_detail, created_at) values (5, 8, "Penguin village ocean banana grape house whale village fish house snake grape banana snake banana penguin village jungle queen dog jungle lion village monkey river dog tiger grape umbrella.", "2024-08-14 14:33:24");
insert into message (user_id, room_id, message_detail, created_at) values (5, 8, "Penguin elephant island zebra fish lion xylophone monkey lion zebra monkey ocean dog banana jungle whale river monkey village lion umbrella elephant cherry xylophone penguin zebra yacht.", "2024-01-30 14:49:28");
insert into message (user_id, room_id, message_detail, created_at) values (5, 8, "Elephant grape house yacht xylophone ocean tiger zebra monkey tiger ocean umbrella cherry tiger yacht kangaroo cherry apple village tiger zebra queen whale night dog snake.", "2024-10-11 17:28:55");
insert into message (user_id, room_id, message_detail, created_at) values (5, 8, "Xylophone snake umbrella night monkey lion river penguin queen jungle lion dog fish whale jungle banana village night.", "2024-08-25 19:25:28");
insert into message (user_id, room_id, message_detail, created_at) values (5, 8, "River penguin xylophone river elephant house lion penguin cherry grape jungle penguin tiger xylophone night.", "2024-07-22 16:42:47");
insert into message (user_id, room_id, message_detail, created_at) values (5, 8, "Tiger island ocean night queen zebra night grape fish umbrella banana.", "2024-02-22 09:04:07");
insert into task (task_id,sprint_id, task_title, task_description, task_type, due_date, created_at) values (180,20, "Task no. 5", "Banana lion lion fish elephant elephant penguin river dog xylophone cherry zebra night penguin.", "5", "2024-08-22 18:35:34", "2024-05-01 06:36:12");
insert into taskperform (task_id, user_id, created_at) values (180, 5, "2024-07-04 05:26:58");
insert into task (task_id,sprint_id, task_title, task_description, task_type, due_date, created_at) values (181,1, "Task no. 18", "Yacht xylophone lion banana penguin tiger yacht lion queen house apple zebra banana night zebra island house whale night village tiger umbrella.", "4", "2024-10-27 10:07:04", "2024-07-17 13:05:32");
insert into taskperform (task_id, user_id, created_at) values (181, 5, "2024-11-13 02:47:06");
insert into task (task_id,sprint_id, task_title, task_description, task_type, due_date, created_at) values (182,15, "Task no. 6", "Night kangaroo queen jungle ocean monkey yacht whale kangaroo house river apple monkey umbrella apple dog jungle grape monkey cherry yacht xylophone dog queen kangaroo kangaroo kangaroo jungle.", "6", "2024-07-27 11:22:11", "2023-12-28 07:27:48");
insert into taskperform (task_id, user_id, created_at) values (182, 5, "2024-09-05 10:36:36");
insert into task (task_id,sprint_id, task_title, task_description, task_type, due_date, created_at) values (183,23, "Task no. 4", "Zebra kangaroo night island banana grape queen apple apple kangaroo lion house umbrella tiger.", "2", "2024-11-03 19:21:49", "2024-10-02 05:15:07");
insert into task (task_id,sprint_id, task_title, task_description, task_type, due_date, created_at) values (184,16, "Task no. 4", "Queen yacht queen kangaroo lion umbrella xylophone banana house grape dog fish river xylophone whale fish grape lion river house night village dog penguin lion umbrella.", "1", "2024-09-16 09:34:17", "2024-05-22 11:53:28");
insert into taskperform (task_id, user_id, created_at) values (184, 5, "2024-07-11 21:27:35");
insert into task (task_id,sprint_id, task_title, task_description, task_type, due_date, created_at) values (185,15, "Task no. 7", "Lion whale lion island zebra fish cherry grape snake apple cherry house penguin.", "4", "2024-07-11 11:32:19", "2024-03-06 10:47:23");
insert into taskperform (task_id, user_id, created_at) values (185, 5, "2024-04-07 19:11:24");
insert into sprint (room_id, sprint_name, created_at) values (9, "Sprint no. 1" , "2024-09-08 12:32:55");
insert into sprint (room_id, sprint_name, created_at) values (9, "Sprint no. 2" , "2024-09-28 20:03:08");
insert into sprint (room_id, sprint_name, created_at) values (9, "Sprint no. 3" , "2024-12-06 09:32:11");
insert into role (user_id, room_id, role_detail) values (9, 9, 1);
insert into message (user_id, room_id, message_detail, created_at) values (9, 9, "Penguin fish apple island river village zebra apple kangaroo yacht grape jungle house ocean river.", "2024-09-10 16:58:01");
insert into message (user_id, room_id, message_detail, created_at) values (9, 9, "Grape fish cherry dog monkey zebra kangaroo night house jungle whale river village snake grape.", "2024-10-16 04:08:26");
insert into message (user_id, room_id, message_detail, created_at) values (9, 9, "House lion village kangaroo dog lion night tiger monkey cherry xylophone night lion banana umbrella kangaroo penguin snake banana tiger kangaroo snake tiger queen night xylophone.", "2024-12-02 21:20:24");
insert into message (user_id, room_id, message_detail, created_at) values (9, 9, "Dog village monkey river dog grape grape xylophone cherry elephant zebra house queen.", "2024-06-12 06:28:11");
insert into message (user_id, room_id, message_detail, created_at) values (9, 9, "Night monkey night xylophone cherry river monkey zebra fish ocean village elephant lion jungle house kangaroo snake monkey night fish.", "2024-10-24 02:10:55");
insert into message (user_id, room_id, message_detail, created_at) values (9, 9, "River banana banana kangaroo zebra dog umbrella xylophone apple river umbrella whale night ocean elephant zebra fish cherry yacht elephant banana snake elephant cherry.", "2024-03-19 01:16:09");
insert into message (user_id, room_id, message_detail, created_at) values (9, 9, "Lion village queen yacht monkey lion jungle tiger house grape queen.", "2024-03-21 22:52:10");
insert into message (user_id, room_id, message_detail, created_at) values (9, 9, "House dog lion penguin river monkey penguin yacht grape penguin monkey penguin banana house ocean cherry penguin dog umbrella snake ocean elephant house fish lion snake.", "2024-10-12 15:40:22");
insert into message (user_id, room_id, message_detail, created_at) values (9, 9, "Banana penguin fish grape apple village apple dog zebra dog apple monkey zebra snake kangaroo.", "2024-08-25 05:28:50");
insert into message (user_id, room_id, message_detail, created_at) values (9, 9, "Ocean jungle cherry grape ocean tiger monkey snake tiger dog ocean whale night umbrella umbrella.", "2024-08-11 00:00:25");
insert into message (user_id, room_id, message_detail, created_at) values (9, 9, "Apple whale banana fish cherry whale snake umbrella kangaroo umbrella apple tiger.", "2024-02-13 10:37:13");
insert into message (user_id, room_id, message_detail, created_at) values (9, 9, "River dog elephant river penguin yacht umbrella penguin yacht lion grape grape queen ocean kangaroo cherry lion cherry jungle lion yacht kangaroo cherry house umbrella cherry zebra jungle kangaroo whale.", "2024-10-08 14:55:07");
insert into message (user_id, room_id, message_detail, created_at) values (9, 9, "Banana kangaroo fish fish yacht monkey house umbrella cherry xylophone zebra kangaroo village queen jungle apple queen tiger lion village grape whale.", "2024-12-10 16:27:14");
insert into message (user_id, room_id, message_detail, created_at) values (9, 9, "Elephant monkey penguin zebra apple xylophone dog monkey night queen grape zebra kangaroo lion village apple whale umbrella.", "2024-07-16 17:25:09");
insert into message (user_id, room_id, message_detail, created_at) values (9, 9, "Night village tiger ocean grape lion snake village cherry lion apple house river.", "2024-04-21 05:27:59");
insert into message (user_id, room_id, message_detail, created_at) values (9, 9, "Zebra jungle kangaroo fish elephant monkey monkey grape banana island house lion umbrella ocean elephant river zebra night elephant snake zebra tiger monkey jungle jungle elephant monkey cherry.", "2024-07-28 00:32:57");
insert into message (user_id, room_id, message_detail, created_at) values (9, 9, "Island umbrella island house queen monkey ocean penguin cherry xylophone kangaroo house apple cherry grape umbrella cherry banana ocean umbrella yacht kangaroo dog dog river grape grape monkey snake.", "2024-10-13 23:34:50");
insert into task (task_id,sprint_id, task_title, task_description, task_type, due_date, created_at) values (186,14, "Task no. 6", "Jungle yacht tiger monkey village house queen island queen village zebra ocean island snake.", "3", "2024-03-28 15:00:55", "2023-12-04 04:58:22");
insert into taskperform (task_id, user_id, created_at) values (186, 9, "2024-02-17 17:49:15");
insert into task (task_id,sprint_id, task_title, task_description, task_type, due_date, created_at) values (187,25, "Task no. 1", "Elephant queen zebra tiger fish elephant night banana grape elephant yacht tiger grape apple grape kangaroo snake apple monkey zebra dog queen tiger.", "1", "2024-06-12 07:37:48", "2024-04-20 11:47:31");
insert into taskperform (task_id, user_id, created_at) values (187, 9, "2024-06-24 01:46:09");
insert into task (task_id,sprint_id, task_title, task_description, task_type, due_date, created_at) values (188,15, "Task no. 8", "Tiger umbrella jungle xylophone river cherry dog island elephant dog xylophone banana umbrella snake.", "1", "2024-06-19 09:34:13", "2024-04-02 22:31:12");
insert into taskperform (task_id, user_id, created_at) values (188, 9, "2024-11-22 23:48:41");
insert into task (task_id,sprint_id, task_title, task_description, task_type, due_date, created_at) values (189,18, "Task no. 4", "River dog umbrella snake penguin lion house grape house village.", "6", "2024-10-12 07:06:51", "2024-02-18 17:15:37");
insert into taskperform (task_id, user_id, created_at) values (189, 9, "2024-10-16 18:15:41");
insert into task (task_id,sprint_id, task_title, task_description, task_type, due_date, created_at) values (190,13, "Task no. 5", "Village yacht elephant grape zebra grape kangaroo elephant jungle jungle village penguin night ocean jungle whale yacht banana house house elephant kangaroo queen banana river snake lion banana.", "5", "2024-08-26 19:56:42", "2024-03-26 16:29:23");
insert into taskperform (task_id, user_id, created_at) values (190, 9, "2024-12-03 03:41:12");
insert into task (task_id,sprint_id, task_title, task_description, task_type, due_date, created_at) values (191,21, "Task no. 4", "Lion penguin island kangaroo monkey zebra fish ocean monkey ocean house banana jungle yacht umbrella house snake tiger elephant island river kangaroo snake apple dog river cherry snake.", "1", "2024-11-19 14:04:10", "2024-09-14 12:09:33");
insert into taskperform (task_id, user_id, created_at) values (191, 9, "2024-11-29 10:41:07");
insert into task (task_id,sprint_id, task_title, task_description, task_type, due_date, created_at) values (192,8, "Task no. 8", "Village umbrella yacht umbrella fish penguin lion snake cherry jungle lion xylophone queen apple.", "2", "2024-06-28 14:14:43", "2024-05-06 13:09:54");
insert into taskperform (task_id, user_id, created_at) values (192, 9, "2024-09-05 03:05:22");
insert into role (user_id, room_id, role_detail) values (1, 9, 2);
insert into message (user_id, room_id, message_detail, created_at) values (1, 9, "Island whale kangaroo umbrella xylophone banana monkey snake xylophone elephant monkey xylophone ocean.", "2024-12-06 21:55:52");
insert into message (user_id, room_id, message_detail, created_at) values (1, 9, "Ocean umbrella umbrella whale apple river fish whale jungle banana kangaroo tiger grape.", "2024-03-22 09:41:42");
insert into message (user_id, room_id, message_detail, created_at) values (1, 9, "Village snake fish apple penguin xylophone fish village kangaroo banana kangaroo umbrella elephant.", "2024-11-11 14:51:06");
insert into message (user_id, room_id, message_detail, created_at) values (1, 9, "Monkey dog elephant ocean penguin dog yacht queen elephant zebra fish xylophone zebra ocean night ocean monkey house ocean house village river grape.", "2024-01-25 17:02:26");
insert into message (user_id, room_id, message_detail, created_at) values (1, 9, "Kangaroo tiger night lion jungle whale river grape whale umbrella snake lion fish.", "2023-12-21 07:30:31");
insert into message (user_id, room_id, message_detail, created_at) values (1, 9, "Tiger xylophone zebra tiger kangaroo fish penguin cherry lion lion island umbrella tiger.", "2023-12-27 17:19:34");
insert into message (user_id, room_id, message_detail, created_at) values (1, 9, "River yacht night whale elephant monkey ocean umbrella island lion elephant penguin kangaroo night house yacht lion yacht zebra fish ocean dog.", "2024-10-23 23:43:49");
insert into message (user_id, room_id, message_detail, created_at) values (1, 9, "River apple zebra zebra night jungle queen night ocean night zebra umbrella grape grape fish queen yacht lion monkey.", "2024-04-29 23:57:05");
insert into message (user_id, room_id, message_detail, created_at) values (1, 9, "Whale dog cherry kangaroo fish fish whale fish river night zebra zebra tiger penguin river.", "2024-06-26 07:38:54");
insert into message (user_id, room_id, message_detail, created_at) values (1, 9, "Zebra penguin island monkey penguin queen jungle village dog night penguin whale kangaroo xylophone whale dog zebra.", "2024-10-12 04:46:25");
insert into message (user_id, room_id, message_detail, created_at) values (1, 9, "Kangaroo umbrella cherry fish cherry apple kangaroo river banana tiger kangaroo apple fish jungle xylophone jungle elephant fish lion ocean river ocean penguin yacht zebra fish yacht xylophone.", "2024-03-05 00:12:49");
insert into message (user_id, room_id, message_detail, created_at) values (1, 9, "Dog elephant whale monkey island snake elephant jungle yacht river cherry apple whale jungle elephant village yacht fish queen whale dog umbrella yacht umbrella snake lion river zebra.", "2024-11-08 17:55:28");
insert into message (user_id, room_id, message_detail, created_at) values (1, 9, "Village banana penguin xylophone zebra banana monkey night house island night jungle lion banana monkey banana umbrella village.", "2024-04-28 03:11:51");
insert into message (user_id, room_id, message_detail, created_at) values (1, 9, "Island island grape banana grape queen lion tiger grape zebra lion banana lion whale house river tiger zebra village island elephant kangaroo island.", "2024-08-03 17:44:04");
insert into message (user_id, room_id, message_detail, created_at) values (1, 9, "Kangaroo dog river village village zebra kangaroo penguin queen river umbrella river.", "2024-11-04 18:00:16");
insert into message (user_id, room_id, message_detail, created_at) values (1, 9, "Xylophone night banana night banana queen ocean lion river house island penguin ocean house tiger snake jungle zebra xylophone fish apple ocean banana banana cherry house.", "2024-10-21 18:49:12");
insert into message (user_id, room_id, message_detail, created_at) values (1, 9, "Penguin ocean snake kangaroo queen zebra xylophone lion penguin elephant cherry banana yacht cherry umbrella yacht cherry apple penguin snake.", "2023-12-07 10:21:10");
insert into task (task_id,sprint_id, task_title, task_description, task_type, due_date, created_at) values (193,11, "Task no. 7", "Apple banana penguin umbrella kangaroo banana night river grape dog umbrella xylophone house fish yacht ocean yacht penguin.", "4", "2024-10-29 20:27:56", "2024-06-08 15:10:45");
insert into role (user_id, room_id, role_detail) values (2, 9, 2);
insert into message (user_id, room_id, message_detail, created_at) values (2, 9, "Elephant island house fish cherry xylophone queen dog village umbrella yacht ocean yacht kangaroo grape tiger ocean penguin river apple cherry dog kangaroo village penguin whale dog xylophone fish.", "2024-05-25 18:55:15");
insert into message (user_id, room_id, message_detail, created_at) values (2, 9, "Banana fish ocean zebra grape yacht xylophone umbrella yacht yacht jungle lion zebra.", "2024-07-21 10:45:21");
insert into message (user_id, room_id, message_detail, created_at) values (2, 9, "Umbrella xylophone lion kangaroo ocean fish banana jungle jungle ocean village jungle fish grape zebra yacht.", "2024-08-04 07:06:19");
insert into message (user_id, room_id, message_detail, created_at) values (2, 9, "Whale house queen monkey river tiger xylophone apple cherry lion island elephant night zebra monkey xylophone lion jungle river island night tiger banana tiger whale fish.", "2024-11-23 09:37:39");
insert into message (user_id, room_id, message_detail, created_at) values (2, 9, "Tiger night whale zebra queen grape jungle grape village monkey night cherry snake river yacht river queen cherry banana tiger ocean apple island monkey cherry kangaroo umbrella umbrella house xylophone.", "2024-01-08 01:35:25");
insert into message (user_id, room_id, message_detail, created_at) values (2, 9, "Jungle monkey cherry umbrella fish snake dog banana umbrella elephant penguin cherry queen zebra penguin banana xylophone dog queen umbrella xylophone kangaroo cherry penguin.", "2024-05-16 19:37:29");
insert into message (user_id, room_id, message_detail, created_at) values (2, 9, "Island elephant penguin penguin house apple yacht snake grape kangaroo yacht kangaroo tiger.", "2024-04-02 00:36:31");
insert into message (user_id, room_id, message_detail, created_at) values (2, 9, "Lion lion village island house zebra fish apple lion dog ocean queen lion elephant river umbrella lion queen grape night banana umbrella ocean fish river island.", "2024-01-06 02:31:51");
insert into message (user_id, room_id, message_detail, created_at) values (2, 9, "Night grape fish grape monkey zebra grape apple umbrella umbrella snake queen.", "2024-06-28 18:21:57");
insert into message (user_id, room_id, message_detail, created_at) values (2, 9, "Queen lion yacht xylophone xylophone ocean ocean umbrella zebra fish lion queen zebra tiger island island zebra xylophone jungle xylophone tiger.", "2024-03-12 05:40:31");
insert into message (user_id, room_id, message_detail, created_at) values (2, 9, "Jungle jungle village apple lion whale umbrella ocean penguin apple grape ocean house umbrella apple ocean umbrella ocean fish fish river.", "2024-09-27 01:16:17");
insert into message (user_id, room_id, message_detail, created_at) values (2, 9, "Snake banana snake whale house tiger xylophone lion tiger dog umbrella grape dog elephant banana house tiger penguin whale cherry kangaroo yacht jungle queen yacht yacht jungle.", "2024-04-04 08:44:39");
insert into message (user_id, room_id, message_detail, created_at) values (2, 9, "Yacht yacht snake monkey river queen grape apple elephant dog kangaroo fish tiger lion village banana.", "2024-08-19 06:09:03");
insert into message (user_id, room_id, message_detail, created_at) values (2, 9, "Cherry monkey lion jungle grape xylophone yacht monkey monkey elephant yacht queen kangaroo.", "2023-12-12 11:47:25");
insert into message (user_id, room_id, message_detail, created_at) values (2, 9, "Umbrella apple island night xylophone house xylophone island whale xylophone tiger snake lion jungle umbrella kangaroo cherry penguin kangaroo apple queen elephant.", "2024-07-06 05:57:09");
insert into message (user_id, room_id, message_detail, created_at) values (2, 9, "Lion grape village fish umbrella dog dog apple apple monkey umbrella zebra house snake banana house grape jungle village fish whale penguin elephant island village lion island island.", "2024-11-28 21:32:59");
insert into message (user_id, room_id, message_detail, created_at) values (2, 9, "Apple grape tiger island zebra fish cherry grape island river river zebra monkey jungle elephant kangaroo apple.", "2023-12-14 14:06:33");
insert into message (user_id, room_id, message_detail, created_at) values (2, 9, "Jungle island cherry ocean apple grape monkey elephant xylophone river snake jungle zebra zebra elephant night island xylophone tiger penguin.", "2024-10-23 00:04:50");
insert into message (user_id, room_id, message_detail, created_at) values (2, 9, "River night umbrella umbrella fish elephant house queen cherry apple night.", "2024-01-22 04:12:13");
insert into message (user_id, room_id, message_detail, created_at) values (2, 9, "Elephant elephant kangaroo yacht umbrella cherry monkey penguin cherry elephant penguin ocean monkey banana whale umbrella river xylophone monkey banana tiger umbrella queen river river apple elephant dog.", "2024-02-10 22:17:10");
insert into task (task_id,sprint_id, task_title, task_description, task_type, due_date, created_at) values (194,25, "Task no. 2", "Umbrella elephant queen apple night jungle island whale queen xylophone snake monkey lion dog lion kangaroo snake island lion zebra jungle whale cherry river.", "5", "2024-10-01 17:54:22", "2024-05-25 06:44:24");
insert into taskperform (task_id, user_id, created_at) values (194, 2, "2024-05-28 04:40:39");
insert into task (task_id,sprint_id, task_title, task_description, task_type, due_date, created_at) values (195,15, "Task no. 9", "Apple night kangaroo elephant elephant dog zebra village grape lion dog monkey.", "4", "2024-11-21 16:28:18", "2024-11-16 17:05:09");
insert into taskperform (task_id, user_id, created_at) values (195, 2, "2024-11-26 07:44:53");
insert into task (task_id,sprint_id, task_title, task_description, task_type, due_date, created_at) values (196,3, "Task no. 17", "Lion house monkey tiger zebra monkey elephant lion queen ocean kangaroo elephant kangaroo ocean fish queen village night apple lion fish apple fish grape.", "2", "2024-10-22 23:00:29", "2024-09-12 01:26:05");
insert into taskperform (task_id, user_id, created_at) values (196, 2, "2024-09-13 02:24:52");
insert into role (user_id, room_id, role_detail) values (8, 9, 3);
insert into message (user_id, room_id, message_detail, created_at) values (8, 9, "Village whale cherry kangaroo tiger island banana night snake house banana fish river kangaroo elephant house zebra yacht grape fish apple fish.", "2024-06-04 09:39:38");
insert into message (user_id, room_id, message_detail, created_at) values (8, 9, "Elephant apple river village house queen village river jungle cherry house xylophone umbrella snake dog penguin dog grape.", "2024-10-19 09:46:15");
insert into message (user_id, room_id, message_detail, created_at) values (8, 9, "Ocean snake house night elephant river banana dog xylophone snake xylophone monkey elephant snake house night xylophone apple.", "2024-12-12 17:14:45");
insert into message (user_id, room_id, message_detail, created_at) values (8, 9, "Dog village village fish tiger yacht snake apple elephant river apple umbrella apple lion lion zebra xylophone elephant queen whale village xylophone banana.", "2024-05-08 05:34:44");
insert into message (user_id, room_id, message_detail, created_at) values (8, 9, "Island island xylophone zebra zebra river fish fish zebra queen grape.", "2024-09-18 22:59:18");
insert into message (user_id, room_id, message_detail, created_at) values (8, 9, "Xylophone island island xylophone dog tiger penguin snake lion jungle fish fish ocean kangaroo grape night cherry.", "2024-12-03 12:14:37");
insert into message (user_id, room_id, message_detail, created_at) values (8, 9, "Yacht kangaroo whale grape yacht fish village village grape apple monkey night night banana snake village ocean penguin kangaroo penguin snake apple dog cherry elephant lion ocean.", "2024-10-18 08:30:28");
insert into message (user_id, room_id, message_detail, created_at) values (8, 9, "Monkey lion xylophone night queen jungle kangaroo river elephant xylophone xylophone queen river umbrella river river whale.", "2024-11-06 04:17:38");
insert into message (user_id, room_id, message_detail, created_at) values (8, 9, "Penguin monkey grape snake river elephant apple fish penguin jungle umbrella cherry jungle whale kangaroo cherry elephant tiger night penguin village night xylophone monkey.", "2024-05-27 02:40:41");
insert into message (user_id, room_id, message_detail, created_at) values (8, 9, "Lion yacht whale xylophone lion tiger village kangaroo tiger dog.", "2024-01-24 04:19:06");
insert into message (user_id, room_id, message_detail, created_at) values (8, 9, "Grape night grape yacht cherry elephant fish queen river dog lion monkey dog tiger apple village monkey house fish cherry penguin jungle cherry ocean ocean xylophone queen yacht.", "2024-03-13 06:08:38");
insert into message (user_id, room_id, message_detail, created_at) values (8, 9, "House yacht yacht zebra whale queen river kangaroo elephant xylophone tiger monkey queen elephant whale snake dog penguin lion umbrella cherry.", "2024-08-13 16:14:17");
insert into task (task_id,sprint_id, task_title, task_description, task_type, due_date, created_at) values (197,7, "Task no. 7", "Jungle house zebra umbrella fish night snake umbrella grape jungle kangaroo house fish grape queen whale.", "1", "2024-05-29 05:26:41", "2024-05-17 20:25:25");
insert into taskperform (task_id, user_id, created_at) values (197, 8, "2024-11-11 19:34:52");
insert into task (task_id,sprint_id, task_title, task_description, task_type, due_date, created_at) values (198,10, "Task no. 6", "Jungle apple apple river apple island jungle night umbrella river penguin umbrella island fish tiger cherry apple cherry cherry night yacht zebra penguin snake cherry kangaroo.", "2", "2024-05-29 15:54:36", "2023-12-18 08:52:07");
insert into taskperform (task_id, user_id, created_at) values (198, 8, "2024-02-15 20:32:08");
insert into task (task_id,sprint_id, task_title, task_description, task_type, due_date, created_at) values (199,24, "Task no. 1", "Tiger dog apple snake snake jungle river snake ocean whale.", "6", "2024-05-17 03:17:44", "2024-03-25 10:02:33");
insert into taskperform (task_id, user_id, created_at) values (199, 8, "2024-10-26 12:55:18");
insert into task (task_id,sprint_id, task_title, task_description, task_type, due_date, created_at) values (200,25, "Task no. 3", "Lion penguin grape river tiger snake xylophone island kangaroo village island umbrella umbrella umbrella zebra.", "2", "2024-10-31 20:56:42", "2024-07-04 18:04:14");
insert into taskperform (task_id, user_id, created_at) values (200, 8, "2024-07-15 05:48:38");
insert into task (task_id,sprint_id, task_title, task_description, task_type, due_date, created_at) values (201,6, "Task no. 15", "Penguin dog monkey dog river grape grape fish monkey kangaroo kangaroo night lion tiger village kangaroo banana cherry lion whale tiger.", "5", "2024-06-03 04:17:09", "2024-02-11 21:33:14");
insert into task (task_id,sprint_id, task_title, task_description, task_type, due_date, created_at) values (202,2, "Task no. 27", "Elephant fish village tiger whale umbrella river dog village river apple.", "1", "2024-09-14 16:12:43", "2023-12-09 06:11:52");
insert into taskperform (task_id, user_id, created_at) values (202, 8, "2024-02-11 13:46:39");
insert into task (task_id,sprint_id, task_title, task_description, task_type, due_date, created_at) values (203,16, "Task no. 5", "Banana grape lion monkey whale village kangaroo ocean umbrella jungle penguin lion grape lion elephant island whale yacht queen elephant zebra night whale river.", "2", "2024-10-21 05:35:37", "2024-04-21 08:40:26");
insert into taskperform (task_id, user_id, created_at) values (203, 8, "2024-05-30 02:52:16");
insert into task (task_id,sprint_id, task_title, task_description, task_type, due_date, created_at) values (204,12, "Task no. 3", "Tiger elephant umbrella house river zebra zebra night village penguin village night night snake jungle.", "6", "2024-02-24 21:02:02", "2024-01-08 06:28:52");
insert into taskperform (task_id, user_id, created_at) values (204, 8, "2024-02-13 15:48:39");
insert into task (task_id,sprint_id, task_title, task_description, task_type, due_date, created_at) values (205,11, "Task no. 8", "Banana village jungle island queen island apple night banana whale cherry.", "5", "2024-12-10 16:14:12", "2024-08-31 18:01:58");
insert into taskperform (task_id, user_id, created_at) values (205, 8, "2024-09-26 14:00:46");
insert into task (task_id,sprint_id, task_title, task_description, task_type, due_date, created_at) values (206,3, "Task no. 18", "Yacht penguin grape kangaroo night cherry cherry river elephant monkey jungle banana cherry village queen night tiger jungle island river monkey river monkey banana.", "1", "2024-10-09 02:02:44", "2024-09-16 02:18:24");
insert into taskperform (task_id, user_id, created_at) values (206, 8, "2024-10-13 15:16:04");
insert into role (user_id, room_id, role_detail) values (6, 9, 3);
insert into message (user_id, room_id, message_detail, created_at) values (6, 9, "Elephant yacht night fish lion queen umbrella jungle tiger fish cherry island umbrella banana grape penguin river apple banana village elephant monkey island fish ocean dog elephant night elephant.", "2024-09-24 13:05:54");
insert into message (user_id, room_id, message_detail, created_at) values (6, 9, "Tiger queen umbrella fish night umbrella yacht zebra night river ocean snake house apple apple yacht umbrella night umbrella village.", "2024-11-27 21:17:38");
insert into message (user_id, room_id, message_detail, created_at) values (6, 9, "House night dog kangaroo dog night banana penguin apple cherry grape kangaroo snake banana queen whale apple kangaroo jungle grape yacht xylophone river penguin cherry kangaroo elephant whale.", "2024-11-19 03:56:10");
insert into task (task_id,sprint_id, task_title, task_description, task_type, due_date, created_at) values (207,24, "Task no. 2", "Cherry umbrella fish lion kangaroo xylophone kangaroo xylophone lion night grape banana fish umbrella banana penguin village jungle dog river penguin xylophone kangaroo monkey.", "6", "2024-11-24 16:45:10", "2024-11-04 10:35:56");
insert into taskperform (task_id, user_id, created_at) values (207, 6, "2024-12-06 01:42:21");
insert into task (task_id,sprint_id, task_title, task_description, task_type, due_date, created_at) values (208,10, "Task no. 7", "House grape yacht lion umbrella village island river xylophone elephant island apple whale queen dog penguin zebra jungle ocean queen house night house zebra whale village tiger banana penguin dog.", "1", "2024-12-14 02:28:22", "2024-12-09 01:30:57");
insert into taskperform (task_id, user_id, created_at) values (208, 6, "2024-12-12 22:12:56");
insert into task (task_id,sprint_id, task_title, task_description, task_type, due_date, created_at) values (209,13, "Task no. 6", "Penguin whale cherry whale snake xylophone zebra island penguin snake tiger island grape grape lion kangaroo kangaroo grape xylophone queen.", "1", "2024-06-10 23:49:58", "2024-04-07 02:29:47");
insert into taskperform (task_id, user_id, created_at) values (209, 6, "2024-09-23 02:53:42");
insert into role (user_id, room_id, role_detail) values (5, 9, 3);
insert into message (user_id, room_id, message_detail, created_at) values (5, 9, "Kangaroo night tiger whale village monkey tiger house elephant cherry umbrella queen queen tiger penguin apple monkey zebra yacht umbrella fish dog.", "2024-08-16 09:04:19");
insert into message (user_id, room_id, message_detail, created_at) values (5, 9, "Island cherry night house umbrella jungle island umbrella elephant snake.", "2024-12-01 14:56:38");
insert into message (user_id, room_id, message_detail, created_at) values (5, 9, "Cherry lion grape grape snake night kangaroo umbrella kangaroo snake queen queen.", "2024-06-07 08:48:57");
insert into message (user_id, room_id, message_detail, created_at) values (5, 9, "Dog zebra river elephant xylophone cherry apple penguin ocean house house grape village dog zebra house apple xylophone island dog apple whale lion dog cherry ocean fish snake river ocean.", "2024-07-31 21:18:16");
insert into task (task_id,sprint_id, task_title, task_description, task_type, due_date, created_at) values (210,16, "Task no. 6", "Apple queen elephant grape village fish zebra penguin jungle island queen yacht banana lion jungle dog snake xylophone yacht grape zebra fish zebra.", "4", "2024-10-12 19:59:33", "2023-12-02 16:31:31");
insert into taskperform (task_id, user_id, created_at) values (210, 5, "2024-05-02 19:24:26");
insert into task (task_id,sprint_id, task_title, task_description, task_type, due_date, created_at) values (211,7, "Task no. 8", "Night jungle banana apple kangaroo river fish house snake apple ocean penguin banana ocean queen lion apple.", "2", "2024-05-10 21:37:20", "2024-01-24 01:11:34");
insert into taskperform (task_id, user_id, created_at) values (211, 5, "2024-07-04 18:02:33");
insert into task (task_id,sprint_id, task_title, task_description, task_type, due_date, created_at) values (212,24, "Task no. 3", "Cherry xylophone house snake whale night night island whale tiger.", "4", "2024-06-21 19:28:24", "2024-03-08 12:17:30");
insert into taskperform (task_id, user_id, created_at) values (212, 5, "2024-08-23 14:30:20");
insert into task (task_id,sprint_id, task_title, task_description, task_type, due_date, created_at) values (213,15, "Task no. 10", "House queen fish cherry kangaroo ocean snake tiger house jungle kangaroo queen house village snake house yacht jungle banana village island queen night whale.", "6", "2024-10-07 18:14:37", "2024-09-28 18:57:44");
insert into taskperform (task_id, user_id, created_at) values (213, 5, "2024-10-09 00:44:04");
insert into task (task_id,sprint_id, task_title, task_description, task_type, due_date, created_at) values (214,21, "Task no. 5", "Queen kangaroo zebra cherry yacht village night dog xylophone night apple lion night cherry dog village whale queen dog xylophone banana monkey cherry tiger grape xylophone.", "4", "2024-07-23 18:02:11", "2024-06-15 08:26:00");
insert into taskperform (task_id, user_id, created_at) values (214, 5, "2024-12-01 01:27:45");
insert into task (task_id,sprint_id, task_title, task_description, task_type, due_date, created_at) values (215,17, "Task no. 5", "Banana night yacht house whale lion lion ocean night dog snake whale apple dog xylophone kangaroo snake elephant snake ocean ocean village umbrella elephant dog yacht xylophone.", "4", "2024-07-24 12:15:13", "2024-06-05 18:42:59");
insert into taskperform (task_id, user_id, created_at) values (215, 5, "2024-12-01 19:47:41");
insert into task (task_id,sprint_id, task_title, task_description, task_type, due_date, created_at) values (216,3, "Task no. 19", "Cherry apple banana house grape ocean banana village house queen umbrella river grape tiger river jungle zebra dog village jungle xylophone xylophone umbrella banana apple dog umbrella.", "6", "2024-06-22 18:59:50", "2023-12-22 22:46:30");
insert into taskperform (task_id, user_id, created_at) values (216, 5, "2024-09-01 14:19:47");
insert into task (task_id,sprint_id, task_title, task_description, task_type, due_date, created_at) values (217,7, "Task no. 9", "Island grape island elephant fish jungle monkey umbrella elephant xylophone night banana island jungle night monkey village xylophone jungle tiger.", "3", "2024-04-29 17:59:44", "2024-04-07 22:30:55");
insert into taskperform (task_id, user_id, created_at) values (217, 5, "2024-08-17 00:56:27");
insert into task (task_id,sprint_id, task_title, task_description, task_type, due_date, created_at) values (218,3, "Task no. 20", "Tiger jungle snake island penguin village xylophone banana queen island village.", "2", "2024-09-01 11:04:47", "2024-06-17 20:08:36");
insert into taskperform (task_id, user_id, created_at) values (218, 5, "2024-11-14 06:29:54");
insert into task (task_id,sprint_id, task_title, task_description, task_type, due_date, created_at) values (219,4, "Task no. 17", "Banana jungle whale apple kangaroo xylophone umbrella zebra river river umbrella cherry grape kangaroo kangaroo ocean night snake night umbrella night tiger tiger village lion tiger house house elephant.", "5", "2024-11-07 20:29:20", "2024-08-20 20:25:53");
insert into role (user_id, room_id, role_detail) values (4, 9, 2);
insert into message (user_id, room_id, message_detail, created_at) values (4, 9, "Yacht snake grape island jungle monkey night ocean xylophone snake.", "2024-11-20 14:47:25");
insert into message (user_id, room_id, message_detail, created_at) values (4, 9, "Yacht village queen cherry village river cherry yacht yacht night elephant fish whale.", "2023-12-04 18:10:17");
insert into message (user_id, room_id, message_detail, created_at) values (4, 9, "Grape kangaroo penguin fish zebra grape kangaroo lion yacht lion.", "2024-05-24 02:39:40");
insert into message (user_id, room_id, message_detail, created_at) values (4, 9, "Village fish elephant xylophone umbrella house monkey kangaroo apple elephant snake jungle apple tiger village jungle banana xylophone queen queen.", "2024-11-14 06:19:23");
insert into message (user_id, room_id, message_detail, created_at) values (4, 9, "Queen apple island yacht grape fish grape snake yacht snake night lion grape tiger yacht dog river.", "2023-12-24 10:28:58");
insert into message (user_id, room_id, message_detail, created_at) values (4, 9, "Island lion house night yacht apple snake zebra elephant elephant village.", "2024-02-27 13:22:36");
insert into message (user_id, room_id, message_detail, created_at) values (4, 9, "Lion village zebra island umbrella lion cherry zebra dog umbrella.", "2024-02-15 11:50:54");
insert into message (user_id, room_id, message_detail, created_at) values (4, 9, "Ocean grape xylophone whale whale jungle kangaroo grape island xylophone kangaroo village apple yacht monkey yacht village yacht grape snake fish river ocean.", "2024-10-02 22:46:35");
insert into message (user_id, room_id, message_detail, created_at) values (4, 9, "Snake apple lion river night elephant umbrella monkey snake whale kangaroo xylophone elephant fish night monkey river.", "2023-12-08 02:02:59");
insert into message (user_id, room_id, message_detail, created_at) values (4, 9, "Jungle snake snake cherry ocean village jungle tiger grape dog zebra lion.", "2024-10-15 17:50:30");
insert into task (task_id,sprint_id, task_title, task_description, task_type, due_date, created_at) values (220,19, "Task no. 3", "Yacht queen cherry dog lion fish penguin island monkey penguin.", "3", "2024-12-10 16:54:58", "2024-04-25 15:08:39");
insert into task (task_id,sprint_id, task_title, task_description, task_type, due_date, created_at) values (221,15, "Task no. 11", "Jungle kangaroo tiger jungle queen fish grape xylophone monkey kangaroo apple dog ocean whale whale queen queen whale grape dog house snake whale.", "3", "2024-11-16 06:26:30", "2024-11-12 08:05:29");
insert into taskperform (task_id, user_id, created_at) values (221, 4, "2024-12-01 21:14:32");
insert into task (task_id,sprint_id, task_title, task_description, task_type, due_date, created_at) values (222,23, "Task no. 5", "Whale yacht xylophone dog grape whale fish village lion whale grape zebra cherry umbrella snake whale cherry apple yacht xylophone grape umbrella monkey banana monkey banana penguin.", "4", "2024-11-21 01:56:51", "2024-01-26 06:34:19");
insert into taskperform (task_id, user_id, created_at) values (222, 4, "2024-12-01 14:29:00");
insert into role (user_id, room_id, role_detail) values (7, 9, 3);
insert into message (user_id, room_id, message_detail, created_at) values (7, 9, "Island banana river night lion snake yacht house penguin fish dog night yacht jungle whale river lion kangaroo fish monkey.", "2024-08-25 18:39:19");
insert into message (user_id, room_id, message_detail, created_at) values (7, 9, "Lion kangaroo house elephant snake xylophone island cherry house snake island night whale yacht island night village night whale.", "2024-10-25 10:36:09");
insert into task (task_id,sprint_id, task_title, task_description, task_type, due_date, created_at) values (223,14, "Task no. 7", "Zebra kangaroo dog yacht grape snake tiger house umbrella xylophone island elephant snake lion house tiger fish river tiger.", "5", "2024-09-26 06:51:24", "2024-05-20 05:08:11");
insert into taskperform (task_id, user_id, created_at) values (223, 7, "2024-09-11 21:21:23");
insert into task (task_id,sprint_id, task_title, task_description, task_type, due_date, created_at) values (224,5, "Task no. 22", "Zebra river elephant queen elephant tiger xylophone umbrella banana river queen cherry grape grape jungle village banana penguin grape fish monkey ocean village.", "2", "2024-11-21 09:28:24", "2024-09-23 06:05:46");
insert into taskperform (task_id, user_id, created_at) values (224, 7, "2024-10-09 01:42:45");
insert into task (task_id,sprint_id, task_title, task_description, task_type, due_date, created_at) values (225,15, "Task no. 12", "Penguin village monkey whale jungle river river island tiger jungle queen snake jungle umbrella queen queen night jungle island.", "5", "2024-02-02 23:34:50", "2024-01-30 15:43:33");
insert into taskperform (task_id, user_id, created_at) values (225, 7, "2024-12-12 15:27:17");
insert into task (task_id,sprint_id, task_title, task_description, task_type, due_date, created_at) values (226,18, "Task no. 5", "Whale house banana jungle umbrella xylophone banana xylophone elephant apple island grape.", "6", "2024-11-21 06:11:09", "2024-11-16 10:25:19");
insert into taskperform (task_id, user_id, created_at) values (226, 7, "2024-11-24 10:13:39");
insert into task (task_id,sprint_id, task_title, task_description, task_type, due_date, created_at) values (227,13, "Task no. 7", "Banana kangaroo river apple elephant house kangaroo river fish island ocean.", "4", "2024-08-05 11:34:20", "2024-07-16 06:00:06");
insert into taskperform (task_id, user_id, created_at) values (227, 7, "2024-07-23 00:39:23");
insert into task (task_id,sprint_id, task_title, task_description, task_type, due_date, created_at) values (228,12, "Task no. 4", "Whale apple yacht umbrella zebra banana banana xylophone night monkey whale cherry snake penguin dog kangaroo zebra night snake.", "4", "2024-11-10 15:40:15", "2024-10-31 09:22:43");
insert into taskperform (task_id, user_id, created_at) values (228, 7, "2024-11-29 09:33:25");
insert into task (task_id,sprint_id, task_title, task_description, task_type, due_date, created_at) values (229,23, "Task no. 6", "Fish xylophone penguin whale elephant village jungle penguin dog tiger xylophone yacht river dog monkey night lion umbrella elephant kangaroo.", "2", "2024-06-14 08:15:25", "2024-01-23 08:33:17");
insert into task (task_id,sprint_id, task_title, task_description, task_type, due_date, created_at) values (230,14, "Task no. 8", "Banana apple snake jungle ocean village lion lion yacht xylophone lion tiger village cherry snake elephant monkey lion lion tiger elephant village.", "2", "2024-09-22 07:53:25", "2024-09-12 13:45:58");
insert into taskperform (task_id, user_id, created_at) values (230, 7, "2024-11-14 01:26:39");
insert into sprint (room_id, sprint_name, created_at) values (10, "Sprint no. 1" , "2024-12-04 08:18:34");
insert into role (user_id, room_id, role_detail) values (3, 10, 1);
insert into message (user_id, room_id, message_detail, created_at) values (3, 10, "River monkey grape banana river island grape yacht apple grape village xylophone kangaroo tiger yacht night lion elephant queen monkey grape.", "2023-12-03 05:51:31");
insert into message (user_id, room_id, message_detail, created_at) values (3, 10, "Monkey grape cherry banana island monkey banana elephant night elephant kangaroo night whale penguin lion penguin umbrella grape night penguin monkey house banana xylophone penguin queen house banana.", "2024-12-10 07:56:34");
insert into message (user_id, room_id, message_detail, created_at) values (3, 10, "Island night kangaroo river jungle apple banana cherry fish kangaroo elephant fish penguin village ocean.", "2024-11-18 23:40:54");
insert into message (user_id, room_id, message_detail, created_at) values (3, 10, "Island xylophone snake whale village kangaroo snake house snake banana elephant night queen.", "2024-11-28 21:38:26");
insert into message (user_id, room_id, message_detail, created_at) values (3, 10, "Night whale xylophone snake umbrella dog kangaroo penguin umbrella lion jungle monkey whale jungle river night grape dog zebra yacht night snake village island xylophone umbrella.", "2024-11-23 19:14:36");
insert into message (user_id, room_id, message_detail, created_at) values (3, 10, "Snake banana kangaroo ocean ocean whale queen grape river jungle tiger island ocean monkey banana queen.", "2024-01-12 10:15:09");
insert into message (user_id, room_id, message_detail, created_at) values (3, 10, "Fish island night fish night queen village kangaroo penguin cherry zebra night apple grape night kangaroo lion island.", "2024-05-10 06:45:13");
insert into message (user_id, room_id, message_detail, created_at) values (3, 10, "Penguin grape house fish grape yacht river lion umbrella ocean grape lion snake village jungle.", "2024-10-23 14:09:40");
insert into message (user_id, room_id, message_detail, created_at) values (3, 10, "Umbrella queen banana apple apple apple snake penguin grape night whale grape ocean ocean village jungle fish village jungle dog snake snake village lion penguin umbrella whale cherry yacht.", "2024-01-03 06:27:38");
insert into message (user_id, room_id, message_detail, created_at) values (3, 10, "Ocean elephant yacht village ocean lion island yacht penguin tiger dog.", "2024-07-27 12:50:31");
insert into message (user_id, room_id, message_detail, created_at) values (3, 10, "Queen night umbrella island cherry night house yacht fish whale village fish ocean house yacht whale island river river apple.", "2024-03-13 23:49:30");
insert into message (user_id, room_id, message_detail, created_at) values (3, 10, "Xylophone village umbrella snake fish umbrella monkey penguin whale tiger cherry night monkey lion umbrella island monkey house apple whale tiger banana elephant.", "2024-06-01 21:32:12");
insert into message (user_id, room_id, message_detail, created_at) values (3, 10, "Yacht ocean fish apple river banana fish snake fish umbrella tiger cherry jungle grape village apple night ocean cherry island apple banana fish.", "2024-01-13 09:29:30");
insert into task (task_id,sprint_id, task_title, task_description, task_type, due_date, created_at) values (231,23, "Task no. 7", "Whale lion umbrella apple house lion island jungle banana fish snake zebra village house apple river umbrella kangaroo grape penguin queen river.", "3", "2024-10-06 10:05:17", "2024-09-11 23:03:24");
insert into taskperform (task_id, user_id, created_at) values (231, 3, "2024-11-03 07:21:41");
insert into task (task_id,sprint_id, task_title, task_description, task_type, due_date, created_at) values (232,16, "Task no. 7", "Umbrella village dog umbrella island apple queen zebra apple penguin monkey snake house queen dog lion tiger fish yacht ocean zebra fish dog cherry.", "2", "2024-12-08 02:26:03", "2024-01-15 23:08:33");
insert into task (task_id,sprint_id, task_title, task_description, task_type, due_date, created_at) values (233,22, "Task no. 4", "River cherry zebra apple apple snake ocean house tiger dog whale umbrella ocean penguin umbrella fish house banana jungle elephant apple.", "3", "2024-12-10 07:18:19", "2024-03-06 00:24:33");
insert into taskperform (task_id, user_id, created_at) values (233, 3, "2024-04-22 11:03:54");
insert into task (task_id,sprint_id, task_title, task_description, task_type, due_date, created_at) values (234,5, "Task no. 23", "Apple yacht night house apple cherry night monkey apple penguin snake night grape whale banana.", "2", "2024-08-26 18:08:36", "2024-04-26 20:03:51");
insert into taskperform (task_id, user_id, created_at) values (234, 3, "2024-10-15 10:38:08");
insert into task (task_id,sprint_id, task_title, task_description, task_type, due_date, created_at) values (235,23, "Task no. 8", "Snake kangaroo kangaroo umbrella grape fish penguin queen elephant snake.", "6", "2024-10-21 01:42:41", "2024-04-22 05:36:58");
insert into taskperform (task_id, user_id, created_at) values (235, 3, "2024-05-01 08:00:34");
insert into task (task_id,sprint_id, task_title, task_description, task_type, due_date, created_at) values (236,3, "Task no. 21", "Banana xylophone lion apple house zebra village apple island ocean kangaroo island umbrella tiger lion fish night house tiger snake night cherry night fish apple penguin elephant tiger zebra.", "6", "2024-06-29 13:31:27", "2024-03-22 16:59:40");
insert into taskperform (task_id, user_id, created_at) values (236, 3, "2024-04-14 00:25:14");
insert into task (task_id,sprint_id, task_title, task_description, task_type, due_date, created_at) values (237,12, "Task no. 5", "Zebra house tiger elephant banana whale grape snake umbrella river night umbrella.", "2", "2024-06-28 22:14:16", "2024-05-05 22:21:08");
insert into taskperform (task_id, user_id, created_at) values (237, 3, "2024-11-17 09:56:06");
insert into task (task_id,sprint_id, task_title, task_description, task_type, due_date, created_at) values (238,26, "Task no. 1", "Tiger tiger xylophone fish night tiger umbrella xylophone zebra umbrella river.", "6", "2024-10-24 12:45:30", "2024-09-29 17:26:54");
insert into taskperform (task_id, user_id, created_at) values (238, 3, "2024-10-21 04:01:39");
insert into task (task_id,sprint_id, task_title, task_description, task_type, due_date, created_at) values (239,13, "Task no. 8", "Snake xylophone jungle monkey yacht night island house fish whale queen umbrella banana river apple house.", "1", "2024-08-12 01:26:14", "2024-07-08 04:26:16");
insert into taskperform (task_id, user_id, created_at) values (239, 3, "2024-10-20 12:07:39");
insert into task (task_id,sprint_id, task_title, task_description, task_type, due_date, created_at) values (240,1, "Task no. 19", "Night whale apple house zebra house lion jungle umbrella dog village monkey umbrella xylophone elephant island night ocean night house.", "6", "2024-10-24 22:17:27", "2024-01-30 09:37:21");
insert into taskperform (task_id, user_id, created_at) values (240, 3, "2024-03-03 13:16:14");
insert into role (user_id, room_id, role_detail) values (4, 10, 2);
insert into message (user_id, room_id, message_detail, created_at) values (4, 10, "Penguin penguin banana apple xylophone night kangaroo snake banana penguin grape lion penguin apple.", "2024-07-24 15:50:30");
insert into message (user_id, room_id, message_detail, created_at) values (4, 10, "Cherry umbrella banana jungle umbrella penguin banana lion fish elephant umbrella.", "2024-08-18 03:34:19");
insert into message (user_id, room_id, message_detail, created_at) values (4, 10, "Banana elephant banana night xylophone xylophone apple elephant snake fish zebra ocean tiger whale apple zebra river penguin queen tiger snake.", "2024-02-13 03:08:46");
insert into message (user_id, room_id, message_detail, created_at) values (4, 10, "Fish village village dog river banana yacht grape jungle tiger penguin whale house snake island jungle cherry elephant ocean banana whale yacht tiger.", "2024-12-09 18:36:01");
insert into message (user_id, room_id, message_detail, created_at) values (4, 10, "Tiger tiger whale lion fish snake umbrella apple house kangaroo house ocean elephant zebra house xylophone apple.", "2024-07-20 07:29:53");
insert into message (user_id, room_id, message_detail, created_at) values (4, 10, "Kangaroo grape penguin banana dog fish xylophone night apple yacht queen cherry apple.", "2024-02-09 08:48:09");
insert into message (user_id, room_id, message_detail, created_at) values (4, 10, "House whale kangaroo house queen xylophone monkey ocean island ocean.", "2024-07-22 21:18:29");
insert into task (task_id,sprint_id, task_title, task_description, task_type, due_date, created_at) values (241,23, "Task no. 9", "Yacht fish kangaroo dog jungle dog grape grape zebra dog grape kangaroo queen monkey dog xylophone.", "4", "2024-06-17 03:03:53", "2024-04-29 00:03:08");
insert into task (task_id,sprint_id, task_title, task_description, task_type, due_date, created_at) values (242,16, "Task no. 8", "Cherry yacht village jungle fish elephant xylophone dog house cherry.", "2", "2024-11-06 10:09:14", "2024-10-31 10:02:18");
insert into taskperform (task_id, user_id, created_at) values (242, 4, "2024-11-26 03:00:19");
insert into task (task_id,sprint_id, task_title, task_description, task_type, due_date, created_at) values (243,24, "Task no. 4", "Whale banana dog umbrella whale banana whale whale cherry tiger kangaroo queen kangaroo house ocean dog yacht fish penguin island penguin night lion kangaroo.", "3", "2024-05-12 20:12:31", "2024-05-12 17:27:41");
insert into taskperform (task_id, user_id, created_at) values (243, 4, "2024-10-01 23:00:38");
insert into task (task_id,sprint_id, task_title, task_description, task_type, due_date, created_at) values (244,17, "Task no. 6", "Lion banana umbrella dog grape snake cherry house apple fish dog cherry queen tiger apple apple night grape grape xylophone.", "5", "2024-12-11 01:04:05", "2024-11-02 22:16:38");
insert into taskperform (task_id, user_id, created_at) values (244, 4, "2024-11-06 02:20:49");
insert into task (task_id,sprint_id, task_title, task_description, task_type, due_date, created_at) values (245,10, "Task no. 8", "Island village elephant monkey ocean tiger village grape house island ocean xylophone jungle fish elephant fish banana xylophone night village cherry umbrella snake.", "4", "2024-12-14 05:59:32", "2024-12-13 03:05:58");
insert into taskperform (task_id, user_id, created_at) values (245, 4, "2024-12-14 16:02:56");
insert into task (task_id,sprint_id, task_title, task_description, task_type, due_date, created_at) values (246,3, "Task no. 22", "Penguin village village jungle dog house night whale river river fish.", "3", "2024-11-30 03:53:17", "2024-01-09 03:38:45");
insert into taskperform (task_id, user_id, created_at) values (246, 4, "2024-11-25 22:14:09");
insert into task (task_id,sprint_id, task_title, task_description, task_type, due_date, created_at) values (247,3, "Task no. 23", "Penguin cherry monkey zebra banana jungle umbrella village house village monkey banana elephant village island queen umbrella.", "6", "2024-06-29 23:27:20", "2024-05-04 12:29:51");
insert into taskperform (task_id, user_id, created_at) values (247, 4, "2024-06-20 19:21:44");
insert into task (task_id,sprint_id, task_title, task_description, task_type, due_date, created_at) values (248,2, "Task no. 28", "Xylophone house night kangaroo monkey elephant banana yacht island xylophone ocean monkey zebra lion whale whale xylophone.", "4", "2024-04-01 11:06:20", "2024-01-27 15:33:21");
insert into taskperform (task_id, user_id, created_at) values (248, 4, "2024-06-15 23:45:45");
insert into role (user_id, room_id, role_detail) values (7, 10, 3);
insert into message (user_id, room_id, message_detail, created_at) values (7, 10, "Grape elephant fish lion fish ocean river river village queen fish tiger night yacht xylophone apple river island lion elephant jungle grape dog queen fish banana grape snake.", "2024-09-03 14:17:15");
insert into message (user_id, room_id, message_detail, created_at) values (7, 10, "Fish grape house tiger fish fish island whale zebra queen island.", "2024-10-24 09:23:41");
insert into message (user_id, room_id, message_detail, created_at) values (7, 10, "Whale xylophone banana dog umbrella village cherry apple river monkey xylophone whale umbrella tiger apple house elephant snake house apple night snake snake.", "2024-10-20 19:17:36");
insert into message (user_id, room_id, message_detail, created_at) values (7, 10, "Lion night night kangaroo penguin apple night grape xylophone lion fish zebra river jungle island river jungle island queen whale river.", "2024-07-11 16:26:25");
insert into message (user_id, room_id, message_detail, created_at) values (7, 10, "House village cherry tiger grape island island snake cherry penguin penguin xylophone elephant elephant tiger grape village jungle apple queen ocean xylophone elephant snake apple.", "2024-07-02 19:35:00");
insert into message (user_id, room_id, message_detail, created_at) values (7, 10, "Snake banana lion elephant apple yacht zebra river tiger queen snake yacht fish.", "2024-11-17 22:25:30");
insert into message (user_id, room_id, message_detail, created_at) values (7, 10, "Penguin ocean tiger tiger river penguin house umbrella fish kangaroo ocean dog snake island umbrella banana dog banana elephant house cherry night elephant village kangaroo river queen zebra dog.", "2024-06-05 18:07:59");
insert into message (user_id, room_id, message_detail, created_at) values (7, 10, "Jungle umbrella apple monkey ocean zebra umbrella river xylophone apple monkey elephant whale kangaroo river penguin penguin monkey jungle elephant.", "2023-12-16 02:12:16");
insert into message (user_id, room_id, message_detail, created_at) values (7, 10, "Fish river lion jungle monkey penguin snake apple cherry whale tiger apple jungle grape kangaroo yacht jungle house kangaroo xylophone lion fish elephant jungle snake night grape yacht.", "2024-04-20 06:29:54");
insert into message (user_id, room_id, message_detail, created_at) values (7, 10, "River elephant river lion house elephant elephant tiger monkey island house snake whale penguin jungle whale river monkey.", "2024-12-09 13:57:58");
insert into message (user_id, room_id, message_detail, created_at) values (7, 10, "Lion zebra island banana banana jungle island dog river umbrella penguin jungle whale monkey zebra whale fish monkey umbrella night queen whale snake queen night lion snake monkey island.", "2024-07-31 17:25:12");
insert into message (user_id, room_id, message_detail, created_at) values (7, 10, "Umbrella ocean snake lion river fish yacht dog umbrella house elephant village village whale.", "2024-10-15 15:39:33");
insert into message (user_id, room_id, message_detail, created_at) values (7, 10, "Cherry yacht grape penguin fish umbrella umbrella cherry house elephant queen fish monkey snake apple river queen tiger house jungle tiger grape cherry house xylophone kangaroo.", "2024-03-28 04:33:24");
insert into message (user_id, room_id, message_detail, created_at) values (7, 10, "River cherry jungle whale xylophone village snake island jungle cherry night grape.", "2024-03-09 22:04:25");
insert into message (user_id, room_id, message_detail, created_at) values (7, 10, "Penguin whale fish umbrella kangaroo yacht village ocean house house xylophone banana yacht island village penguin queen.", "2024-12-02 05:37:32");
insert into message (user_id, room_id, message_detail, created_at) values (7, 10, "Whale monkey ocean cherry banana fish village island elephant penguin apple grape lion elephant village yacht kangaroo house grape cherry monkey kangaroo whale.", "2024-11-27 06:35:17");
insert into message (user_id, room_id, message_detail, created_at) values (7, 10, "Fish xylophone night fish jungle penguin night night house grape lion apple cherry monkey fish cherry fish.", "2024-02-28 02:11:33");
insert into task (task_id,sprint_id, task_title, task_description, task_type, due_date, created_at) values (249,5, "Task no. 24", "Ocean yacht jungle apple house snake fish whale grape dog grape lion queen apple cherry village lion village jungle apple house penguin fish.", "6", "2024-09-17 00:23:17", "2024-02-20 22:03:38");
insert into taskperform (task_id, user_id, created_at) values (249, 7, "2024-11-26 21:59:42");
insert into task (task_id,sprint_id, task_title, task_description, task_type, due_date, created_at) values (250,22, "Task no. 5", "Yacht island whale grape elephant queen elephant dog ocean banana elephant penguin banana monkey grape kangaroo apple tiger apple jungle banana dog.", "2", "2024-12-13 14:51:02", "2024-05-01 00:17:06");
insert into task (task_id,sprint_id, task_title, task_description, task_type, due_date, created_at) values (251,9, "Task no. 5", "Tiger river snake whale fish tiger night village cherry yacht grape fish ocean cherry kangaroo grape elephant house.", "1", "2024-03-02 19:30:35", "2024-02-07 08:01:48");
insert into taskperform (task_id, user_id, created_at) values (251, 7, "2024-04-08 08:39:37");
insert into task (task_id,sprint_id, task_title, task_description, task_type, due_date, created_at) values (252,9, "Task no. 6", "Grape banana house fish penguin grape apple island tiger banana.", "2", "2024-10-24 23:53:28", "2024-07-06 01:17:28");
insert into taskperform (task_id, user_id, created_at) values (252, 7, "2024-08-16 00:39:37");
insert into task (task_id,sprint_id, task_title, task_description, task_type, due_date, created_at) values (253,13, "Task no. 9", "Elephant elephant island snake night fish fish zebra village jungle apple yacht night island night house apple.", "1", "2024-11-22 08:39:17", "2024-10-20 21:08:27");
insert into taskperform (task_id, user_id, created_at) values (253, 7, "2024-11-29 17:52:29");
insert into task (task_id,sprint_id, task_title, task_description, task_type, due_date, created_at) values (254,8, "Task no. 9", "Kangaroo grape ocean jungle jungle night monkey kangaroo yacht lion dog dog whale banana xylophone island island grape village house fish tiger.", "4", "2024-11-12 22:19:36", "2024-09-28 13:55:04");
insert into taskperform (task_id, user_id, created_at) values (254, 7, "2024-11-14 14:27:11");
insert into task (task_id,sprint_id, task_title, task_description, task_type, due_date, created_at) values (255,5, "Task no. 25", "Ocean penguin ocean yacht tiger dog dog jungle yacht night grape.", "6", "2024-08-23 05:50:35", "2024-02-25 03:13:45");
insert into role (user_id, room_id, role_detail) values (9, 10, 3);
insert into message (user_id, room_id, message_detail, created_at) values (9, 10, "Yacht elephant tiger apple night penguin penguin jungle dog queen jungle house ocean jungle island house yacht jungle river dog village island snake whale village night queen.", "2024-03-29 09:04:42");
insert into message (user_id, room_id, message_detail, created_at) values (9, 10, "Penguin grape village tiger umbrella whale ocean yacht island whale dog lion.", "2024-06-05 00:43:16");
insert into message (user_id, room_id, message_detail, created_at) values (9, 10, "Tiger ocean elephant jungle grape monkey village banana penguin xylophone monkey queen island village elephant tiger snake island fish fish zebra apple island.", "2024-07-18 03:45:26");
insert into message (user_id, room_id, message_detail, created_at) values (9, 10, "River tiger queen queen cherry zebra island penguin island island yacht cherry apple penguin village grape yacht house cherry apple ocean island fish zebra.", "2024-03-23 10:22:04");
insert into message (user_id, room_id, message_detail, created_at) values (9, 10, "Island cherry yacht kangaroo xylophone apple tiger penguin monkey grape kangaroo village fish dog jungle grape night monkey kangaroo snake river dog island grape.", "2024-05-06 10:08:26");
insert into message (user_id, room_id, message_detail, created_at) values (9, 10, "Ocean apple kangaroo monkey zebra cherry island jungle house dog ocean island fish cherry dog lion zebra.", "2024-11-09 15:38:34");
insert into message (user_id, room_id, message_detail, created_at) values (9, 10, "Dog ocean snake kangaroo fish kangaroo island zebra penguin island penguin umbrella whale village monkey kangaroo house dog umbrella house grape fish zebra village snake yacht house jungle jungle.", "2023-12-21 01:23:44");
insert into task (task_id,sprint_id, task_title, task_description, task_type, due_date, created_at) values (256,16, "Task no. 9", "Xylophone xylophone snake whale night tiger snake umbrella elephant elephant yacht zebra house cherry fish river kangaroo penguin house whale queen cherry grape ocean lion river apple.", "5", "2024-10-09 16:36:24", "2024-07-23 05:12:24");
insert into taskperform (task_id, user_id, created_at) values (256, 9, "2024-09-11 17:12:15");
insert into task (task_id,sprint_id, task_title, task_description, task_type, due_date, created_at) values (257,17, "Task no. 7", "Umbrella cherry house queen fish tiger zebra jungle lion grape grape snake queen apple kangaroo ocean jungle queen elephant kangaroo xylophone zebra tiger.", "6", "2024-10-02 19:59:50", "2024-02-28 05:18:56");
insert into taskperform (task_id, user_id, created_at) values (257, 9, "2024-04-21 16:21:57");
insert into task (task_id,sprint_id, task_title, task_description, task_type, due_date, created_at) values (258,7, "Task no. 10", "Fish umbrella grape penguin fish river umbrella tiger island night zebra apple island monkey fish yacht jungle grape yacht village fish snake yacht grape.", "5", "2024-08-24 02:47:57", "2024-02-16 19:42:04");
insert into taskperform (task_id, user_id, created_at) values (258, 9, "2024-10-11 10:52:14");
insert into task (task_id,sprint_id, task_title, task_description, task_type, due_date, created_at) values (259,1, "Task no. 20", "Island fish lion village monkey snake house grape dog village jungle night banana zebra apple fish banana.", "5", "2024-09-24 14:52:57", "2024-08-04 17:50:46");
insert into taskperform (task_id, user_id, created_at) values (259, 9, "2024-10-05 09:58:12");
insert into task (task_id,sprint_id, task_title, task_description, task_type, due_date, created_at) values (260,19, "Task no. 4", "Fish elephant ocean tiger apple tiger queen tiger penguin lion yacht monkey island elephant lion jungle kangaroo tiger zebra river whale lion xylophone ocean zebra village yacht xylophone jungle ocean.", "2", "2024-11-19 13:50:45", "2024-10-14 18:43:23");
insert into taskperform (task_id, user_id, created_at) values (260, 9, "2024-11-26 08:04:17");
insert into task (task_id,sprint_id, task_title, task_description, task_type, due_date, created_at) values (261,21, "Task no. 6", "Zebra house queen yacht grape jungle dog queen grape village.", "5", "2024-12-06 21:52:51", "2024-06-29 21:24:21");
insert into taskperform (task_id, user_id, created_at) values (261, 9, "2024-12-10 04:14:37");
insert into task (task_id,sprint_id, task_title, task_description, task_type, due_date, created_at) values (262,24, "Task no. 5", "Apple snake night penguin kangaroo cherry umbrella apple grape dog elephant penguin fish whale island penguin night fish tiger apple whale.", "4", "2024-08-08 03:28:42", "2024-03-11 15:19:15");
insert into taskperform (task_id, user_id, created_at) values (262, 9, "2024-12-01 13:40:13");
insert into task (task_id,sprint_id, task_title, task_description, task_type, due_date, created_at) values (263,9, "Task no. 7", "Night ocean xylophone island apple jungle tiger umbrella cherry snake banana apple xylophone xylophone zebra ocean.", "5", "2024-11-23 23:06:03", "2024-06-01 19:07:36");
insert into taskperform (task_id, user_id, created_at) values (263, 9, "2024-07-13 12:01:59");
insert into task (task_id,sprint_id, task_title, task_description, task_type, due_date, created_at) values (264,20, "Task no. 6", "Ocean dog banana lion dog cherry grape xylophone snake grape zebra apple zebra elephant.", "6", "2024-11-03 04:30:44", "2024-03-02 01:46:42");
insert into taskperform (task_id, user_id, created_at) values (264, 9, "2024-12-09 05:48:06");
insert into role (user_id, room_id, role_detail) values (8, 10, 3);
insert into message (user_id, room_id, message_detail, created_at) values (8, 10, "Lion cherry banana apple apple grape kangaroo penguin snake jungle kangaroo queen whale tiger island village ocean dog monkey dog monkey grape tiger elephant umbrella night fish elephant elephant fish.", "2024-05-28 18:11:37");
insert into message (user_id, room_id, message_detail, created_at) values (8, 10, "Penguin lion whale penguin cherry zebra night cherry island fish house dog tiger zebra umbrella night whale river monkey.", "2024-04-09 20:46:51");
insert into message (user_id, room_id, message_detail, created_at) values (8, 10, "Grape lion banana ocean penguin fish dog kangaroo ocean whale tiger grape fish apple cherry river island penguin tiger monkey ocean ocean kangaroo ocean kangaroo banana.", "2024-08-21 03:16:12");
insert into message (user_id, room_id, message_detail, created_at) values (8, 10, "Grape zebra cherry village queen fish fish tiger tiger banana grape ocean xylophone fish house monkey yacht whale night penguin fish yacht queen ocean fish queen night kangaroo elephant.", "2024-07-16 03:09:42");
insert into message (user_id, room_id, message_detail, created_at) values (8, 10, "Night umbrella dog dog tiger ocean jungle snake island jungle ocean monkey apple whale yacht zebra tiger jungle river penguin zebra monkey xylophone.", "2024-09-14 02:13:24");
insert into message (user_id, room_id, message_detail, created_at) values (8, 10, "Cherry xylophone lion ocean river river island whale cherry zebra whale fish grape queen umbrella.", "2023-12-25 19:46:59");
insert into message (user_id, room_id, message_detail, created_at) values (8, 10, "Xylophone penguin queen snake kangaroo tiger elephant penguin yacht cherry tiger banana umbrella night night jungle night apple snake yacht grape elephant lion house queen jungle banana.", "2024-07-22 23:16:14");
insert into message (user_id, room_id, message_detail, created_at) values (8, 10, "Umbrella zebra kangaroo apple river elephant umbrella snake apple island xylophone yacht house night ocean tiger xylophone.", "2024-05-09 16:52:47");
insert into message (user_id, room_id, message_detail, created_at) values (8, 10, "Snake yacht night zebra river xylophone banana tiger banana banana xylophone umbrella fish tiger ocean grape grape tiger island penguin zebra village night elephant village fish.", "2024-05-31 11:51:07");
insert into message (user_id, room_id, message_detail, created_at) values (8, 10, "Monkey house xylophone tiger whale tiger zebra queen river snake banana queen dog house fish island dog fish apple monkey.", "2024-09-28 08:42:44");
insert into message (user_id, room_id, message_detail, created_at) values (8, 10, "Night umbrella night yacht house grape ocean fish fish umbrella kangaroo kangaroo village yacht fish banana night.", "2024-09-28 13:24:45");
insert into message (user_id, room_id, message_detail, created_at) values (8, 10, "Night yacht night zebra queen zebra island snake village lion lion.", "2023-12-16 15:38:15");
insert into message (user_id, room_id, message_detail, created_at) values (8, 10, "Monkey jungle river queen xylophone tiger dog village house night penguin tiger whale.", "2024-03-28 03:08:11");
insert into task (task_id,sprint_id, task_title, task_description, task_type, due_date, created_at) values (265,11, "Task no. 9", "Snake river snake whale house elephant snake xylophone fish elephant kangaroo river xylophone tiger fish snake penguin tiger apple lion grape zebra house fish elephant apple xylophone.", "2", "2024-06-09 10:29:43", "2024-03-22 01:25:10");
insert into taskperform (task_id, user_id, created_at) values (265, 8, "2024-11-09 21:54:38");
insert into task (task_id,sprint_id, task_title, task_description, task_type, due_date, created_at) values (266,15, "Task no. 13", "Umbrella dog apple house fish elephant house river queen queen kangaroo penguin snake penguin cherry grape snake river grape grape apple umbrella house elephant queen jungle fish.", "4", "2024-08-31 07:31:56", "2024-04-03 12:40:52");
insert into taskperform (task_id, user_id, created_at) values (266, 8, "2024-11-03 09:47:57");
insert into task (task_id,sprint_id, task_title, task_description, task_type, due_date, created_at) values (267,19, "Task no. 5", "Queen night fish fish elephant house apple banana fish village queen lion night grape fish ocean fish kangaroo.", "3", "2024-10-19 05:50:28", "2024-06-13 23:14:25");
insert into taskperform (task_id, user_id, created_at) values (267, 8, "2024-09-12 20:46:24");
insert into task (task_id,sprint_id, task_title, task_description, task_type, due_date, created_at) values (268,9, "Task no. 8", "House elephant jungle yacht snake village whale island zebra xylophone.", "4", "2024-10-13 17:19:43", "2024-08-15 20:37:37");
insert into taskperform (task_id, user_id, created_at) values (268, 8, "2024-11-13 14:58:47");
insert into task (task_id,sprint_id, task_title, task_description, task_type, due_date, created_at) values (269,19, "Task no. 6", "Zebra whale lion xylophone snake tiger queen lion snake dog jungle snake yacht river snake snake banana night fish umbrella queen fish.", "1", "2024-11-25 14:28:52", "2024-11-24 08:28:04");
insert into task (task_id,sprint_id, task_title, task_description, task_type, due_date, created_at) values (270,24, "Task no. 6", "Snake yacht grape snake ocean house house umbrella jungle whale dog banana queen tiger banana village snake queen whale penguin river village yacht grape apple.", "4", "2024-07-27 08:43:16", "2024-07-21 02:06:47");
insert into taskperform (task_id, user_id, created_at) values (270, 8, "2024-12-11 20:05:23");
insert into task (task_id,sprint_id, task_title, task_description, task_type, due_date, created_at) values (271,2, "Task no. 29", "Village island banana lion island jungle jungle village xylophone kangaroo queen river whale zebra umbrella fish kangaroo.", "2", "2024-12-14 17:52:24", "2024-12-14 05:37:20");
insert into taskperform (task_id, user_id, created_at) values (271, 8, "2024-12-14 05:42:46");
insert into task (task_id,sprint_id, task_title, task_description, task_type, due_date, created_at) values (272,13, "Task no. 10", "Tiger grape penguin penguin river village grape banana whale queen island.", "6", "2024-12-03 03:46:18", "2024-08-07 11:34:01");
insert into taskperform (task_id, user_id, created_at) values (272, 8, "2024-11-06 14:09:50");
insert into task (task_id,sprint_id, task_title, task_description, task_type, due_date, created_at) values (273,4, "Task no. 18", "Umbrella yacht elephant apple lion dog night kangaroo village banana apple penguin house elephant banana monkey xylophone kangaroo village banana kangaroo kangaroo jungle penguin ocean kangaroo dog cherry snake zebra.", "2", "2024-10-23 05:04:37", "2024-08-05 21:15:01");
insert into taskperform (task_id, user_id, created_at) values (273, 8, "2024-12-07 00:52:26");
insert into task (task_id,sprint_id, task_title, task_description, task_type, due_date, created_at) values (274,27, "Task no. 1", "Kangaroo kangaroo zebra umbrella elephant fish dog elephant xylophone banana grape yacht island cherry village monkey xylophone.", "2", "2024-06-17 07:51:46", "2023-12-11 03:54:04");
insert into sprint (room_id, sprint_name, created_at) values (11, "Sprint no. 1" , "2024-12-06 00:33:34");
insert into sprint (room_id, sprint_name, created_at) values (11, "Sprint no. 2" , "2024-12-13 07:43:45");
insert into sprint (room_id, sprint_name, created_at) values (11, "Sprint no. 3" , "2024-12-13 16:57:00");
insert into sprint (room_id, sprint_name, created_at) values (11, "Sprint no. 4" , "2024-12-14 23:29:44");
insert into sprint (room_id, sprint_name, created_at) values (11, "Sprint no. 5" , "2024-12-14 23:50:53");
insert into sprint (room_id, sprint_name, created_at) values (11, "Sprint no. 6" , "2024-12-14 23:57:13");
insert into sprint (room_id, sprint_name, created_at) values (11, "Sprint no. 7" , "2024-12-15 00:04:08");
insert into sprint (room_id, sprint_name, created_at) values (11, "Sprint no. 8" , "2024-12-15 00:05:15");
insert into sprint (room_id, sprint_name, created_at) values (11, "Sprint no. 9" , "2024-12-15 00:05:29");
insert into sprint (room_id, sprint_name, created_at) values (11, "Sprint no. 10" , "2024-12-15 00:05:36");
insert into role (user_id, room_id, role_detail) values (5, 11, 1);
insert into message (user_id, room_id, message_detail, created_at) values (5, 11, "Island zebra dog monkey dog tiger grape xylophone ocean snake snake dog fish yacht.", "2024-01-21 19:03:46");
insert into message (user_id, room_id, message_detail, created_at) values (5, 11, "Cherry village monkey ocean river house river yacht queen umbrella banana apple river cherry snake village banana grape grape monkey kangaroo fish fish umbrella whale umbrella kangaroo.", "2024-05-28 13:23:30");
insert into message (user_id, room_id, message_detail, created_at) values (5, 11, "Fish queen night dog fish cherry umbrella banana apple kangaroo kangaroo kangaroo queen ocean.", "2024-04-30 07:58:51");
insert into message (user_id, room_id, message_detail, created_at) values (5, 11, "Penguin queen zebra tiger apple apple queen umbrella elephant river night village queen whale island yacht yacht house house snake.", "2024-07-16 20:42:51");
insert into message (user_id, room_id, message_detail, created_at) values (5, 11, "River snake queen elephant fish umbrella kangaroo umbrella cherry river yacht island cherry.", "2024-06-05 12:11:13");
insert into message (user_id, room_id, message_detail, created_at) values (5, 11, "Yacht cherry fish river island lion cherry xylophone monkey house snake island queen kangaroo zebra grape tiger umbrella house cherry jungle umbrella queen xylophone zebra apple.", "2024-03-17 11:34:43");
insert into message (user_id, room_id, message_detail, created_at) values (5, 11, "Fish kangaroo elephant grape island queen xylophone river tiger monkey kangaroo xylophone tiger grape snake whale tiger banana island penguin kangaroo elephant tiger zebra island yacht snake elephant.", "2024-09-20 15:10:29");
insert into message (user_id, room_id, message_detail, created_at) values (5, 11, "Xylophone yacht night yacht snake lion island dog snake fish penguin dog xylophone apple snake island snake yacht house river.", "2024-03-08 02:01:18");
insert into message (user_id, room_id, message_detail, created_at) values (5, 11, "Fish apple penguin elephant apple banana umbrella village fish island elephant river village house zebra tiger queen yacht monkey zebra zebra cherry village monkey.", "2024-10-20 14:47:52");
insert into message (user_id, room_id, message_detail, created_at) values (5, 11, "Penguin river banana banana zebra lion whale fish monkey grape jungle apple river snake house house elephant cherry river river lion elephant.", "2023-12-25 14:54:39");
insert into message (user_id, room_id, message_detail, created_at) values (5, 11, "Night night zebra jungle jungle river xylophone lion monkey lion grape yacht zebra tiger snake jungle snake monkey dog house village jungle.", "2024-04-06 15:50:36");
insert into message (user_id, room_id, message_detail, created_at) values (5, 11, "Island queen night penguin jungle kangaroo apple island snake yacht snake lion grape grape tiger snake lion monkey river fish penguin snake tiger cherry penguin elephant night dog.", "2024-09-23 13:18:47");
insert into message (user_id, room_id, message_detail, created_at) values (5, 11, "Grape night yacht river penguin village apple cherry umbrella banana.", "2024-10-09 08:22:40");
insert into message (user_id, room_id, message_detail, created_at) values (5, 11, "Penguin monkey tiger elephant monkey river elephant village umbrella umbrella apple whale umbrella lion river penguin apple banana house ocean grape queen penguin zebra whale island night xylophone kangaroo.", "2024-02-17 13:52:18");
insert into role (user_id, room_id, role_detail) values (3, 11, 2);
insert into message (user_id, room_id, message_detail, created_at) values (3, 11, "Xylophone cherry tiger monkey yacht tiger lion jungle cherry penguin apple house river house fish.", "2024-05-27 16:38:29");
insert into message (user_id, room_id, message_detail, created_at) values (3, 11, "Xylophone house whale banana jungle fish banana kangaroo umbrella zebra lion banana ocean jungle cherry.", "2024-09-20 03:36:33");
insert into message (user_id, room_id, message_detail, created_at) values (3, 11, "Cherry ocean jungle penguin apple ocean banana island penguin house umbrella night lion lion umbrella village lion yacht fish banana.", "2024-08-15 16:20:31");
insert into message (user_id, room_id, message_detail, created_at) values (3, 11, "Dog ocean zebra queen snake tiger queen village night tiger dog.", "2024-08-01 10:06:51");
insert into message (user_id, room_id, message_detail, created_at) values (3, 11, "Queen dog cherry xylophone elephant yacht night xylophone night whale jungle apple tiger fish snake apple night.", "2024-08-19 17:20:24");
insert into message (user_id, room_id, message_detail, created_at) values (3, 11, "Ocean zebra apple ocean snake penguin whale snake whale grape village queen.", "2024-06-08 09:09:38");
insert into message (user_id, room_id, message_detail, created_at) values (3, 11, "Banana lion river tiger dog village lion village banana island snake island banana yacht.", "2024-11-12 04:55:16");
insert into message (user_id, room_id, message_detail, created_at) values (3, 11, "Apple penguin monkey banana jungle xylophone lion penguin kangaroo banana penguin island kangaroo yacht tiger whale banana tiger tiger island dog whale xylophone dog snake.", "2024-02-26 22:57:23");
insert into message (user_id, room_id, message_detail, created_at) values (3, 11, "Apple apple fish lion umbrella house tiger banana penguin lion lion house house village lion grape penguin lion tiger village yacht apple whale umbrella village grape kangaroo river whale tiger.", "2024-06-08 22:04:08");
insert into message (user_id, room_id, message_detail, created_at) values (3, 11, "Night night zebra tiger apple yacht elephant cherry dog fish elephant umbrella elephant dog fish apple elephant banana island grape banana river penguin elephant queen banana.", "2024-04-03 12:20:44");
insert into message (user_id, room_id, message_detail, created_at) values (3, 11, "Queen island cherry umbrella whale umbrella queen banana umbrella house house zebra island kangaroo house queen tiger apple dog island penguin elephant elephant night kangaroo.", "2023-12-22 07:12:56");
insert into message (user_id, room_id, message_detail, created_at) values (3, 11, "Jungle jungle kangaroo island jungle night cherry whale queen cherry fish jungle village house whale whale umbrella snake zebra.", "2024-03-16 14:38:17");
insert into message (user_id, room_id, message_detail, created_at) values (3, 11, "Ocean grape grape umbrella apple island apple river penguin fish grape dog umbrella jungle elephant house night cherry tiger elephant.", "2024-11-13 21:31:00");
insert into message (user_id, room_id, message_detail, created_at) values (3, 11, "Banana cherry penguin elephant snake zebra xylophone xylophone ocean banana night night monkey penguin elephant jungle zebra house house.", "2024-01-16 05:25:34");
insert into message (user_id, room_id, message_detail, created_at) values (3, 11, "Umbrella dog cherry night yacht snake jungle cherry river queen penguin dog penguin banana dog cherry zebra kangaroo tiger.", "2024-09-10 08:53:15");
insert into task (task_id,sprint_id, task_title, task_description, task_type, due_date, created_at) values (275,20, "Task no. 7", "Kangaroo house lion tiger monkey ocean kangaroo tiger lion elephant snake queen penguin yacht yacht island night grape umbrella apple lion village snake.", "4", "2024-10-31 08:42:22", "2024-09-06 00:13:09");
insert into taskperform (task_id, user_id, created_at) values (275, 3, "2024-11-02 21:53:50");
insert into task (task_id,sprint_id, task_title, task_description, task_type, due_date, created_at) values (276,24, "Task no. 7", "Fish night island elephant island river fish cherry tiger ocean banana jungle cherry house.", "3", "2024-10-31 00:04:36", "2024-09-16 22:55:49");
insert into taskperform (task_id, user_id, created_at) values (276, 3, "2024-09-24 11:58:34");
insert into task (task_id,sprint_id, task_title, task_description, task_type, due_date, created_at) values (277,22, "Task no. 6", "Whale house house zebra house island fish snake lion grape cherry kangaroo jungle monkey ocean apple zebra night cherry yacht island queen zebra river kangaroo yacht zebra house.", "2", "2024-11-26 16:27:15", "2024-11-13 12:01:47");
insert into taskperform (task_id, user_id, created_at) values (277, 3, "2024-12-05 05:49:29");
insert into task (task_id,sprint_id, task_title, task_description, task_type, due_date, created_at) values (278,32, "Task no. 1", "Elephant jungle queen zebra house xylophone island village night dog island night cherry village yacht snake grape tiger umbrella queen xylophone jungle banana cherry.", "6", "2024-10-31 18:46:12", "2024-10-19 15:35:18");
insert into task (task_id,sprint_id, task_title, task_description, task_type, due_date, created_at) values (279,37, "Task no. 1", "Penguin night fish umbrella umbrella tiger kangaroo village banana zebra tiger xylophone cherry.", "2", "2024-04-26 19:37:55", "2024-04-01 16:29:10");
insert into taskperform (task_id, user_id, created_at) values (279, 3, "2024-06-29 20:54:52");
insert into task (task_id,sprint_id, task_title, task_description, task_type, due_date, created_at) values (280,14, "Task no. 9", "Ocean lion island apple penguin fish zebra banana lion xylophone fish umbrella xylophone river yacht night dog night.", "6", "2024-07-17 05:36:24", "2024-03-06 18:06:51");
insert into taskperform (task_id, user_id, created_at) values (280, 3, "2024-11-17 10:16:37");
insert into task (task_id,sprint_id, task_title, task_description, task_type, due_date, created_at) values (281,16, "Task no. 10", "Ocean grape night fish monkey cherry snake village fish xylophone ocean jungle xylophone elephant grape xylophone whale cherry kangaroo umbrella dog.", "5", "2024-10-17 23:42:39", "2024-08-14 08:46:25");
insert into taskperform (task_id, user_id, created_at) values (281, 3, "2024-09-14 08:59:17");
insert into role (user_id, room_id, role_detail) values (4, 11, 3);
insert into task (task_id,sprint_id, task_title, task_description, task_type, due_date, created_at) values (282,6, "Task no. 16", "Yacht jungle yacht island night xylophone whale apple jungle lion monkey river island umbrella snake snake queen jungle river elephant dog island elephant kangaroo queen yacht lion banana.", "6", "2024-11-18 15:27:59", "2024-11-07 04:16:23");
insert into task (task_id,sprint_id, task_title, task_description, task_type, due_date, created_at) values (283,1, "Task no. 21", "Lion whale night grape snake whale yacht queen kangaroo house night jungle whale river banana zebra.", "3", "2023-12-24 00:38:12", "2023-12-06 20:10:00");
insert into taskperform (task_id, user_id, created_at) values (283, 4, "2024-03-14 18:57:31");
insert into task (task_id,sprint_id, task_title, task_description, task_type, due_date, created_at) values (284,34, "Task no. 1", "Dog lion umbrella xylophone island ocean jungle kangaroo snake grape umbrella whale lion whale monkey zebra umbrella house tiger umbrella dog yacht whale yacht jungle banana grape river river.", "2", "2024-01-20 04:06:19", "2023-12-16 19:30:04");
insert into taskperform (task_id, user_id, created_at) values (284, 4, "2024-06-25 12:08:15");
insert into task (task_id,sprint_id, task_title, task_description, task_type, due_date, created_at) values (285,29, "Task no. 1", "Umbrella house island grape night monkey house kangaroo fish lion whale xylophone yacht elephant cherry night penguin zebra cherry ocean island.", "6", "2024-05-28 08:14:11", "2024-05-15 17:01:32");
insert into taskperform (task_id, user_id, created_at) values (285, 4, "2024-08-20 13:03:22");
insert into task (task_id,sprint_id, task_title, task_description, task_type, due_date, created_at) values (286,37, "Task no. 2", "Queen river dog banana jungle zebra jungle house monkey lion queen umbrella lion banana yacht banana snake snake island xylophone lion.", "2", "2024-02-02 05:30:57", "2024-01-06 01:40:05");
insert into taskperform (task_id, user_id, created_at) values (286, 4, "2024-08-19 18:45:14");
insert into task (task_id,sprint_id, task_title, task_description, task_type, due_date, created_at) values (287,5, "Task no. 26", "Island dog snake queen elephant dog village cherry grape village night umbrella kangaroo ocean elephant tiger lion penguin whale.", "3", "2024-04-13 11:49:33", "2023-12-30 01:16:37");
insert into taskperform (task_id, user_id, created_at) values (287, 4, "2024-09-17 16:36:21");
insert into task (task_id,sprint_id, task_title, task_description, task_type, due_date, created_at) values (288,36, "Task no. 1", "Tiger zebra zebra dog night snake cherry lion zebra umbrella yacht yacht elephant yacht yacht jungle cherry xylophone xylophone jungle snake yacht queen night queen.", "4", "2024-10-11 23:23:21", "2024-07-17 14:37:23");
insert into taskperform (task_id, user_id, created_at) values (288, 4, "2024-10-30 04:36:29");
insert into task (task_id,sprint_id, task_title, task_description, task_type, due_date, created_at) values (289,27, "Task no. 2", "Cherry village jungle jungle monkey umbrella umbrella queen island ocean.", "6", "2024-08-30 07:36:01", "2024-04-30 13:39:30");
insert into taskperform (task_id, user_id, created_at) values (289, 4, "2024-07-04 14:10:43");
insert into role (user_id, room_id, role_detail) values (8, 11, 2);
insert into message (user_id, room_id, message_detail, created_at) values (8, 11, "Fish elephant zebra dog banana tiger banana penguin village tiger.", "2024-01-04 10:16:05");
insert into message (user_id, room_id, message_detail, created_at) values (8, 11, "Ocean penguin house umbrella yacht fish grape cherry apple grape zebra umbrella fish river yacht queen snake tiger river river cherry kangaroo xylophone grape umbrella apple zebra river ocean.", "2024-09-07 00:19:39");
insert into message (user_id, room_id, message_detail, created_at) values (8, 11, "Kangaroo jungle night house island dog xylophone jungle night ocean.", "2024-07-01 04:47:08");
insert into message (user_id, room_id, message_detail, created_at) values (8, 11, "Banana snake banana cherry kangaroo night whale house house zebra grape xylophone jungle elephant village monkey.", "2024-02-23 07:57:37");
insert into message (user_id, room_id, message_detail, created_at) values (8, 11, "Umbrella queen island river cherry penguin lion queen tiger tiger snake penguin cherry grape cherry apple zebra river night jungle banana penguin village yacht xylophone snake ocean ocean.", "2024-03-30 13:59:10");
insert into message (user_id, room_id, message_detail, created_at) values (8, 11, "Jungle cherry fish night lion snake island tiger night dog tiger monkey xylophone island river snake snake lion monkey jungle penguin village zebra jungle whale ocean queen snake.", "2024-10-02 17:45:58");
insert into message (user_id, room_id, message_detail, created_at) values (8, 11, "Village snake jungle lion umbrella river yacht xylophone fish island island elephant xylophone cherry queen monkey tiger ocean tiger banana cherry kangaroo zebra cherry.", "2024-01-10 12:59:49");
insert into message (user_id, room_id, message_detail, created_at) values (8, 11, "Dog dog jungle umbrella house fish queen penguin tiger penguin dog lion kangaroo queen umbrella lion xylophone zebra dog umbrella.", "2024-07-18 20:31:42");
insert into message (user_id, room_id, message_detail, created_at) values (8, 11, "Grape grape yacht snake kangaroo penguin jungle dog penguin kangaroo umbrella xylophone lion monkey island kangaroo dog house tiger night dog penguin.", "2024-11-09 19:39:40");
insert into message (user_id, room_id, message_detail, created_at) values (8, 11, "Jungle dog penguin apple apple kangaroo snake dog fish cherry river night xylophone ocean snake grape river island.", "2024-10-27 17:00:17");
insert into message (user_id, room_id, message_detail, created_at) values (8, 11, "Kangaroo fish elephant apple penguin river fish village fish fish banana jungle house river queen fish lion lion apple yacht kangaroo whale zebra apple lion zebra apple xylophone elephant.", "2024-01-03 02:55:30");
insert into task (task_id,sprint_id, task_title, task_description, task_type, due_date, created_at) values (290,21, "Task no. 7", "Village tiger grape river dog house dog apple tiger ocean queen queen penguin penguin village river house lion.", "4", "2024-11-22 21:37:19", "2024-03-15 14:55:35");
insert into taskperform (task_id, user_id, created_at) values (290, 8, "2024-07-04 16:47:08");
insert into task (task_id,sprint_id, task_title, task_description, task_type, due_date, created_at) values (291,32, "Task no. 2", "Tiger grape penguin monkey snake monkey jungle grape penguin queen fish tiger banana monkey house kangaroo whale house apple dog banana.", "2", "2024-07-11 14:21:00", "2024-05-12 06:57:45");
insert into taskperform (task_id, user_id, created_at) values (291, 8, "2024-12-02 18:20:04");
insert into task (task_id,sprint_id, task_title, task_description, task_type, due_date, created_at) values (292,26, "Task no. 2", "Monkey umbrella xylophone queen yacht house xylophone river kangaroo monkey ocean whale dog village jungle umbrella island elephant monkey kangaroo apple village jungle night ocean.", "5", "2024-11-17 21:08:01", "2024-09-04 23:41:16");
insert into taskperform (task_id, user_id, created_at) values (292, 8, "2024-09-22 17:34:07");
insert into role (user_id, room_id, role_detail) values (6, 11, 3);
insert into message (user_id, room_id, message_detail, created_at) values (6, 11, "Tiger apple cherry elephant whale village fish whale elephant island cherry whale fish whale jungle river ocean penguin fish.", "2024-12-10 14:30:53");
insert into message (user_id, room_id, message_detail, created_at) values (6, 11, "Elephant kangaroo ocean penguin grape zebra ocean whale monkey jungle cherry ocean snake penguin.", "2024-10-23 22:42:46");
insert into message (user_id, room_id, message_detail, created_at) values (6, 11, "Kangaroo snake umbrella grape ocean cherry snake cherry fish house banana lion umbrella island tiger village whale fish penguin xylophone cherry banana island island xylophone jungle night ocean.", "2024-10-18 08:40:59");
insert into message (user_id, room_id, message_detail, created_at) values (6, 11, "Fish lion ocean dog whale yacht river umbrella apple penguin house monkey jungle jungle village river penguin queen night night whale whale xylophone whale cherry kangaroo.", "2024-01-10 12:55:31");
insert into task (task_id,sprint_id, task_title, task_description, task_type, due_date, created_at) values (293,31, "Task no. 1", "House ocean tiger banana kangaroo ocean snake elephant elephant ocean house whale xylophone dog monkey night apple cherry apple lion.", "2", "2024-10-08 10:22:14", "2024-08-03 08:38:21");
insert into taskperform (task_id, user_id, created_at) values (293, 6, "2024-11-05 19:39:33");
insert into task (task_id,sprint_id, task_title, task_description, task_type, due_date, created_at) values (294,5, "Task no. 27", "Fish tiger night banana village grape house island zebra night zebra night penguin tiger night jungle yacht night monkey elephant umbrella queen umbrella cherry xylophone village xylophone.", "5", "2024-05-11 05:33:47", "2024-02-22 21:10:19");
insert into taskperform (task_id, user_id, created_at) values (294, 6, "2024-05-16 10:02:53");
insert into task (task_id,sprint_id, task_title, task_description, task_type, due_date, created_at) values (295,37, "Task no. 3", "Grape umbrella house zebra snake snake yacht monkey house zebra fish.", "5", "2024-12-12 08:06:45", "2024-12-05 20:05:43");
insert into taskperform (task_id, user_id, created_at) values (295, 6, "2024-12-07 23:47:49");
insert into task (task_id,sprint_id, task_title, task_description, task_type, due_date, created_at) values (296,1, "Task no. 22", "Zebra umbrella jungle lion fish xylophone banana apple fish penguin zebra xylophone banana ocean yacht house river whale grape night ocean xylophone xylophone.", "1", "2024-11-17 07:24:13", "2024-11-10 06:53:21");
insert into taskperform (task_id, user_id, created_at) values (296, 6, "2024-11-24 20:57:31");
insert into task (task_id,sprint_id, task_title, task_description, task_type, due_date, created_at) values (297,5, "Task no. 28", "House elephant jungle grape xylophone xylophone island snake tiger lion fish yacht ocean elephant night ocean snake grape queen lion lion kangaroo night river banana kangaroo umbrella zebra island.", "1", "2024-07-12 08:28:20", "2024-05-30 13:25:15");
insert into taskperform (task_id, user_id, created_at) values (297, 6, "2024-10-03 21:26:28");
insert into task (task_id,sprint_id, task_title, task_description, task_type, due_date, created_at) values (298,17, "Task no. 8", "Umbrella snake tiger apple tiger jungle river umbrella cherry snake umbrella night fish village xylophone yacht grape zebra house river.", "5", "2024-08-19 15:00:09", "2024-03-27 03:18:57");
insert into taskperform (task_id, user_id, created_at) values (298, 6, "2024-11-24 05:02:42");
insert into task (task_id,sprint_id, task_title, task_description, task_type, due_date, created_at) values (299,14, "Task no. 10", "Ocean kangaroo banana island tiger penguin dog xylophone kangaroo zebra village lion island.", "3", "2024-05-20 05:32:10", "2024-01-31 09:21:27");
insert into taskperform (task_id, user_id, created_at) values (299, 6, "2024-10-09 04:13:47");
insert into task (task_id,sprint_id, task_title, task_description, task_type, due_date, created_at) values (300,27, "Task no. 3", "Cherry snake tiger queen whale cherry queen river yacht elephant island yacht penguin monkey penguin dog banana.", "1", "2024-09-18 04:41:08", "2024-04-20 03:15:40");
insert into taskperform (task_id, user_id, created_at) values (300, 6, "2024-04-22 21:19:49");
insert into task (task_id,sprint_id, task_title, task_description, task_type, due_date, created_at) values (301,37, "Task no. 4", "Dog village apple kangaroo dog island tiger fish house yacht lion island penguin umbrella banana.", "2", "2024-12-13 05:27:01", "2024-12-09 10:28:41");
insert into taskperform (task_id, user_id, created_at) values (301, 6, "2024-12-14 15:31:22");
insert into task (task_id,sprint_id, task_title, task_description, task_type, due_date, created_at) values (302,10, "Task no. 9", "Tiger tiger fish dog ocean kangaroo cherry island queen island elephant snake lion monkey village monkey fish house whale tiger zebra apple elephant kangaroo umbrella lion grape xylophone snake.", "1", "2024-11-26 08:23:11", "2024-09-21 05:39:37");
insert into taskperform (task_id, user_id, created_at) values (302, 6, "2024-10-12 10:58:37");
insert into role (user_id, room_id, role_detail) values (7, 11, 2);
insert into message (user_id, room_id, message_detail, created_at) values (7, 11, "Dog elephant river penguin village penguin house snake ocean lion house banana river umbrella.", "2024-06-01 23:36:33");
insert into message (user_id, room_id, message_detail, created_at) values (7, 11, "River xylophone xylophone village monkey night monkey jungle tiger umbrella banana cherry dog kangaroo whale xylophone penguin zebra apple river umbrella monkey monkey.", "2024-01-22 02:22:00");
insert into task (task_id,sprint_id, task_title, task_description, task_type, due_date, created_at) values (303,24, "Task no. 8", "Banana penguin elephant night cherry house jungle elephant tiger fish lion monkey.", "2", "2024-11-26 00:52:31", "2024-09-23 13:16:34");
insert into taskperform (task_id, user_id, created_at) values (303, 7, "2024-10-31 04:52:01");
insert into task (task_id,sprint_id, task_title, task_description, task_type, due_date, created_at) values (304,3, "Task no. 24", "Island ocean elephant snake ocean tiger umbrella xylophone lion island river kangaroo.", "5", "2024-10-11 00:32:22", "2024-07-08 19:54:08");
insert into task (task_id,sprint_id, task_title, task_description, task_type, due_date, created_at) values (305,18, "Task no. 6", "Kangaroo xylophone whale banana village apple river jungle snake yacht house queen dog zebra night grape zebra banana dog grape dog kangaroo ocean xylophone grape river.", "3", "2024-10-25 19:53:00", "2024-07-01 02:23:48");
insert into taskperform (task_id, user_id, created_at) values (305, 7, "2024-11-26 23:20:32");
insert into task (task_id,sprint_id, task_title, task_description, task_type, due_date, created_at) values (306,4, "Task no. 19", "Xylophone village cherry tiger apple lion river kangaroo penguin kangaroo jungle zebra village fish lion.", "2", "2024-05-28 21:45:44", "2024-01-07 13:43:16");
insert into taskperform (task_id, user_id, created_at) values (306, 7, "2024-10-12 02:22:00");
insert into task (task_id,sprint_id, task_title, task_description, task_type, due_date, created_at) values (307,26, "Task no. 3", "Zebra river monkey zebra night island lion grape grape xylophone ocean cherry.", "1", "2024-09-28 22:19:21", "2024-09-23 12:44:16");
insert into taskperform (task_id, user_id, created_at) values (307, 7, "2024-12-07 15:47:57");
insert into task (task_id,sprint_id, task_title, task_description, task_type, due_date, created_at) values (308,21, "Task no. 8", "Zebra river tiger penguin house village apple snake umbrella whale xylophone apple.", "3", "2024-10-26 19:47:12", "2024-10-07 09:14:37");
insert into taskperform (task_id, user_id, created_at) values (308, 7, "2024-10-15 00:42:05");
insert into sprint (room_id, sprint_name, created_at) values (12, "Sprint no. 1" , "2024-12-01 09:44:34");
insert into sprint (room_id, sprint_name, created_at) values (12, "Sprint no. 2" , "2024-12-13 18:45:56");
insert into sprint (room_id, sprint_name, created_at) values (12, "Sprint no. 3" , "2024-12-14 13:55:53");
insert into sprint (room_id, sprint_name, created_at) values (12, "Sprint no. 4" , "2024-12-14 20:20:48");
insert into sprint (room_id, sprint_name, created_at) values (12, "Sprint no. 5" , "2024-12-14 23:53:12");
insert into sprint (room_id, sprint_name, created_at) values (12, "Sprint no. 6" , "2024-12-15 00:04:35");
insert into role (user_id, room_id, role_detail) values (5, 12, 1);
insert into message (user_id, room_id, message_detail, created_at) values (5, 12, "Monkey house monkey grape banana ocean dog dog apple fish apple dog apple xylophone snake lion xylophone.", "2024-04-03 22:41:56");
insert into message (user_id, room_id, message_detail, created_at) values (5, 12, "Night yacht apple river whale night grape xylophone elephant fish grape jungle night zebra village island ocean.", "2024-01-23 12:42:59");
insert into message (user_id, room_id, message_detail, created_at) values (5, 12, "Monkey ocean cherry ocean dog lion house fish banana monkey river snake snake yacht penguin village tiger dog jungle whale fish river umbrella tiger.", "2024-11-08 02:04:54");
insert into message (user_id, room_id, message_detail, created_at) values (5, 12, "Xylophone xylophone cherry grape whale banana house snake elephant queen whale banana elephant snake lion elephant apple snake monkey penguin island river village.", "2024-12-03 04:44:18");
insert into message (user_id, room_id, message_detail, created_at) values (5, 12, "Zebra monkey fish island house village kangaroo umbrella elephant cherry elephant elephant jungle kangaroo xylophone.", "2024-09-23 18:07:47");
insert into message (user_id, room_id, message_detail, created_at) values (5, 12, "Whale lion elephant monkey fish night fish grape island island house lion monkey fish.", "2024-09-20 00:24:37");
insert into message (user_id, room_id, message_detail, created_at) values (5, 12, "Lion cherry island dog zebra whale snake kangaroo whale monkey jungle fish umbrella.", "2024-12-09 07:04:57");
insert into message (user_id, room_id, message_detail, created_at) values (5, 12, "Banana ocean penguin dog island queen umbrella snake snake island grape umbrella penguin tiger snake umbrella cherry grape tiger kangaroo fish banana cherry elephant ocean penguin zebra jungle.", "2024-10-31 14:30:03");
insert into message (user_id, room_id, message_detail, created_at) values (5, 12, "Penguin house penguin apple yacht island island grape elephant kangaroo night fish penguin night whale night zebra island elephant river whale monkey snake village banana ocean.", "2024-02-10 23:04:53");
insert into task (task_id,sprint_id, task_title, task_description, task_type, due_date, created_at) values (309,34, "Task no. 2", "Queen yacht ocean cherry island river lion whale ocean apple lion night village ocean snake grape queen lion apple dog monkey lion river apple snake yacht dog night grape.", "4", "2024-09-23 20:15:14", "2024-05-04 05:34:42");
insert into taskperform (task_id, user_id, created_at) values (309, 5, "2024-07-18 17:54:42");
insert into task (task_id,sprint_id, task_title, task_description, task_type, due_date, created_at) values (310,10, "Task no. 10", "Tiger cherry jungle tiger village dog kangaroo island house river.", "5", "2024-12-12 10:12:28", "2024-11-01 09:59:47");
insert into taskperform (task_id, user_id, created_at) values (310, 5, "2024-12-07 10:01:11");
insert into task (task_id,sprint_id, task_title, task_description, task_type, due_date, created_at) values (311,25, "Task no. 4", "Island grape ocean jungle apple night elephant river banana apple.", "2", "2024-09-27 20:23:35", "2024-04-22 04:19:05");
insert into taskperform (task_id, user_id, created_at) values (311, 5, "2024-04-30 12:07:32");
insert into role (user_id, room_id, role_detail) values (4, 12, 2);
insert into message (user_id, room_id, message_detail, created_at) values (4, 12, "Ocean tiger zebra umbrella penguin apple zebra island village umbrella zebra whale yacht jungle queen apple penguin kangaroo jungle banana river.", "2024-09-20 22:57:44");
insert into message (user_id, room_id, message_detail, created_at) values (4, 12, "Grape village tiger snake jungle kangaroo apple zebra house grape village banana grape umbrella xylophone ocean xylophone cherry snake tiger.", "2024-07-25 09:07:05");
insert into message (user_id, room_id, message_detail, created_at) values (4, 12, "Ocean kangaroo grape fish zebra elephant kangaroo penguin ocean cherry house ocean whale queen dog umbrella penguin cherry.", "2024-05-16 14:05:45");
insert into message (user_id, room_id, message_detail, created_at) values (4, 12, "Banana umbrella snake yacht whale yacht whale umbrella river fish jungle penguin fish grape yacht village whale.", "2024-01-13 11:40:54");
insert into message (user_id, room_id, message_detail, created_at) values (4, 12, "Umbrella village monkey elephant queen umbrella dog zebra ocean village fish tiger penguin zebra lion snake jungle river kangaroo elephant banana house snake dog umbrella kangaroo house grape.", "2024-01-09 03:27:08");
insert into message (user_id, room_id, message_detail, created_at) values (4, 12, "Elephant snake village cherry lion village tiger lion snake grape whale tiger tiger zebra xylophone elephant.", "2024-10-05 04:53:53");
insert into message (user_id, room_id, message_detail, created_at) values (4, 12, "Night xylophone zebra banana dog dog island umbrella whale xylophone umbrella kangaroo kangaroo elephant kangaroo snake jungle kangaroo umbrella queen yacht dog tiger.", "2024-05-29 17:15:05");
insert into message (user_id, room_id, message_detail, created_at) values (4, 12, "Zebra xylophone island island house yacht cherry apple banana tiger grape banana snake monkey whale.", "2024-04-24 04:13:25");
insert into message (user_id, room_id, message_detail, created_at) values (4, 12, "Tiger night grape fish xylophone xylophone snake snake grape apple whale cherry river tiger jungle apple lion kangaroo yacht.", "2024-03-22 12:46:00");
insert into message (user_id, room_id, message_detail, created_at) values (4, 12, "Village apple night apple grape house penguin ocean banana umbrella fish island dog night village fish village.", "2024-04-26 10:12:26");
insert into message (user_id, room_id, message_detail, created_at) values (4, 12, "River night river xylophone elephant lion apple fish yacht house monkey banana snake umbrella apple house jungle ocean umbrella jungle house yacht.", "2024-03-01 16:40:55");
insert into message (user_id, room_id, message_detail, created_at) values (4, 12, "Zebra river jungle banana whale fish river dog whale umbrella grape.", "2024-04-20 14:38:12");
insert into task (task_id,sprint_id, task_title, task_description, task_type, due_date, created_at) values (312,28, "Task no. 1", "Ocean fish snake yacht jungle banana village island ocean ocean night queen banana dog tiger whale tiger village.", "3", "2024-08-22 16:05:30", "2024-07-15 11:18:51");
insert into task (task_id,sprint_id, task_title, task_description, task_type, due_date, created_at) values (313,28, "Task no. 2", "Xylophone house monkey ocean yacht house queen cherry umbrella river monkey night xylophone ocean island island zebra penguin jungle fish ocean river monkey night house night yacht snake.", "5", "2024-11-16 22:44:29", "2024-08-13 00:35:23");
insert into taskperform (task_id, user_id, created_at) values (313, 4, "2024-09-20 19:25:48");
insert into task (task_id,sprint_id, task_title, task_description, task_type, due_date, created_at) values (314,20, "Task no. 8", "Night island yacht jungle village house zebra fish lion snake grape village.", "2", "2024-06-03 01:29:27", "2024-06-02 18:50:56");
insert into taskperform (task_id, user_id, created_at) values (314, 4, "2024-06-14 14:28:11");
insert into task (task_id,sprint_id, task_title, task_description, task_type, due_date, created_at) values (315,8, "Task no. 10", "Night kangaroo queen kangaroo snake kangaroo xylophone banana tiger queen dog tiger yacht fish.", "1", "2024-11-30 07:03:45", "2024-11-22 13:10:01");
insert into taskperform (task_id, user_id, created_at) values (315, 4, "2024-12-11 05:37:12");
insert into task (task_id,sprint_id, task_title, task_description, task_type, due_date, created_at) values (316,8, "Task no. 11", "Village xylophone banana jungle island penguin umbrella island ocean grape monkey jungle yacht kangaroo banana.", "4", "2024-04-24 00:01:11", "2023-12-16 16:39:01");
insert into taskperform (task_id, user_id, created_at) values (316, 4, "2024-09-26 12:28:04");
insert into task (task_id,sprint_id, task_title, task_description, task_type, due_date, created_at) values (317,29, "Task no. 2", "Zebra night grape river house yacht apple night island island lion xylophone snake apple grape snake banana island island queen whale tiger yacht.", "6", "2024-10-04 15:28:42", "2024-02-27 18:25:50");
insert into taskperform (task_id, user_id, created_at) values (317, 4, "2024-09-23 10:10:13");
insert into task (task_id,sprint_id, task_title, task_description, task_type, due_date, created_at) values (318,43, "Task no. 1", "Ocean elephant house dog kangaroo elephant cherry night whale banana monkey queen jungle yacht river zebra apple queen village yacht night house banana monkey night fish whale monkey zebra village.", "5", "2024-04-30 00:32:55", "2024-04-13 19:31:42");
insert into task (task_id,sprint_id, task_title, task_description, task_type, due_date, created_at) values (319,17, "Task no. 9", "Apple tiger river grape penguin penguin night lion monkey jungle tiger ocean whale.", "6", "2024-12-04 04:08:58", "2024-11-18 10:57:51");
insert into taskperform (task_id, user_id, created_at) values (319, 4, "2024-12-03 03:26:02");
insert into task (task_id,sprint_id, task_title, task_description, task_type, due_date, created_at) values (320,43, "Task no. 2", "Penguin elephant queen snake kangaroo grape queen lion house village night lion lion tiger house jungle whale whale.", "1", "2024-09-02 21:34:36", "2024-08-05 06:27:55");
insert into taskperform (task_id, user_id, created_at) values (320, 4, "2024-09-24 09:10:25");
insert into task (task_id,sprint_id, task_title, task_description, task_type, due_date, created_at) values (321,30, "Task no. 1", "Banana banana grape river penguin river house snake queen ocean cherry queen river dog lion house yacht xylophone night dog apple snake umbrella grape banana.", "5", "2024-10-10 23:29:42", "2024-08-01 01:08:03");
insert into taskperform (task_id, user_id, created_at) values (321, 4, "2024-09-05 20:26:28");
insert into role (user_id, room_id, role_detail) values (1, 12, 3);
insert into message (user_id, room_id, message_detail, created_at) values (1, 12, "Village zebra island whale yacht umbrella village night snake yacht lion night banana island whale lion xylophone river monkey night grape snake grape tiger night zebra dog.", "2024-02-28 21:05:28");
insert into message (user_id, room_id, message_detail, created_at) values (1, 12, "Apple xylophone night river village zebra snake banana island yacht fish house.", "2024-09-27 22:12:07");
insert into message (user_id, room_id, message_detail, created_at) values (1, 12, "Umbrella dog umbrella snake yacht penguin fish snake tiger house xylophone village xylophone.", "2024-06-13 06:17:19");
insert into message (user_id, room_id, message_detail, created_at) values (1, 12, "Jungle zebra ocean whale banana kangaroo house elephant river whale grape elephant penguin apple cherry grape whale island penguin.", "2024-11-23 06:49:03");
insert into message (user_id, room_id, message_detail, created_at) values (1, 12, "Fish banana night zebra banana queen night village snake snake xylophone.", "2024-04-17 15:12:12");
insert into message (user_id, room_id, message_detail, created_at) values (1, 12, "Penguin grape village monkey monkey grape night umbrella jungle village kangaroo house island grape.", "2024-04-20 10:18:53");
insert into message (user_id, room_id, message_detail, created_at) values (1, 12, "Tiger banana house lion ocean apple xylophone banana island yacht.", "2024-01-21 17:24:07");
insert into message (user_id, room_id, message_detail, created_at) values (1, 12, "Ocean xylophone tiger monkey tiger dog yacht whale elephant river jungle river tiger elephant ocean zebra banana ocean cherry lion cherry river village.", "2024-09-01 01:10:22");
insert into message (user_id, room_id, message_detail, created_at) values (1, 12, "Jungle xylophone umbrella xylophone tiger penguin cherry elephant ocean umbrella apple island monkey snake snake house queen.", "2024-01-05 00:54:30");
insert into message (user_id, room_id, message_detail, created_at) values (1, 12, "Tiger penguin cherry apple apple xylophone yacht dog monkey lion ocean house queen dog night apple lion kangaroo monkey ocean elephant.", "2024-09-23 18:42:17");
insert into task (task_id,sprint_id, task_title, task_description, task_type, due_date, created_at) values (322,14, "Task no. 11", "Zebra kangaroo fish river whale village grape village kangaroo penguin whale river yacht kangaroo kangaroo tiger island banana elephant house.", "5", "2024-08-18 09:47:25", "2024-07-07 05:57:45");
insert into taskperform (task_id, user_id, created_at) values (322, 1, "2024-10-19 00:57:54");
insert into task (task_id,sprint_id, task_title, task_description, task_type, due_date, created_at) values (323,8, "Task no. 12", "Jungle island apple house zebra apple village monkey cherry zebra lion snake umbrella ocean kangaroo umbrella river island elephant apple zebra monkey.", "5", "2024-06-30 02:06:57", "2023-12-08 20:13:42");
insert into taskperform (task_id, user_id, created_at) values (323, 1, "2024-02-17 04:36:35");
insert into task (task_id,sprint_id, task_title, task_description, task_type, due_date, created_at) values (324,21, "Task no. 9", "Night elephant night banana umbrella apple apple monkey island night xylophone grape xylophone cherry yacht umbrella monkey fish.", "2", "2024-04-11 21:58:38", "2024-01-08 06:35:15");
insert into taskperform (task_id, user_id, created_at) values (324, 1, "2024-09-27 16:12:34");
insert into task (task_id,sprint_id, task_title, task_description, task_type, due_date, created_at) values (325,17, "Task no. 10", "Monkey dog apple banana banana fish banana whale tiger cherry island apple jungle banana monkey dog whale village village lion elephant house jungle village fish queen house cherry apple.", "4", "2024-06-19 12:20:05", "2024-05-09 10:06:33");
insert into taskperform (task_id, user_id, created_at) values (325, 1, "2024-07-22 01:59:27");
insert into task (task_id,sprint_id, task_title, task_description, task_type, due_date, created_at) values (326,7, "Task no. 11", "Island elephant yacht cherry fish umbrella umbrella elephant river river queen kangaroo jungle night kangaroo umbrella monkey apple yacht elephant yacht banana xylophone monkey queen kangaroo island.", "1", "2024-12-11 03:20:52", "2024-12-08 14:34:48");
insert into taskperform (task_id, user_id, created_at) values (326, 1, "2024-12-11 03:06:18");
insert into task (task_id,sprint_id, task_title, task_description, task_type, due_date, created_at) values (327,42, "Task no. 1", "Fish xylophone queen zebra elephant elephant zebra penguin cherry lion monkey xylophone fish village penguin lion.", "3", "2024-10-31 12:00:24", "2024-08-14 11:10:40");
insert into task (task_id,sprint_id, task_title, task_description, task_type, due_date, created_at) values (328,30, "Task no. 2", "Elephant jungle umbrella dog house lion zebra island ocean yacht kangaroo grape tiger night penguin fish village banana whale apple village apple snake jungle whale yacht.", "6", "2024-07-12 00:01:48", "2023-12-03 13:01:23");
insert into taskperform (task_id, user_id, created_at) values (328, 1, "2024-01-15 12:45:07");
insert into task (task_id,sprint_id, task_title, task_description, task_type, due_date, created_at) values (329,10, "Task no. 11", "Umbrella lion village apple fish village ocean apple elephant banana village fish grape fish fish island tiger village river queen banana apple whale river apple river lion.", "5", "2024-09-20 22:56:35", "2024-08-21 12:30:38");
insert into taskperform (task_id, user_id, created_at) values (329, 1, "2024-09-27 11:30:19");
insert into task (task_id,sprint_id, task_title, task_description, task_type, due_date, created_at) values (330,17, "Task no. 11", "Snake queen xylophone house night night queen xylophone grape village penguin elephant umbrella dog village apple snake yacht queen xylophone.", "6", "2024-03-15 21:28:24", "2024-02-28 04:29:19");
insert into task (task_id,sprint_id, task_title, task_description, task_type, due_date, created_at) values (331,19, "Task no. 7", "Yacht yacht banana banana cherry fish night ocean island jungle.", "4", "2024-11-27 06:55:15", "2024-09-25 19:33:27");
insert into taskperform (task_id, user_id, created_at) values (331, 1, "2024-11-06 00:26:37");
insert into role (user_id, room_id, role_detail) values (7, 12, 2);
insert into message (user_id, room_id, message_detail, created_at) values (7, 12, "Island apple monkey jungle zebra snake kangaroo tiger tiger yacht zebra monkey river.", "2024-10-19 20:05:51");
insert into message (user_id, room_id, message_detail, created_at) values (7, 12, "Fish cherry tiger kangaroo umbrella penguin apple tiger elephant whale zebra queen tiger.", "2024-12-04 09:45:05");
insert into message (user_id, room_id, message_detail, created_at) values (7, 12, "Fish apple monkey jungle dog jungle penguin whale penguin grape monkey night xylophone monkey monkey zebra snake tiger kangaroo yacht umbrella xylophone ocean whale jungle.", "2024-08-14 10:59:50");
insert into message (user_id, room_id, message_detail, created_at) values (7, 12, "Fish ocean island banana queen banana ocean queen night jungle snake jungle village river queen lion tiger jungle apple.", "2024-05-01 16:37:02");
insert into message (user_id, room_id, message_detail, created_at) values (7, 12, "Ocean village island banana grape kangaroo whale village island kangaroo penguin jungle xylophone village penguin kangaroo grape island penguin dog island elephant house dog.", "2024-07-03 09:01:58");
insert into message (user_id, room_id, message_detail, created_at) values (7, 12, "House grape village xylophone zebra river queen cherry kangaroo snake kangaroo tiger.", "2023-12-01 16:20:22");
insert into message (user_id, room_id, message_detail, created_at) values (7, 12, "Night whale dog house zebra apple yacht night xylophone whale whale yacht xylophone banana tiger penguin river village river penguin queen penguin banana house queen zebra queen jungle zebra whale.", "2024-08-04 23:55:14");
insert into message (user_id, room_id, message_detail, created_at) values (7, 12, "Kangaroo zebra house xylophone grape banana yacht kangaroo tiger penguin tiger monkey house grape monkey umbrella xylophone lion cherry zebra jungle ocean whale umbrella penguin umbrella.", "2023-12-25 06:30:11");
insert into message (user_id, room_id, message_detail, created_at) values (7, 12, "Monkey ocean lion yacht xylophone night snake yacht penguin tiger dog umbrella apple whale elephant ocean elephant zebra xylophone ocean penguin ocean.", "2024-07-14 17:27:09");
insert into message (user_id, room_id, message_detail, created_at) values (7, 12, "Zebra river night kangaroo house monkey zebra elephant queen tiger xylophone.", "2024-12-05 18:14:06");
insert into message (user_id, room_id, message_detail, created_at) values (7, 12, "Penguin night fish cherry banana house fish xylophone river jungle xylophone night yacht house cherry monkey grape grape village queen kangaroo night apple zebra village.", "2024-10-04 01:52:00");
insert into message (user_id, room_id, message_detail, created_at) values (7, 12, "Kangaroo apple apple whale village xylophone cherry grape queen jungle village jungle yacht dog snake yacht queen ocean cherry kangaroo.", "2024-09-21 18:14:03");
insert into message (user_id, room_id, message_detail, created_at) values (7, 12, "Yacht night snake umbrella tiger river village yacht apple xylophone tiger snake yacht apple yacht queen island fish ocean penguin grape lion tiger xylophone ocean fish ocean.", "2024-02-18 15:41:51");
insert into message (user_id, room_id, message_detail, created_at) values (7, 12, "Island grape snake night tiger house xylophone banana yacht house xylophone island jungle umbrella night dog jungle jungle dog island tiger penguin tiger grape elephant.", "2024-03-27 09:26:08");
insert into message (user_id, room_id, message_detail, created_at) values (7, 12, "Village yacht whale tiger night xylophone river lion village penguin whale xylophone jungle village umbrella elephant umbrella river cherry island fish dog house zebra umbrella grape banana yacht grape.", "2024-10-25 17:38:12");
insert into task (task_id,sprint_id, task_title, task_description, task_type, due_date, created_at) values (332,13, "Task no. 11", "Fish umbrella tiger penguin dog banana jungle house xylophone zebra queen night umbrella cherry whale fish island umbrella snake tiger jungle house.", "5", "2024-06-23 19:10:50", "2024-05-04 07:45:01");
insert into taskperform (task_id, user_id, created_at) values (332, 7, "2024-10-16 15:58:39");
insert into role (user_id, room_id, role_detail) values (3, 12, 3);
insert into message (user_id, room_id, message_detail, created_at) values (3, 12, "Fish cherry village queen queen yacht monkey night apple tiger yacht snake penguin kangaroo tiger lion dog.", "2024-05-25 04:10:30");
insert into message (user_id, room_id, message_detail, created_at) values (3, 12, "House river zebra dog jungle cherry yacht tiger apple village.", "2024-08-08 17:12:57");
insert into message (user_id, room_id, message_detail, created_at) values (3, 12, "Grape umbrella grape island island grape ocean cherry xylophone village dog monkey night fish tiger village elephant river river night snake zebra apple tiger village ocean house house xylophone tiger.", "2024-02-14 23:57:53");
insert into task (task_id,sprint_id, task_title, task_description, task_type, due_date, created_at) values (333,32, "Task no. 3", "Fish apple village yacht ocean banana island banana banana umbrella apple grape lion house umbrella yacht house elephant umbrella.", "5", "2024-08-23 10:57:41", "2024-02-16 09:25:59");
insert into taskperform (task_id, user_id, created_at) values (333, 3, "2024-05-04 11:32:26");
insert into task (task_id,sprint_id, task_title, task_description, task_type, due_date, created_at) values (334,41, "Task no. 1", "Umbrella whale fish jungle elephant village jungle grape lion ocean lion umbrella yacht yacht zebra umbrella cherry.", "1", "2024-08-25 04:17:08", "2023-12-13 14:57:05");
insert into taskperform (task_id, user_id, created_at) values (334, 3, "2024-09-17 17:12:18");
insert into task (task_id,sprint_id, task_title, task_description, task_type, due_date, created_at) values (335,6, "Task no. 17", "Penguin snake monkey zebra umbrella queen village dog elephant zebra island grape tiger elephant village ocean river island tiger elephant dog umbrella night snake.", "5", "2024-12-03 06:31:57", "2024-03-17 10:16:11");
insert into taskperform (task_id, user_id, created_at) values (335, 3, "2024-10-24 05:39:14");
insert into task (task_id,sprint_id, task_title, task_description, task_type, due_date, created_at) values (336,17, "Task no. 12", "Elephant elephant apple xylophone lion jungle queen lion night river night yacht ocean monkey fish yacht whale queen fish lion snake penguin.", "2", "2024-12-14 12:29:34", "2024-12-11 09:13:32");
insert into taskperform (task_id, user_id, created_at) values (336, 3, "2024-12-11 20:03:50");
insert into task (task_id,sprint_id, task_title, task_description, task_type, due_date, created_at) values (337,25, "Task no. 5", "Queen ocean queen yacht island village zebra yacht yacht river whale.", "4", "2024-11-14 16:07:52", "2024-10-21 20:51:15");
insert into taskperform (task_id, user_id, created_at) values (337, 3, "2024-11-09 00:33:04");
insert into task (task_id,sprint_id, task_title, task_description, task_type, due_date, created_at) values (338,24, "Task no. 9", "Queen apple village umbrella night village house ocean dog house banana river elephant night yacht ocean village kangaroo banana tiger tiger house village lion.", "1", "2024-11-04 13:21:49", "2024-10-26 16:17:56");
insert into taskperform (task_id, user_id, created_at) values (338, 3, "2024-11-11 02:58:19");
insert into task (task_id,sprint_id, task_title, task_description, task_type, due_date, created_at) values (339,21, "Task no. 10", "River banana elephant penguin zebra cherry penguin jungle river ocean village kangaroo monkey.", "4", "2024-11-20 19:41:18", "2024-03-17 18:27:30");
insert into sprint (room_id, sprint_name, created_at) values (13, "Sprint no. 1" , "2024-10-31 21:27:15");
insert into sprint (room_id, sprint_name, created_at) values (13, "Sprint no. 2" , "2024-12-05 16:02:52");
insert into sprint (room_id, sprint_name, created_at) values (13, "Sprint no. 3" , "2024-12-07 16:55:14");
insert into sprint (room_id, sprint_name, created_at) values (13, "Sprint no. 4" , "2024-12-09 05:12:58");
insert into sprint (room_id, sprint_name, created_at) values (13, "Sprint no. 5" , "2024-12-14 11:36:40");
insert into sprint (room_id, sprint_name, created_at) values (13, "Sprint no. 6" , "2024-12-14 21:15:27");
insert into sprint (room_id, sprint_name, created_at) values (13, "Sprint no. 7" , "2024-12-14 22:47:15");
insert into sprint (room_id, sprint_name, created_at) values (13, "Sprint no. 8" , "2024-12-14 23:33:17");
insert into role (user_id, room_id, role_detail) values (8, 13, 1);
insert into message (user_id, room_id, message_detail, created_at) values (8, 13, "Yacht dog banana tiger grape banana lion queen village tiger village night cherry whale apple tiger grape.", "2024-09-17 14:55:32");
insert into message (user_id, room_id, message_detail, created_at) values (8, 13, "Tiger island tiger river grape cherry house village tiger queen banana elephant tiger umbrella umbrella queen yacht fish penguin apple apple house river kangaroo.", "2024-02-13 04:18:01");
insert into message (user_id, room_id, message_detail, created_at) values (8, 13, "House whale cherry night jungle river dog apple queen dog cherry whale ocean xylophone.", "2024-10-21 21:30:30");
insert into message (user_id, room_id, message_detail, created_at) values (8, 13, "Elephant jungle kangaroo kangaroo elephant umbrella penguin night kangaroo zebra queen jungle lion snake kangaroo kangaroo cherry yacht tiger zebra ocean tiger.", "2024-08-18 23:10:41");
insert into message (user_id, room_id, message_detail, created_at) values (8, 13, "Kangaroo fish cherry whale zebra monkey snake snake queen island umbrella apple cherry yacht cherry queen zebra lion village night.", "2024-01-16 14:39:36");
insert into message (user_id, room_id, message_detail, created_at) values (8, 13, "Jungle penguin lion dog cherry penguin fish snake village night house umbrella house jungle xylophone ocean island house fish snake ocean dog night fish night kangaroo.", "2024-08-22 08:36:33");
insert into message (user_id, room_id, message_detail, created_at) values (8, 13, "Apple grape xylophone jungle monkey ocean ocean island night monkey jungle whale fish river elephant apple yacht kangaroo village kangaroo ocean river snake cherry yacht cherry jungle cherry.", "2024-08-05 11:35:05");
insert into message (user_id, room_id, message_detail, created_at) values (8, 13, "Ocean penguin elephant ocean kangaroo whale penguin night tiger umbrella lion penguin umbrella banana umbrella dog elephant kangaroo apple xylophone.", "2024-08-29 09:50:54");
insert into message (user_id, room_id, message_detail, created_at) values (8, 13, "Banana elephant grape snake river island ocean fish xylophone island dog penguin penguin banana.", "2023-12-05 04:14:28");
insert into message (user_id, room_id, message_detail, created_at) values (8, 13, "Ocean elephant banana zebra tiger xylophone banana ocean jungle house banana umbrella xylophone tiger lion island kangaroo kangaroo village penguin yacht night zebra whale.", "2023-12-02 09:51:29");
insert into message (user_id, room_id, message_detail, created_at) values (8, 13, "Monkey kangaroo cherry house lion house island dog penguin zebra xylophone dog xylophone zebra ocean apple ocean night ocean elephant jungle whale cherry night snake.", "2024-09-13 22:45:12");
insert into message (user_id, room_id, message_detail, created_at) values (8, 13, "House snake monkey grape monkey grape grape penguin cherry zebra house river fish elephant ocean house fish grape river grape snake jungle dog house cherry queen tiger.", "2024-08-21 16:44:00");
insert into message (user_id, room_id, message_detail, created_at) values (8, 13, "Penguin tiger apple banana grape fish penguin cherry ocean snake island xylophone banana river xylophone zebra jungle river.", "2024-03-18 23:58:50");
insert into task (task_id,sprint_id, task_title, task_description, task_type, due_date, created_at) values (340,14, "Task no. 12", "Island zebra penguin cherry apple river monkey zebra xylophone jungle ocean cherry.", "4", "2024-08-28 23:02:02", "2024-05-03 00:48:58");
insert into taskperform (task_id, user_id, created_at) values (340, 8, "2024-09-18 23:18:49");
insert into task (task_id,sprint_id, task_title, task_description, task_type, due_date, created_at) values (341,42, "Task no. 2", "Tiger queen tiger penguin banana xylophone island apple lion banana monkey dog tiger cherry monkey kangaroo tiger banana tiger night river apple queen tiger.", "6", "2024-12-06 12:04:37", "2024-10-10 11:23:21");
insert into taskperform (task_id, user_id, created_at) values (341, 8, "2024-12-01 18:42:40");
insert into role (user_id, room_id, role_detail) values (2, 13, 3);
insert into message (user_id, room_id, message_detail, created_at) values (2, 13, "Snake kangaroo jungle banana queen grape snake zebra grape cherry village jungle lion cherry umbrella tiger elephant village penguin tiger tiger apple.", "2024-03-10 08:06:13");
insert into message (user_id, room_id, message_detail, created_at) values (2, 13, "Island yacht yacht dog house cherry zebra grape kangaroo tiger lion yacht monkey river penguin cherry village island whale lion cherry grape lion.", "2024-07-06 13:00:39");
insert into message (user_id, room_id, message_detail, created_at) values (2, 13, "Penguin kangaroo kangaroo apple dog cherry zebra lion fish monkey dog umbrella jungle night penguin snake fish night.", "2024-01-08 06:06:18");
insert into message (user_id, room_id, message_detail, created_at) values (2, 13, "Dog grape elephant ocean umbrella tiger snake jungle jungle snake banana house night.", "2024-07-04 13:42:17");
insert into message (user_id, room_id, message_detail, created_at) values (2, 13, "Xylophone kangaroo lion river whale apple house yacht queen night cherry kangaroo umbrella monkey fish kangaroo monkey ocean.", "2024-11-07 05:43:23");
insert into message (user_id, room_id, message_detail, created_at) values (2, 13, "House xylophone island zebra queen queen ocean yacht elephant monkey elephant house dog tiger yacht river fish umbrella penguin island elephant.", "2024-05-15 07:34:27");
insert into message (user_id, room_id, message_detail, created_at) values (2, 13, "Monkey island banana zebra fish queen tiger night whale umbrella zebra zebra elephant zebra lion tiger tiger jungle cherry whale elephant jungle yacht dog queen.", "2024-08-19 18:18:07");
insert into message (user_id, room_id, message_detail, created_at) values (2, 13, "Village lion whale whale jungle lion elephant whale banana fish whale umbrella jungle jungle xylophone island snake jungle umbrella dog monkey umbrella zebra apple river grape island whale xylophone.", "2024-01-14 15:02:15");
insert into message (user_id, room_id, message_detail, created_at) values (2, 13, "Xylophone river fish monkey penguin night ocean monkey lion xylophone tiger xylophone house grape night snake yacht ocean penguin grape cherry zebra ocean xylophone kangaroo monkey.", "2024-10-20 04:39:10");
insert into message (user_id, room_id, message_detail, created_at) values (2, 13, "House river cherry whale ocean village banana kangaroo fish apple elephant apple queen lion dog tiger.", "2024-09-02 18:34:29");
insert into message (user_id, room_id, message_detail, created_at) values (2, 13, "Fish jungle house dog whale xylophone river house zebra queen snake night jungle umbrella.", "2023-12-21 07:18:55");
insert into message (user_id, room_id, message_detail, created_at) values (2, 13, "Cherry night village dog grape elephant xylophone apple monkey queen lion tiger jungle jungle monkey umbrella tiger fish cherry tiger tiger river banana penguin monkey island.", "2024-03-30 16:58:38");
insert into message (user_id, room_id, message_detail, created_at) values (2, 13, "House night whale river penguin jungle whale elephant kangaroo island yacht umbrella apple umbrella elephant island jungle house elephant island tiger grape xylophone grape queen queen banana penguin banana.", "2024-08-13 19:33:22");
insert into message (user_id, room_id, message_detail, created_at) values (2, 13, "Lion whale monkey xylophone fish river fish lion xylophone night apple lion dog fish.", "2024-01-02 03:50:41");
insert into message (user_id, room_id, message_detail, created_at) values (2, 13, "Village penguin queen ocean zebra umbrella tiger banana penguin village house house fish umbrella ocean penguin xylophone banana cherry river yacht night night snake snake.", "2024-11-30 21:52:17");
insert into message (user_id, room_id, message_detail, created_at) values (2, 13, "Monkey island umbrella yacht river cherry grape snake grape lion kangaroo grape house apple jungle river.", "2024-04-18 21:02:48");
insert into task (task_id,sprint_id, task_title, task_description, task_type, due_date, created_at) values (342,47, "Task no. 1", "Penguin cherry elephant umbrella snake house village river lion ocean village house jungle lion penguin banana banana lion fish grape elephant tiger.", "2", "2024-11-29 00:50:56", "2024-07-30 09:39:04");
insert into task (task_id,sprint_id, task_title, task_description, task_type, due_date, created_at) values (343,23, "Task no. 10", "Xylophone ocean umbrella tiger zebra village apple grape umbrella cherry apple jungle penguin apple elephant island grape elephant grape house house queen house village.", "3", "2024-08-20 00:08:46", "2024-08-13 23:17:41");
insert into taskperform (task_id, user_id, created_at) values (343, 2, "2024-08-17 10:03:23");
insert into role (user_id, room_id, role_detail) values (5, 13, 3);
insert into message (user_id, room_id, message_detail, created_at) values (5, 13, "Xylophone fish river house penguin xylophone apple house yacht grape umbrella kangaroo house elephant island elephant grape lion jungle apple.", "2024-09-10 03:45:16");
insert into message (user_id, room_id, message_detail, created_at) values (5, 13, "Yacht elephant kangaroo elephant lion penguin tiger apple house yacht house jungle grape fish dog river penguin night village umbrella banana ocean lion island house.", "2023-12-07 07:17:33");
insert into message (user_id, room_id, message_detail, created_at) values (5, 13, "Apple kangaroo ocean lion island river queen tiger zebra river jungle grape.", "2024-06-11 11:35:27");
insert into message (user_id, room_id, message_detail, created_at) values (5, 13, "Penguin kangaroo house dog lion elephant kangaroo house apple grape river kangaroo tiger island penguin cherry house snake queen kangaroo elephant penguin penguin cherry monkey ocean xylophone.", "2024-04-12 23:05:52");
insert into message (user_id, room_id, message_detail, created_at) values (5, 13, "Night umbrella dog jungle tiger island whale umbrella kangaroo apple.", "2024-07-08 15:46:50");
insert into message (user_id, room_id, message_detail, created_at) values (5, 13, "Lion umbrella cherry fish penguin tiger dog umbrella village ocean.", "2024-03-19 21:43:03");
insert into message (user_id, room_id, message_detail, created_at) values (5, 13, "Fish grape night fish ocean whale ocean tiger night jungle snake cherry village whale banana.", "2024-07-03 07:44:05");
insert into message (user_id, room_id, message_detail, created_at) values (5, 13, "Fish lion dog banana yacht dog jungle banana night house xylophone apple fish kangaroo banana river whale elephant elephant fish jungle cherry.", "2024-10-19 07:28:29");
insert into message (user_id, room_id, message_detail, created_at) values (5, 13, "Elephant queen island fish ocean zebra jungle fish umbrella jungle.", "2024-02-06 01:14:07");
insert into message (user_id, room_id, message_detail, created_at) values (5, 13, "Penguin whale fish whale yacht dog zebra village monkey grape fish yacht cherry jungle.", "2024-05-15 08:10:24");
insert into message (user_id, room_id, message_detail, created_at) values (5, 13, "Banana apple elephant village snake dog cherry zebra queen monkey monkey river tiger fish ocean house tiger house grape.", "2024-04-28 12:13:12");
insert into message (user_id, room_id, message_detail, created_at) values (5, 13, "Grape island zebra fish lion banana zebra house village umbrella village.", "2024-10-24 01:02:35");
insert into message (user_id, room_id, message_detail, created_at) values (5, 13, "Umbrella fish dog xylophone whale ocean island queen island island xylophone jungle lion umbrella island grape queen house night monkey fish grape zebra.", "2024-03-10 19:03:40");
insert into message (user_id, room_id, message_detail, created_at) values (5, 13, "Grape house island yacht night whale fish umbrella queen zebra yacht whale whale.", "2024-09-12 02:31:32");
insert into message (user_id, room_id, message_detail, created_at) values (5, 13, "Kangaroo island lion xylophone queen umbrella banana tiger monkey kangaroo jungle night jungle dog house tiger village.", "2024-04-03 18:33:18");
insert into message (user_id, room_id, message_detail, created_at) values (5, 13, "Grape tiger snake yacht umbrella fish island river snake yacht zebra snake banana penguin penguin cherry lion river yacht snake cherry banana xylophone fish.", "2024-02-19 15:05:13");
insert into message (user_id, room_id, message_detail, created_at) values (5, 13, "Jungle river monkey lion queen apple island night monkey whale monkey tiger.", "2024-05-19 21:58:35");
insert into message (user_id, room_id, message_detail, created_at) values (5, 13, "Apple penguin house village cherry river cherry xylophone whale island tiger snake whale.", "2024-05-15 03:47:02");
insert into message (user_id, room_id, message_detail, created_at) values (5, 13, "Night grape tiger apple yacht grape grape village umbrella xylophone penguin umbrella xylophone apple whale.", "2024-10-15 20:34:16");
insert into task (task_id,sprint_id, task_title, task_description, task_type, due_date, created_at) values (344,7, "Task no. 12", "Grape ocean grape kangaroo island xylophone elephant xylophone river cherry fish zebra yacht cherry village house apple lion apple whale ocean zebra grape queen.", "4", "2024-11-24 17:08:51", "2024-11-18 05:36:01");
insert into taskperform (task_id, user_id, created_at) values (344, 5, "2024-11-27 13:02:42");
insert into task (task_id,sprint_id, task_title, task_description, task_type, due_date, created_at) values (345,41, "Task no. 2", "Yacht jungle umbrella elephant yacht house monkey monkey apple fish penguin house cherry penguin.", "2", "2024-12-13 07:32:39", "2024-05-04 05:42:55");
insert into taskperform (task_id, user_id, created_at) values (345, 5, "2024-11-13 04:52:14");
insert into task (task_id,sprint_id, task_title, task_description, task_type, due_date, created_at) values (346,5, "Task no. 29", "Grape fish tiger ocean snake lion kangaroo cherry house village zebra xylophone queen xylophone tiger yacht jungle night cherry fish fish umbrella cherry dog grape dog.", "4", "2024-08-10 18:39:58", "2024-07-06 19:15:48");
insert into role (user_id, room_id, role_detail) values (9, 13, 3);
insert into message (user_id, room_id, message_detail, created_at) values (9, 13, "Jungle dog umbrella river apple zebra fish kangaroo cherry fish grape xylophone village night queen umbrella xylophone dog.", "2024-04-13 08:44:17");
insert into message (user_id, room_id, message_detail, created_at) values (9, 13, "Penguin fish monkey lion tiger village island house dog banana fish umbrella snake elephant kangaroo house lion fish tiger monkey penguin.", "2024-01-02 19:26:30");
insert into message (user_id, room_id, message_detail, created_at) values (9, 13, "Kangaroo whale zebra snake ocean whale night xylophone penguin xylophone tiger snake tiger snake.", "2024-04-07 18:46:09");
insert into message (user_id, room_id, message_detail, created_at) values (9, 13, "Lion elephant zebra apple penguin monkey yacht lion banana monkey apple.", "2024-06-12 19:10:42");
insert into message (user_id, room_id, message_detail, created_at) values (9, 13, "Penguin jungle dog elephant snake umbrella penguin ocean xylophone queen river snake kangaroo snake village fish dog whale snake night lion island night.", "2024-03-06 02:06:44");
insert into message (user_id, room_id, message_detail, created_at) values (9, 13, "Umbrella umbrella kangaroo yacht banana dog apple banana banana xylophone banana xylophone cherry zebra banana night lion yacht umbrella river penguin whale monkey whale grape kangaroo.", "2024-01-13 00:33:57");
insert into message (user_id, room_id, message_detail, created_at) values (9, 13, "Lion monkey night whale village apple xylophone grape lion fish village river penguin fish banana queen.", "2024-02-24 14:27:06");
insert into message (user_id, room_id, message_detail, created_at) values (9, 13, "Kangaroo jungle lion cherry grape queen whale ocean penguin kangaroo lion zebra dog elephant ocean banana.", "2024-08-04 00:09:59");
insert into message (user_id, room_id, message_detail, created_at) values (9, 13, "Yacht dog lion apple river ocean dog village ocean apple village river penguin fish cherry tiger elephant river dog kangaroo grape umbrella ocean whale penguin night house dog.", "2024-05-08 22:10:57");
insert into message (user_id, room_id, message_detail, created_at) values (9, 13, "Yacht snake whale village river apple kangaroo night penguin lion banana night elephant fish lion.", "2024-04-02 23:51:51");
insert into message (user_id, room_id, message_detail, created_at) values (9, 13, "Village penguin lion dog xylophone fish night monkey island yacht cherry monkey ocean tiger.", "2023-12-09 04:17:18");
insert into message (user_id, room_id, message_detail, created_at) values (9, 13, "Dog river elephant lion cherry cherry xylophone night cherry snake yacht river umbrella monkey penguin house xylophone dog monkey apple cherry lion yacht elephant apple apple elephant kangaroo.", "2024-06-19 06:00:55");
insert into message (user_id, room_id, message_detail, created_at) values (9, 13, "Penguin lion jungle xylophone river cherry xylophone night umbrella jungle dog penguin island dog kangaroo queen fish xylophone night apple zebra house tiger ocean zebra xylophone.", "2024-06-01 02:05:08");
insert into message (user_id, room_id, message_detail, created_at) values (9, 13, "Jungle night jungle night elephant kangaroo whale island whale ocean tiger jungle monkey jungle fish apple elephant jungle.", "2024-03-15 09:02:16");
insert into message (user_id, room_id, message_detail, created_at) values (9, 13, "Ocean cherry lion tiger ocean apple umbrella lion yacht tiger fish elephant jungle penguin fish monkey xylophone village dog grape cherry lion whale yacht monkey.", "2024-01-20 20:27:06");
insert into message (user_id, room_id, message_detail, created_at) values (9, 13, "Penguin banana yacht monkey river grape kangaroo umbrella elephant xylophone elephant apple zebra.", "2024-09-17 21:52:07");
insert into message (user_id, room_id, message_detail, created_at) values (9, 13, "Island grape snake penguin lion xylophone dog river night queen river tiger apple grape jungle monkey snake umbrella xylophone island yacht queen apple whale ocean fish.", "2024-03-07 10:32:06");
insert into message (user_id, room_id, message_detail, created_at) values (9, 13, "Lion village penguin tiger fish lion yacht umbrella dog dog snake.", "2024-02-16 16:27:10");
insert into message (user_id, room_id, message_detail, created_at) values (9, 13, "Ocean yacht house yacht snake queen river ocean queen xylophone jungle night queen banana fish.", "2024-07-31 21:49:24");
insert into task (task_id,sprint_id, task_title, task_description, task_type, due_date, created_at) values (347,40, "Task no. 1", "Lion tiger ocean jungle lion lion night ocean lion island queen xylophone.", "3", "2024-11-14 05:23:36", "2024-02-27 21:59:46");
insert into taskperform (task_id, user_id, created_at) values (347, 9, "2024-06-28 04:55:50");
insert into task (task_id,sprint_id, task_title, task_description, task_type, due_date, created_at) values (348,47, "Task no. 2", "Penguin grape village banana river village grape yacht snake snake snake tiger fish kangaroo apple kangaroo zebra jungle.", "4", "2024-11-30 04:00:16", "2024-11-04 04:23:41");
insert into task (task_id,sprint_id, task_title, task_description, task_type, due_date, created_at) values (349,48, "Task no. 1", "Island apple island penguin village village yacht grape lion snake lion river zebra banana penguin lion xylophone grape elephant.", "6", "2024-06-12 04:12:19", "2024-05-13 14:11:45");
insert into task (task_id,sprint_id, task_title, task_description, task_type, due_date, created_at) values (350,11, "Task no. 10", "Penguin jungle lion night zebra whale dog river queen lion.", "2", "2024-12-14 11:11:03", "2024-10-22 11:43:49");
insert into taskperform (task_id, user_id, created_at) values (350, 9, "2024-11-21 17:43:08");
insert into role (user_id, room_id, role_detail) values (6, 13, 3);
insert into message (user_id, room_id, message_detail, created_at) values (6, 13, "Ocean whale island umbrella penguin monkey monkey banana queen cherry fish house kangaroo house queen.", "2024-10-13 22:13:56");
insert into task (task_id,sprint_id, task_title, task_description, task_type, due_date, created_at) values (351,43, "Task no. 3", "Tiger kangaroo banana ocean jungle house tiger lion island fish tiger night monkey xylophone queen house river whale queen elephant.", "1", "2024-09-16 14:56:37", "2023-12-13 09:56:51");
insert into task (task_id,sprint_id, task_title, task_description, task_type, due_date, created_at) values (352,3, "Task no. 25", "Elephant night snake zebra queen tiger snake apple dog ocean dog whale yacht cherry monkey grape jungle cherry dog kangaroo queen night fish umbrella snake house kangaroo grape dog night.", "1", "2024-12-05 17:38:49", "2024-09-29 12:12:38");
insert into taskperform (task_id, user_id, created_at) values (352, 6, "2024-10-07 23:05:41");
insert into task (task_id,sprint_id, task_title, task_description, task_type, due_date, created_at) values (353,50, "Task no. 1", "Grape river dog lion banana house monkey monkey queen penguin xylophone night jungle house village grape cherry fish xylophone village whale cherry umbrella.", "3", "2024-09-25 11:50:46", "2024-09-07 18:40:49");
insert into taskperform (task_id, user_id, created_at) values (353, 6, "2024-11-29 22:15:11");
insert into task (task_id,sprint_id, task_title, task_description, task_type, due_date, created_at) values (354,18, "Task no. 7", "Kangaroo tiger night queen banana whale xylophone jungle zebra island xylophone cherry yacht whale.", "3", "2024-07-07 19:08:25", "2024-06-01 01:24:21");
insert into taskperform (task_id, user_id, created_at) values (354, 6, "2024-06-05 07:22:12");
insert into task (task_id,sprint_id, task_title, task_description, task_type, due_date, created_at) values (355,36, "Task no. 2", "Grape jungle dog zebra house river xylophone zebra apple river tiger fish snake monkey penguin grape house snake.", "2", "2024-11-23 12:51:45", "2024-11-01 15:52:17");
insert into task (task_id,sprint_id, task_title, task_description, task_type, due_date, created_at) values (356,32, "Task no. 4", "Apple night island umbrella river kangaroo whale island village night village.", "6", "2024-06-10 06:09:08", "2023-12-13 00:49:02");
insert into taskperform (task_id, user_id, created_at) values (356, 6, "2024-03-04 18:57:42");
insert into task (task_id,sprint_id, task_title, task_description, task_type, due_date, created_at) values (357,30, "Task no. 3", "Lion whale fish river zebra yacht queen zebra fish umbrella grape house queen lion village cherry zebra kangaroo grape.", "4", "2024-06-01 14:45:17", "2024-04-22 08:27:29");
insert into taskperform (task_id, user_id, created_at) values (357, 6, "2024-05-16 11:09:04");
insert into task (task_id,sprint_id, task_title, task_description, task_type, due_date, created_at) values (358,23, "Task no. 11", "Whale penguin grape xylophone fish xylophone night fish banana monkey zebra apple snake umbrella snake fish night.", "4", "2024-09-02 18:24:21", "2024-05-24 04:28:24");
insert into taskperform (task_id, user_id, created_at) values (358, 6, "2024-12-10 04:29:04");
insert into task (task_id,sprint_id, task_title, task_description, task_type, due_date, created_at) values (359,39, "Task no. 1", "Apple fish ocean queen tiger monkey snake jungle elephant river apple umbrella snake night cherry penguin night zebra xylophone monkey yacht dog xylophone queen snake grape dog snake penguin house.", "1", "2024-11-16 09:13:10", "2024-08-01 08:18:30");
insert into taskperform (task_id, user_id, created_at) values (359, 6, "2024-11-16 03:42:37");
insert into task (task_id,sprint_id, task_title, task_description, task_type, due_date, created_at) values (360,12, "Task no. 6", "Fish whale ocean lion xylophone tiger whale village village grape banana penguin cherry apple jungle ocean island xylophone queen island zebra ocean snake ocean whale banana cherry lion grape umbrella.", "3", "2024-08-26 15:24:24", "2024-06-12 09:10:48");
insert into taskperform (task_id, user_id, created_at) values (360, 6, "2024-06-20 16:38:10");
insert into role (user_id, room_id, role_detail) values (1, 13, 2);
insert into message (user_id, room_id, message_detail, created_at) values (1, 13, "Snake monkey kangaroo monkey village umbrella banana river apple elephant whale village.", "2024-08-13 12:16:54");
insert into message (user_id, room_id, message_detail, created_at) values (1, 13, "Village apple monkey house monkey snake umbrella elephant jungle island tiger island tiger penguin night fish xylophone banana river river.", "2024-12-14 15:05:52");
insert into message (user_id, room_id, message_detail, created_at) values (1, 13, "Whale umbrella fish queen jungle jungle lion xylophone fish queen apple elephant night apple monkey lion fish grape cherry river.", "2024-10-10 21:34:22");
insert into message (user_id, room_id, message_detail, created_at) values (1, 13, "Yacht snake island ocean zebra cherry apple banana ocean kangaroo lion island river lion kangaroo night river zebra fish house kangaroo fish lion monkey ocean grape fish banana.", "2023-12-26 03:02:56");
insert into message (user_id, room_id, message_detail, created_at) values (1, 13, "Cherry ocean house grape umbrella umbrella xylophone umbrella queen xylophone.", "2024-05-04 19:55:23");
insert into message (user_id, room_id, message_detail, created_at) values (1, 13, "Yacht monkey elephant grape tiger ocean elephant river zebra river elephant queen night cherry tiger banana cherry jungle penguin xylophone island village umbrella zebra lion elephant monkey fish snake island.", "2024-02-06 00:39:52");
insert into message (user_id, room_id, message_detail, created_at) values (1, 13, "Dog tiger whale elephant kangaroo zebra house penguin yacht lion island cherry monkey whale kangaroo umbrella grape lion yacht grape night whale penguin penguin island.", "2024-03-04 02:28:59");
insert into message (user_id, room_id, message_detail, created_at) values (1, 13, "Apple banana umbrella fish lion banana zebra zebra night cherry umbrella fish island queen kangaroo kangaroo.", "2024-07-04 12:57:36");
insert into message (user_id, room_id, message_detail, created_at) values (1, 13, "Tiger night whale xylophone tiger tiger night village fish tiger zebra river grape whale lion night xylophone banana apple grape village cherry tiger jungle cherry house.", "2024-03-21 12:18:49");
insert into message (user_id, room_id, message_detail, created_at) values (1, 13, "Monkey fish ocean penguin elephant queen tiger night island village grape kangaroo umbrella.", "2024-10-01 17:08:19");
insert into message (user_id, room_id, message_detail, created_at) values (1, 13, "Whale apple tiger night umbrella fish banana penguin ocean cherry jungle fish xylophone kangaroo whale kangaroo lion river whale whale river penguin zebra.", "2024-05-06 23:06:09");
insert into message (user_id, room_id, message_detail, created_at) values (1, 13, "Fish river dog apple house apple monkey river whale jungle ocean zebra fish grape banana banana house kangaroo river.", "2024-10-24 08:59:43");
insert into message (user_id, room_id, message_detail, created_at) values (1, 13, "Queen elephant queen river ocean cherry elephant village village grape dog jungle river village snake village yacht cherry village xylophone river ocean village cherry whale apple banana kangaroo tiger tiger.", "2024-07-28 00:39:34");
insert into message (user_id, room_id, message_detail, created_at) values (1, 13, "Yacht apple zebra grape kangaroo zebra tiger elephant banana ocean island.", "2024-03-17 01:56:22");
insert into message (user_id, room_id, message_detail, created_at) values (1, 13, "Ocean queen snake island dog xylophone fish house grape lion night island fish banana apple banana ocean.", "2024-03-05 21:29:32");
insert into message (user_id, room_id, message_detail, created_at) values (1, 13, "House yacht umbrella lion cherry yacht river yacht whale night snake house grape kangaroo fish whale.", "2024-05-27 15:01:01");
insert into message (user_id, room_id, message_detail, created_at) values (1, 13, "Snake yacht kangaroo snake cherry jungle snake jungle house kangaroo grape penguin.", "2024-01-26 02:46:09");
insert into task (task_id,sprint_id, task_title, task_description, task_type, due_date, created_at) values (361,27, "Task no. 4", "River banana cherry penguin apple grape umbrella yacht snake banana tiger island penguin ocean monkey elephant snake penguin village.", "4", "2024-11-09 11:20:09", "2023-12-03 12:07:55");
insert into taskperform (task_id, user_id, created_at) values (361, 1, "2024-04-17 09:55:44");
insert into task (task_id,sprint_id, task_title, task_description, task_type, due_date, created_at) values (362,34, "Task no. 3", "Penguin xylophone island banana house river banana village river apple night dog house apple lion grape kangaroo yacht house grape umbrella.", "1", "2024-10-29 13:41:47", "2024-03-11 06:55:42");
insert into taskperform (task_id, user_id, created_at) values (362, 1, "2024-11-11 09:15:35");
insert into task (task_id,sprint_id, task_title, task_description, task_type, due_date, created_at) values (363,9, "Task no. 9", "Lion house queen yacht cherry jungle lion night monkey whale tiger yacht house house xylophone elephant village island yacht zebra tiger apple lion lion snake.", "6", "2024-09-11 18:09:36", "2024-06-02 16:17:37");
insert into taskperform (task_id, user_id, created_at) values (363, 1, "2024-06-21 11:25:52");
insert into role (user_id, room_id, role_detail) values (3, 13, 2);
insert into message (user_id, room_id, message_detail, created_at) values (3, 13, "Kangaroo umbrella ocean island queen elephant house banana zebra penguin apple umbrella yacht.", "2024-09-18 06:27:40");
insert into message (user_id, room_id, message_detail, created_at) values (3, 13, "Umbrella grape island queen whale apple village penguin umbrella banana umbrella umbrella night cherry tiger whale river cherry fish whale night banana penguin snake river.", "2024-02-09 15:52:54");
insert into message (user_id, room_id, message_detail, created_at) values (3, 13, "Zebra whale kangaroo snake xylophone ocean ocean jungle fish tiger tiger banana elephant apple.", "2024-08-14 04:20:55");
insert into message (user_id, room_id, message_detail, created_at) values (3, 13, "River yacht river dog house elephant monkey kangaroo elephant village lion queen island banana grape apple lion river river xylophone.", "2024-10-22 14:17:35");
insert into message (user_id, room_id, message_detail, created_at) values (3, 13, "Queen apple yacht river jungle monkey ocean river fish night jungle umbrella village dog kangaroo night dog apple kangaroo night.", "2024-07-19 14:55:37");
insert into message (user_id, room_id, message_detail, created_at) values (3, 13, "Cherry night lion elephant night dog snake jungle cherry zebra village fish queen queen cherry elephant.", "2024-09-22 18:03:27");
insert into message (user_id, room_id, message_detail, created_at) values (3, 13, "House night whale island umbrella night cherry queen river umbrella whale queen dog apple night yacht house zebra whale.", "2024-08-10 09:13:10");
insert into message (user_id, room_id, message_detail, created_at) values (3, 13, "Jungle kangaroo dog night night xylophone queen fish jungle lion tiger monkey kangaroo elephant grape tiger monkey kangaroo grape yacht dog house penguin island fish dog snake.", "2024-03-22 03:01:22");
insert into message (user_id, room_id, message_detail, created_at) values (3, 13, "Night river fish tiger zebra zebra ocean cherry river monkey fish banana island yacht banana cherry monkey grape ocean snake umbrella queen cherry banana umbrella dog dog dog kangaroo.", "2024-01-21 21:18:23");
insert into message (user_id, room_id, message_detail, created_at) values (3, 13, "Fish grape island elephant monkey cherry dog lion jungle whale queen house island ocean whale island umbrella xylophone ocean night lion cherry apple.", "2024-02-10 19:11:09");
insert into message (user_id, room_id, message_detail, created_at) values (3, 13, "Cherry queen house grape grape banana fish kangaroo zebra night apple monkey grape island jungle zebra fish monkey ocean cherry night umbrella xylophone banana zebra.", "2024-01-14 07:35:17");
insert into message (user_id, room_id, message_detail, created_at) values (3, 13, "Ocean kangaroo fish lion banana grape monkey tiger jungle ocean penguin penguin whale queen jungle penguin house elephant tiger.", "2024-11-17 19:04:20");
insert into message (user_id, room_id, message_detail, created_at) values (3, 13, "Monkey snake queen island ocean cherry queen kangaroo xylophone house xylophone jungle apple house queen umbrella xylophone queen zebra river.", "2024-09-25 03:11:58");
insert into message (user_id, room_id, message_detail, created_at) values (3, 13, "Cherry zebra house snake yacht monkey penguin banana jungle lion apple whale ocean ocean monkey river cherry jungle jungle.", "2024-10-28 22:11:10");
insert into message (user_id, room_id, message_detail, created_at) values (3, 13, "Village queen yacht kangaroo island grape xylophone night village penguin fish yacht village.", "2024-07-17 21:42:39");
insert into message (user_id, room_id, message_detail, created_at) values (3, 13, "Zebra banana cherry village lion elephant snake lion elephant house village monkey umbrella kangaroo penguin banana yacht jungle fish yacht umbrella apple.", "2024-05-05 20:42:08");
insert into message (user_id, room_id, message_detail, created_at) values (3, 13, "Xylophone island queen grape night monkey tiger elephant umbrella fish ocean queen river night monkey yacht ocean ocean.", "2024-02-09 05:38:20");
insert into message (user_id, room_id, message_detail, created_at) values (3, 13, "Grape queen whale monkey ocean grape dog zebra penguin jungle apple monkey lion apple.", "2024-11-11 21:54:26");
insert into message (user_id, room_id, message_detail, created_at) values (3, 13, "Village lion yacht fish apple apple lion elephant monkey village kangaroo apple whale banana river cherry dog monkey fish snake dog umbrella jungle.", "2024-04-13 09:53:33");
insert into task (task_id,sprint_id, task_title, task_description, task_type, due_date, created_at) values (364,46, "Task no. 1", "Fish xylophone snake queen apple island zebra jungle fish banana cherry dog house penguin xylophone elephant zebra elephant zebra jungle xylophone zebra snake ocean.", "2", "2024-11-09 18:02:35", "2023-12-26 15:11:07");
insert into taskperform (task_id, user_id, created_at) values (364, 3, "2024-02-10 19:06:36");
insert into task (task_id,sprint_id, task_title, task_description, task_type, due_date, created_at) values (365,40, "Task no. 2", "House penguin monkey river ocean queen snake penguin ocean island kangaroo cherry whale zebra banana queen apple grape.", "1", "2024-07-25 09:34:46", "2024-07-14 17:50:29");
insert into taskperform (task_id, user_id, created_at) values (365, 3, "2024-10-03 23:27:50");
insert into task (task_id,sprint_id, task_title, task_description, task_type, due_date, created_at) values (366,46, "Task no. 2", "Kangaroo fish whale umbrella dog ocean lion lion banana banana cherry fish banana whale lion kangaroo queen village night cherry grape yacht fish apple river island whale river.", "1", "2024-10-03 10:32:24", "2024-05-20 01:03:57");
insert into taskperform (task_id, user_id, created_at) values (366, 3, "2024-08-30 14:00:59");
insert into task (task_id,sprint_id, task_title, task_description, task_type, due_date, created_at) values (367,7, "Task no. 13", "Monkey village zebra kangaroo zebra night fish grape snake zebra river jungle banana jungle apple kangaroo jungle jungle zebra island xylophone yacht banana.", "2", "2024-12-07 00:37:59", "2024-02-07 20:00:54");
insert into taskperform (task_id, user_id, created_at) values (367, 3, "2024-07-17 14:45:29");
insert into sprint (room_id, sprint_name, created_at) values (14, "Sprint no. 1" , "2024-11-16 15:06:01");
insert into sprint (room_id, sprint_name, created_at) values (14, "Sprint no. 2" , "2024-11-16 20:26:11");
insert into sprint (room_id, sprint_name, created_at) values (14, "Sprint no. 3" , "2024-12-12 03:15:49");
insert into sprint (room_id, sprint_name, created_at) values (14, "Sprint no. 4" , "2024-12-12 15:13:16");
insert into sprint (room_id, sprint_name, created_at) values (14, "Sprint no. 5" , "2024-12-13 06:16:47");
insert into role (user_id, room_id, role_detail) values (7, 14, 1);
insert into message (user_id, room_id, message_detail, created_at) values (7, 14, "Island monkey whale zebra fish elephant dog queen banana umbrella jungle queen umbrella grape penguin ocean yacht zebra river night zebra grape night elephant dog.", "2023-12-23 22:14:07");
insert into message (user_id, room_id, message_detail, created_at) values (7, 14, "Tiger river ocean fish tiger penguin ocean cherry cherry river ocean queen monkey queen tiger island umbrella xylophone penguin.", "2024-10-13 10:57:09");
insert into message (user_id, room_id, message_detail, created_at) values (7, 14, "Dog dog cherry umbrella house tiger river fish cherry xylophone xylophone kangaroo fish zebra night kangaroo tiger night xylophone cherry banana tiger yacht xylophone apple jungle dog.", "2024-03-23 11:29:41");
insert into message (user_id, room_id, message_detail, created_at) values (7, 14, "Zebra umbrella penguin cherry queen kangaroo tiger kangaroo monkey penguin monkey yacht cherry banana fish xylophone.", "2024-08-22 14:14:01");
insert into message (user_id, room_id, message_detail, created_at) values (7, 14, "Banana jungle house ocean tiger kangaroo river monkey snake yacht kangaroo apple lion island island grape penguin cherry zebra fish night fish house ocean yacht tiger queen tiger.", "2024-05-05 11:58:46");
insert into task (task_id,sprint_id, task_title, task_description, task_type, due_date, created_at) values (368,5, "Task no. 30", "Xylophone river umbrella whale xylophone jungle tiger zebra queen apple zebra tiger zebra umbrella ocean umbrella snake kangaroo whale house lion ocean yacht dog night apple umbrella.", "2", "2024-10-17 18:17:12", "2024-08-08 14:21:24");
insert into taskperform (task_id, user_id, created_at) values (368, 7, "2024-08-08 18:52:28");
insert into task (task_id,sprint_id, task_title, task_description, task_type, due_date, created_at) values (369,50, "Task no. 2", "Tiger snake ocean grape fish xylophone penguin dog village fish umbrella tiger night grape house lion monkey penguin.", "5", "2024-10-12 10:29:00", "2024-10-01 09:51:18");
insert into taskperform (task_id, user_id, created_at) values (369, 7, "2024-10-17 17:41:42");
insert into task (task_id,sprint_id, task_title, task_description, task_type, due_date, created_at) values (370,4, "Task no. 20", "Lion lion grape island monkey village snake xylophone dog river dog snake snake snake zebra xylophone queen snake banana lion tiger umbrella monkey dog snake xylophone elephant fish monkey.", "4", "2024-12-06 17:23:46", "2024-10-08 00:37:03");
insert into taskperform (task_id, user_id, created_at) values (370, 7, "2024-12-09 00:54:02");
insert into task (task_id,sprint_id, task_title, task_description, task_type, due_date, created_at) values (371,14, "Task no. 13", "Yacht fish night ocean xylophone ocean cherry jungle grape penguin river lion fish apple xylophone lion whale dog yacht.", "4", "2024-07-15 10:45:49", "2023-12-06 14:23:57");
insert into taskperform (task_id, user_id, created_at) values (371, 7, "2024-11-04 11:37:00");
insert into task (task_id,sprint_id, task_title, task_description, task_type, due_date, created_at) values (372,16, "Task no. 11", "House fish queen banana cherry umbrella whale grape snake night umbrella village night island zebra yacht umbrella xylophone penguin apple yacht tiger dog house queen grape lion apple.", "4", "2024-12-12 22:04:03", "2024-12-10 08:57:57");
insert into taskperform (task_id, user_id, created_at) values (372, 7, "2024-12-11 03:57:50");
insert into role (user_id, room_id, role_detail) values (2, 14, 2);
insert into message (user_id, room_id, message_detail, created_at) values (2, 14, "Night village night banana banana zebra jungle house umbrella river river jungle banana snake queen snake grape banana monkey tiger banana fish snake grape.", "2023-12-31 14:02:48");
insert into task (task_id,sprint_id, task_title, task_description, task_type, due_date, created_at) values (373,38, "Task no. 1", "Night zebra jungle monkey house banana tiger umbrella yacht tiger tiger elephant umbrella xylophone night queen tiger whale monkey monkey lion fish snake house whale zebra apple ocean.", "4", "2024-04-13 20:51:00", "2024-01-27 12:00:58");
insert into taskperform (task_id, user_id, created_at) values (373, 2, "2024-08-27 06:03:25");
insert into task (task_id,sprint_id, task_title, task_description, task_type, due_date, created_at) values (374,21, "Task no. 11", "Grape fish island island zebra village island river kangaroo ocean village house penguin whale.", "2", "2024-08-05 12:30:08", "2024-01-04 04:19:06");
insert into taskperform (task_id, user_id, created_at) values (374, 2, "2024-01-21 19:15:01");
insert into task (task_id,sprint_id, task_title, task_description, task_type, due_date, created_at) values (375,3, "Task no. 26", "House kangaroo banana banana snake fish elephant yacht house penguin.", "3", "2024-03-09 18:03:18", "2023-12-27 14:16:31");
insert into taskperform (task_id, user_id, created_at) values (375, 2, "2024-09-27 22:01:37");
insert into task (task_id,sprint_id, task_title, task_description, task_type, due_date, created_at) values (376,11, "Task no. 11", "Yacht banana zebra ocean village dog yacht queen zebra house.", "3", "2024-02-28 23:32:31", "2023-12-06 03:10:51");
insert into taskperform (task_id, user_id, created_at) values (376, 2, "2024-08-02 04:38:35");
insert into task (task_id,sprint_id, task_title, task_description, task_type, due_date, created_at) values (377,46, "Task no. 3", "Island cherry grape queen kangaroo jungle banana lion banana night village banana queen elephant night.", "3", "2024-09-06 22:10:37", "2024-07-15 22:58:21");
insert into taskperform (task_id, user_id, created_at) values (377, 2, "2024-09-12 10:53:49");
insert into task (task_id,sprint_id, task_title, task_description, task_type, due_date, created_at) values (378,20, "Task no. 9", "Queen grape kangaroo apple dog elephant jungle dog yacht queen night tiger ocean snake dog jungle umbrella.", "5", "2024-10-08 03:27:26", "2024-08-18 00:48:34");
insert into taskperform (task_id, user_id, created_at) values (378, 2, "2024-10-23 16:17:08");
insert into role (user_id, room_id, role_detail) values (4, 14, 3);
insert into message (user_id, room_id, message_detail, created_at) values (4, 14, "Elephant kangaroo kangaroo island xylophone fish fish penguin banana dog ocean jungle banana snake village yacht yacht zebra penguin jungle yacht banana elephant cherry.", "2024-09-04 10:28:04");
insert into message (user_id, room_id, message_detail, created_at) values (4, 14, "Kangaroo apple yacht elephant island zebra tiger umbrella lion island grape whale yacht kangaroo dog tiger island jungle kangaroo queen night yacht yacht house tiger dog.", "2024-09-20 20:54:52");
insert into message (user_id, room_id, message_detail, created_at) values (4, 14, "Snake island night queen village apple grape queen queen dog elephant river house jungle monkey ocean queen kangaroo lion.", "2024-10-31 13:04:37");
insert into message (user_id, room_id, message_detail, created_at) values (4, 14, "Fish monkey whale yacht snake jungle fish island ocean island dog dog dog ocean monkey zebra cherry village lion umbrella house umbrella cherry penguin yacht house house.", "2023-12-05 02:22:28");
insert into message (user_id, room_id, message_detail, created_at) values (4, 14, "Queen village zebra fish umbrella penguin elephant kangaroo queen island lion zebra yacht jungle banana whale cherry elephant yacht snake night queen grape.", "2024-05-26 00:43:09");
insert into message (user_id, room_id, message_detail, created_at) values (4, 14, "River dog tiger cherry umbrella dog jungle xylophone snake elephant tiger dog island elephant tiger kangaroo queen.", "2024-07-12 07:11:18");
insert into message (user_id, room_id, message_detail, created_at) values (4, 14, "Yacht lion river kangaroo village dog zebra grape night lion xylophone kangaroo village river kangaroo lion.", "2024-08-18 06:58:41");
insert into task (task_id,sprint_id, task_title, task_description, task_type, due_date, created_at) values (379,14, "Task no. 14", "Dog kangaroo island tiger jungle night night night cherry island queen house village island house penguin dog house jungle island.", "5", "2024-10-19 07:24:07", "2024-10-16 04:25:34");
insert into task (task_id,sprint_id, task_title, task_description, task_type, due_date, created_at) values (380,43, "Task no. 4", "Cherry snake whale umbrella house kangaroo penguin village house kangaroo banana tiger island fish.", "2", "2024-03-31 23:50:23", "2024-02-09 09:45:20");
insert into taskperform (task_id, user_id, created_at) values (380, 4, "2024-10-18 14:16:41");
insert into task (task_id,sprint_id, task_title, task_description, task_type, due_date, created_at) values (381,54, "Task no. 1", "Umbrella house queen island fish island kangaroo apple queen house dog penguin island snake fish tiger snake lion night ocean dog monkey elephant jungle queen.", "6", "2024-11-12 03:53:50", "2024-08-25 05:56:04");
insert into task (task_id,sprint_id, task_title, task_description, task_type, due_date, created_at) values (382,36, "Task no. 3", "Lion island apple whale penguin lion xylophone fish umbrella night.", "2", "2024-03-13 23:15:33", "2024-02-23 00:18:27");
insert into taskperform (task_id, user_id, created_at) values (382, 4, "2024-12-04 01:55:49");
insert into role (user_id, room_id, role_detail) values (9, 14, 3);
insert into message (user_id, room_id, message_detail, created_at) values (9, 14, "Village cherry village cherry dog night elephant monkey fish zebra lion apple kangaroo yacht night zebra.", "2024-06-08 00:42:07");
insert into message (user_id, room_id, message_detail, created_at) values (9, 14, "Whale zebra river elephant kangaroo elephant grape zebra penguin apple river grape island apple apple snake night elephant penguin banana.", "2024-10-13 12:44:15");
insert into message (user_id, room_id, message_detail, created_at) values (9, 14, "Whale elephant yacht jungle umbrella lion xylophone zebra fish elephant xylophone cherry cherry zebra yacht house xylophone penguin monkey cherry monkey dog house house yacht zebra queen whale penguin.", "2024-12-09 21:27:00");
insert into message (user_id, room_id, message_detail, created_at) values (9, 14, "Cherry penguin elephant snake night jungle night xylophone monkey night umbrella house snake umbrella monkey yacht house ocean river queen monkey night zebra fish monkey kangaroo ocean yacht river.", "2024-08-08 13:54:21");
insert into message (user_id, room_id, message_detail, created_at) values (9, 14, "Xylophone island jungle lion kangaroo night apple apple apple apple lion dog.", "2024-07-17 04:33:02");
insert into message (user_id, room_id, message_detail, created_at) values (9, 14, "Zebra zebra zebra island xylophone house lion kangaroo cherry yacht house.", "2024-10-28 05:58:19");
insert into task (task_id,sprint_id, task_title, task_description, task_type, due_date, created_at) values (383,5, "Task no. 31", "Penguin whale queen monkey kangaroo elephant xylophone cherry queen banana night river dog umbrella elephant jungle.", "2", "2024-09-05 21:52:06", "2024-07-10 07:11:21");
insert into taskperform (task_id, user_id, created_at) values (383, 9, "2024-08-07 00:37:53");
insert into task (task_id,sprint_id, task_title, task_description, task_type, due_date, created_at) values (384,35, "Task no. 1", "Yacht cherry monkey yacht apple fish island village apple umbrella monkey queen island jungle whale elephant xylophone tiger house island jungle lion dog yacht fish village whale cherry.", "2", "2024-09-14 08:31:55", "2024-03-11 05:52:10");
insert into task (task_id,sprint_id, task_title, task_description, task_type, due_date, created_at) values (385,30, "Task no. 4", "Lion yacht jungle river night elephant banana fish island fish cherry fish whale grape house kangaroo.", "3", "2024-07-26 21:02:56", "2024-04-13 03:29:12");
insert into task (task_id,sprint_id, task_title, task_description, task_type, due_date, created_at) values (386,2, "Task no. 30", "Yacht dog fish monkey monkey umbrella house snake zebra cherry banana cherry yacht apple xylophone dog xylophone river river snake night river umbrella monkey dog river yacht umbrella apple dog.", "5", "2024-11-21 06:03:23", "2024-10-10 05:51:23");
insert into task (task_id,sprint_id, task_title, task_description, task_type, due_date, created_at) values (387,46, "Task no. 4", "Dog grape jungle queen whale island river kangaroo night yacht banana monkey ocean kangaroo elephant tiger queen fish kangaroo river xylophone fish penguin apple river xylophone.", "4", "2024-10-19 05:30:53", "2024-10-10 20:23:01");
insert into taskperform (task_id, user_id, created_at) values (387, 9, "2024-11-10 06:21:43");
insert into task (task_id,sprint_id, task_title, task_description, task_type, due_date, created_at) values (388,19, "Task no. 8", "Penguin river island village umbrella grape yacht river river river banana whale zebra grape penguin banana snake penguin house monkey jungle queen penguin cherry.", "1", "2024-04-02 07:33:18", "2024-01-23 12:17:02");
insert into taskperform (task_id, user_id, created_at) values (388, 9, "2024-10-02 15:28:36");
insert into task (task_id,sprint_id, task_title, task_description, task_type, due_date, created_at) values (389,35, "Task no. 2", "Monkey whale snake elephant river night village yacht banana penguin river xylophone penguin penguin penguin penguin.", "6", "2024-09-18 18:01:30", "2024-01-01 17:52:01");
insert into taskperform (task_id, user_id, created_at) values (389, 9, "2024-04-12 23:25:59");
insert into role (user_id, room_id, role_detail) values (3, 14, 3);
insert into message (user_id, room_id, message_detail, created_at) values (3, 14, "Zebra apple queen whale queen whale river xylophone jungle whale ocean cherry umbrella penguin apple monkey yacht zebra night snake kangaroo dog river elephant grape river tiger.", "2023-12-03 13:27:36");
insert into message (user_id, room_id, message_detail, created_at) values (3, 14, "Banana queen kangaroo zebra zebra whale cherry river house banana.", "2024-08-12 07:46:11");
insert into message (user_id, room_id, message_detail, created_at) values (3, 14, "Village snake cherry house fish penguin banana banana queen yacht apple zebra river apple house river zebra banana apple jungle umbrella.", "2024-10-26 21:30:05");
insert into message (user_id, room_id, message_detail, created_at) values (3, 14, "Snake island grape queen island river zebra dog snake island umbrella.", "2024-11-29 12:40:15");
insert into message (user_id, room_id, message_detail, created_at) values (3, 14, "Grape elephant cherry kangaroo ocean lion umbrella zebra island fish ocean umbrella ocean elephant banana yacht village yacht snake kangaroo kangaroo cherry xylophone penguin.", "2024-07-12 03:02:05");
insert into message (user_id, room_id, message_detail, created_at) values (3, 14, "Queen penguin lion jungle monkey elephant xylophone queen xylophone house jungle.", "2024-10-13 05:13:12");
insert into message (user_id, room_id, message_detail, created_at) values (3, 14, "Grape tiger apple lion village yacht queen penguin queen ocean snake island.", "2024-05-04 21:32:06");
insert into message (user_id, room_id, message_detail, created_at) values (3, 14, "Island cherry monkey xylophone house kangaroo monkey house tiger ocean queen lion elephant penguin fish monkey ocean tiger river dog cherry kangaroo jungle lion apple.", "2024-03-02 23:15:32");
insert into message (user_id, room_id, message_detail, created_at) values (3, 14, "Yacht queen yacht elephant snake whale zebra monkey zebra xylophone village apple monkey monkey penguin.", "2024-11-17 02:55:33");
insert into message (user_id, room_id, message_detail, created_at) values (3, 14, "Queen elephant whale cherry banana lion river dog tiger monkey river night xylophone zebra yacht snake monkey snake penguin.", "2024-03-23 07:16:26");
insert into message (user_id, room_id, message_detail, created_at) values (3, 14, "Grape house monkey whale grape grape queen tiger kangaroo island xylophone fish river.", "2024-09-05 03:59:21");
insert into message (user_id, room_id, message_detail, created_at) values (3, 14, "Queen xylophone jungle penguin elephant snake tiger grape kangaroo yacht whale queen ocean yacht elephant banana queen jungle penguin.", "2024-08-07 05:13:05");
insert into message (user_id, room_id, message_detail, created_at) values (3, 14, "Village monkey snake umbrella dog kangaroo whale monkey lion elephant yacht.", "2024-07-01 05:58:57");
insert into message (user_id, room_id, message_detail, created_at) values (3, 14, "Fish tiger apple queen kangaroo monkey umbrella grape penguin elephant yacht banana tiger jungle monkey queen jungle jungle tiger fish zebra grape island apple monkey jungle.", "2024-08-26 23:56:13");
insert into message (user_id, room_id, message_detail, created_at) values (3, 14, "Apple monkey cherry apple night tiger ocean elephant apple island elephant snake queen banana.", "2024-07-27 16:17:07");
insert into task (task_id,sprint_id, task_title, task_description, task_type, due_date, created_at) values (390,47, "Task no. 3", "Banana penguin fish whale elephant monkey dog ocean village village penguin xylophone tiger dog river lion zebra apple kangaroo elephant river dog monkey elephant.", "6", "2024-08-20 16:28:37", "2024-05-02 02:07:07");
insert into taskperform (task_id, user_id, created_at) values (390, 3, "2024-10-10 22:50:08");
insert into task (task_id,sprint_id, task_title, task_description, task_type, due_date, created_at) values (391,48, "Task no. 2", "Monkey snake xylophone ocean fish whale banana river tiger island penguin island queen umbrella island house xylophone grape fish snake snake island banana zebra banana snake river river night.", "5", "2024-08-23 20:18:55", "2023-12-13 22:47:29");
insert into taskperform (task_id, user_id, created_at) values (391, 3, "2024-06-07 09:25:36");
insert into task (task_id,sprint_id, task_title, task_description, task_type, due_date, created_at) values (392,55, "Task no. 1", "Cherry fish night tiger umbrella penguin cherry snake cherry village snake lion tiger tiger cherry yacht night banana ocean banana snake penguin penguin island.", "6", "2024-11-16 22:46:45", "2024-11-06 05:50:48");
insert into taskperform (task_id, user_id, created_at) values (392, 3, "2024-11-10 14:06:15");
insert into role (user_id, room_id, role_detail) values (1, 14, 2);
insert into message (user_id, room_id, message_detail, created_at) values (1, 14, "Dog night apple river yacht yacht kangaroo banana yacht tiger penguin apple jungle monkey house umbrella whale tiger jungle apple lion grape whale snake jungle ocean umbrella xylophone.", "2024-02-08 12:31:51");
insert into message (user_id, room_id, message_detail, created_at) values (1, 14, "Zebra queen whale tiger elephant banana snake grape penguin grape lion monkey yacht queen monkey whale apple queen penguin queen cherry apple snake xylophone.", "2024-05-12 04:50:26");
insert into message (user_id, room_id, message_detail, created_at) values (1, 14, "Grape penguin kangaroo apple river umbrella island river ocean umbrella fish ocean night ocean dog tiger.", "2023-12-17 18:04:07");
insert into message (user_id, room_id, message_detail, created_at) values (1, 14, "Cherry island lion penguin night whale house apple monkey elephant kangaroo lion cherry ocean zebra banana kangaroo elephant monkey yacht river ocean ocean penguin river monkey umbrella fish jungle.", "2024-12-09 09:31:41");
insert into message (user_id, room_id, message_detail, created_at) values (1, 14, "Tiger whale penguin night cherry kangaroo jungle cherry island island queen xylophone night zebra penguin village banana apple banana grape grape monkey xylophone jungle snake night ocean lion house.", "2024-10-03 13:04:46");
insert into message (user_id, room_id, message_detail, created_at) values (1, 14, "Penguin night river ocean tiger lion kangaroo village house monkey queen dog dog zebra.", "2024-11-26 05:12:30");
insert into message (user_id, room_id, message_detail, created_at) values (1, 14, "Penguin island elephant jungle zebra ocean grape monkey fish elephant monkey river elephant ocean house night island tiger whale.", "2024-11-23 03:24:31");
insert into message (user_id, room_id, message_detail, created_at) values (1, 14, "Penguin house night lion whale jungle zebra apple grape grape.", "2024-04-03 01:44:52");
insert into message (user_id, room_id, message_detail, created_at) values (1, 14, "Lion xylophone zebra elephant queen penguin banana village queen cherry elephant jungle river river elephant kangaroo apple apple tiger jungle umbrella.", "2024-11-24 09:44:00");
insert into message (user_id, room_id, message_detail, created_at) values (1, 14, "River zebra house umbrella xylophone grape night elephant kangaroo tiger whale fish xylophone elephant.", "2024-10-16 18:56:59");
insert into message (user_id, room_id, message_detail, created_at) values (1, 14, "Banana dog village dog house apple zebra tiger river monkey village island ocean whale.", "2024-01-24 01:13:19");
insert into message (user_id, room_id, message_detail, created_at) values (1, 14, "Yacht penguin house lion zebra lion monkey ocean zebra monkey cherry dog river grape elephant umbrella tiger queen apple snake ocean ocean jungle village.", "2024-04-13 03:13:47");
insert into message (user_id, room_id, message_detail, created_at) values (1, 14, "House banana banana night yacht banana queen yacht yacht snake yacht night monkey tiger queen penguin zebra snake fish grape xylophone cherry river dog xylophone banana yacht cherry.", "2024-10-04 07:56:34");
insert into message (user_id, room_id, message_detail, created_at) values (1, 14, "Banana queen snake river house dog apple whale cherry ocean river house snake house elephant fish house.", "2024-06-27 10:32:38");
insert into message (user_id, room_id, message_detail, created_at) values (1, 14, "Monkey penguin queen yacht dog fish umbrella village island cherry snake elephant monkey zebra xylophone.", "2024-12-10 10:16:11");
insert into message (user_id, room_id, message_detail, created_at) values (1, 14, "Night xylophone yacht snake fish monkey whale island island yacht whale umbrella whale yacht monkey kangaroo fish apple zebra village.", "2024-03-07 04:10:47");
insert into sprint (room_id, sprint_name, created_at) values (15, "Sprint no. 1" , "2024-11-06 19:07:46");
insert into sprint (room_id, sprint_name, created_at) values (15, "Sprint no. 2" , "2024-12-10 18:45:31");
insert into sprint (room_id, sprint_name, created_at) values (15, "Sprint no. 3" , "2024-12-12 19:59:43");
insert into sprint (room_id, sprint_name, created_at) values (15, "Sprint no. 4" , "2024-12-12 23:53:28");
insert into sprint (room_id, sprint_name, created_at) values (15, "Sprint no. 5" , "2024-12-13 11:52:14");
insert into role (user_id, room_id, role_detail) values (2, 15, 1);
insert into message (user_id, room_id, message_detail, created_at) values (2, 15, "Xylophone house jungle house lion cherry yacht yacht whale umbrella lion island village night tiger tiger grape queen village ocean grape xylophone apple whale yacht dog fish night cherry.", "2024-03-09 21:00:18");
insert into message (user_id, room_id, message_detail, created_at) values (2, 15, "Penguin house penguin xylophone elephant snake queen house dog tiger island elephant penguin island island yacht lion yacht tiger fish apple lion whale whale.", "2024-10-20 19:53:06");
insert into message (user_id, room_id, message_detail, created_at) values (2, 15, "Umbrella jungle tiger umbrella kangaroo dog yacht kangaroo queen village lion xylophone snake ocean island ocean xylophone island lion apple penguin house.", "2024-02-03 11:21:59");
insert into message (user_id, room_id, message_detail, created_at) values (2, 15, "Umbrella queen yacht kangaroo whale banana jungle penguin monkey penguin snake fish xylophone grape yacht village zebra cherry jungle monkey monkey night house whale river lion grape tiger monkey lion.", "2024-07-23 17:25:31");
insert into message (user_id, room_id, message_detail, created_at) values (2, 15, "Fish elephant house penguin yacht grape monkey xylophone lion village cherry.", "2024-08-23 11:39:18");
insert into message (user_id, room_id, message_detail, created_at) values (2, 15, "Queen river snake island banana yacht xylophone night umbrella queen snake kangaroo river kangaroo island snake jungle night dog zebra jungle fish xylophone night whale elephant penguin.", "2024-02-26 13:51:36");
insert into message (user_id, room_id, message_detail, created_at) values (2, 15, "Kangaroo house cherry umbrella grape cherry elephant snake snake banana jungle kangaroo village tiger tiger snake tiger xylophone house.", "2024-02-21 16:05:28");
insert into message (user_id, room_id, message_detail, created_at) values (2, 15, "Monkey penguin fish house river night penguin apple lion elephant night umbrella night dog banana village snake banana lion.", "2024-09-05 14:43:31");
insert into message (user_id, room_id, message_detail, created_at) values (2, 15, "Yacht whale village elephant ocean house zebra whale umbrella apple fish elephant cherry night kangaroo kangaroo queen island snake ocean grape whale yacht zebra cherry kangaroo.", "2024-09-18 07:41:14");
insert into message (user_id, room_id, message_detail, created_at) values (2, 15, "Island zebra island whale penguin monkey whale snake grape umbrella banana elephant whale night jungle yacht.", "2024-10-29 06:43:10");
insert into message (user_id, room_id, message_detail, created_at) values (2, 15, "Xylophone kangaroo lion cherry queen grape house dog jungle jungle grape jungle lion night whale queen dog house house night kangaroo banana jungle banana.", "2024-03-28 20:25:31");
insert into message (user_id, room_id, message_detail, created_at) values (2, 15, "River yacht fish banana grape apple xylophone zebra village cherry penguin zebra dog ocean penguin monkey queen cherry grape xylophone lion jungle cherry kangaroo zebra night tiger.", "2024-02-29 09:30:58");
insert into message (user_id, room_id, message_detail, created_at) values (2, 15, "Night yacht ocean banana house ocean yacht apple village snake elephant monkey lion whale penguin night.", "2024-04-10 03:04:12");
insert into message (user_id, room_id, message_detail, created_at) values (2, 15, "House fish grape umbrella elephant xylophone zebra grape fish grape jungle xylophone river night village village fish xylophone penguin kangaroo.", "2024-07-27 12:22:45");
insert into message (user_id, room_id, message_detail, created_at) values (2, 15, "Dog river cherry banana queen whale lion cherry island snake ocean zebra lion.", "2024-04-01 14:35:51");
insert into message (user_id, room_id, message_detail, created_at) values (2, 15, "Night lion elephant snake banana jungle apple monkey island lion.", "2024-08-02 02:29:07");
insert into message (user_id, room_id, message_detail, created_at) values (2, 15, "Snake house grape umbrella xylophone village river cherry lion grape ocean elephant grape banana lion xylophone fish zebra penguin umbrella ocean.", "2024-06-25 16:32:29");
insert into message (user_id, room_id, message_detail, created_at) values (2, 15, "Xylophone tiger elephant grape night xylophone penguin lion yacht kangaroo island tiger river penguin.", "2024-12-05 10:26:53");
insert into message (user_id, room_id, message_detail, created_at) values (2, 15, "Village kangaroo whale banana tiger yacht ocean river penguin kangaroo.", "2024-02-20 23:38:24");
insert into message (user_id, room_id, message_detail, created_at) values (2, 15, "Yacht monkey monkey island house banana grape grape cherry apple whale tiger fish zebra village penguin monkey ocean kangaroo xylophone banana apple penguin village elephant banana jungle house apple ocean.", "2024-06-09 08:28:52");
insert into task (task_id,sprint_id, task_title, task_description, task_type, due_date, created_at) values (393,53, "Task no. 1", "Cherry umbrella xylophone night elephant river river grape snake queen fish village grape village elephant lion yacht umbrella umbrella fish zebra night monkey whale night umbrella lion.", "1", "2024-11-19 08:16:53", "2024-06-17 19:14:13");
insert into taskperform (task_id, user_id, created_at) values (393, 2, "2024-09-09 03:53:44");
insert into role (user_id, room_id, role_detail) values (4, 15, 3);
insert into message (user_id, room_id, message_detail, created_at) values (4, 15, "River snake night river whale river grape kangaroo fish village night house apple elephant village yacht.", "2024-02-06 17:03:47");
insert into task (task_id,sprint_id, task_title, task_description, task_type, due_date, created_at) values (394,53, "Task no. 2", "Yacht fish elephant whale kangaroo xylophone umbrella monkey grape river cherry xylophone ocean penguin monkey yacht zebra banana river island night grape monkey snake lion zebra penguin night.", "3", "2024-12-12 18:40:24", "2024-01-26 21:26:45");
insert into taskperform (task_id, user_id, created_at) values (394, 4, "2024-09-04 08:43:53");
insert into role (user_id, room_id, role_detail) values (9, 15, 3);
insert into message (user_id, room_id, message_detail, created_at) values (9, 15, "Xylophone grape kangaroo ocean umbrella cherry night grape zebra fish whale banana apple island house lion yacht lion river elephant tiger tiger yacht.", "2024-09-24 01:10:41");
insert into message (user_id, room_id, message_detail, created_at) values (9, 15, "Umbrella xylophone river umbrella island penguin queen ocean lion night.", "2024-07-09 05:28:49");
insert into message (user_id, room_id, message_detail, created_at) values (9, 15, "Cherry elephant tiger whale grape night kangaroo island night house lion jungle island river kangaroo.", "2024-06-11 17:28:39");
insert into message (user_id, room_id, message_detail, created_at) values (9, 15, "Dog monkey whale ocean lion village snake umbrella elephant umbrella river dog river.", "2024-01-14 06:32:30");
insert into message (user_id, room_id, message_detail, created_at) values (9, 15, "Queen kangaroo tiger yacht cherry monkey fish whale lion tiger ocean island night river penguin river house ocean monkey jungle yacht penguin jungle umbrella whale dog village house lion whale.", "2024-08-13 12:16:43");
insert into message (user_id, room_id, message_detail, created_at) values (9, 15, "Xylophone island umbrella grape penguin river zebra snake tiger monkey elephant.", "2024-05-06 09:06:19");
insert into message (user_id, room_id, message_detail, created_at) values (9, 15, "Ocean kangaroo kangaroo kangaroo apple kangaroo yacht zebra island queen tiger grape zebra lion river lion umbrella queen village cherry jungle cherry jungle village queen village snake apple grape.", "2024-04-24 14:34:29");
insert into message (user_id, room_id, message_detail, created_at) values (9, 15, "Yacht penguin river dog xylophone river grape zebra ocean queen kangaroo banana village whale tiger umbrella elephant snake.", "2024-09-22 15:40:46");
insert into message (user_id, room_id, message_detail, created_at) values (9, 15, "River dog elephant penguin river zebra queen jungle elephant zebra house tiger zebra zebra banana house penguin river tiger elephant jungle xylophone river fish xylophone yacht.", "2024-02-09 02:34:00");
insert into message (user_id, room_id, message_detail, created_at) values (9, 15, "Lion tiger queen xylophone village house dog snake night snake fish xylophone village snake dog night house cherry monkey dog whale.", "2024-08-19 05:41:22");
insert into message (user_id, room_id, message_detail, created_at) values (9, 15, "Jungle penguin ocean snake banana ocean house fish penguin house yacht xylophone elephant zebra xylophone zebra zebra snake whale yacht queen queen apple grape fish cherry fish queen zebra tiger.", "2024-06-26 15:09:44");
insert into message (user_id, room_id, message_detail, created_at) values (9, 15, "Dog elephant fish village house banana umbrella penguin banana apple village jungle snake yacht tiger apple penguin apple xylophone tiger penguin grape snake xylophone house.", "2024-01-19 08:46:38");
insert into message (user_id, room_id, message_detail, created_at) values (9, 15, "Banana grape kangaroo tiger tiger monkey dog kangaroo ocean xylophone apple zebra dog village jungle fish ocean kangaroo.", "2024-06-12 20:16:29");
insert into message (user_id, room_id, message_detail, created_at) values (9, 15, "Island house river zebra river river tiger umbrella umbrella snake grape monkey elephant fish snake village.", "2024-05-18 21:50:47");
insert into message (user_id, room_id, message_detail, created_at) values (9, 15, "Grape snake apple zebra apple cherry apple night penguin house lion house fish river kangaroo ocean lion.", "2024-03-27 20:41:41");
insert into message (user_id, room_id, message_detail, created_at) values (9, 15, "Dog xylophone snake snake grape village village monkey yacht snake fish river dog ocean whale lion grape queen monkey snake village grape.", "2024-05-12 06:27:58");
insert into message (user_id, room_id, message_detail, created_at) values (9, 15, "Cherry queen whale tiger whale night snake jungle jungle grape night.", "2024-08-12 11:55:35");
insert into task (task_id,sprint_id, task_title, task_description, task_type, due_date, created_at) values (395,46, "Task no. 5", "Tiger fish grape banana lion dog queen fish monkey umbrella monkey penguin river lion river fish dog lion village monkey.", "4", "2024-08-15 11:41:46", "2024-01-21 00:54:13");
insert into role (user_id, room_id, role_detail) values (3, 15, 3);
insert into message (user_id, room_id, message_detail, created_at) values (3, 15, "Whale snake lion xylophone grape xylophone apple ocean fish zebra.", "2024-04-22 03:47:31");
insert into message (user_id, room_id, message_detail, created_at) values (3, 15, "Dog yacht kangaroo kangaroo cherry banana house snake monkey tiger monkey.", "2024-01-06 19:56:58");
insert into task (task_id,sprint_id, task_title, task_description, task_type, due_date, created_at) values (396,60, "Task no. 1", "Jungle monkey yacht fish queen ocean xylophone night queen xylophone snake dog elephant xylophone house cherry ocean dog whale elephant.", "1", "2024-06-18 19:14:29", "2024-02-29 20:04:36");
insert into taskperform (task_id, user_id, created_at) values (396, 3, "2024-05-16 22:52:54");
insert into sprint (room_id, sprint_name, created_at) values (16, "Sprint no. 1" , "2024-07-08 05:59:43");
insert into sprint (room_id, sprint_name, created_at) values (16, "Sprint no. 2" , "2024-10-27 23:50:34");
insert into sprint (room_id, sprint_name, created_at) values (16, "Sprint no. 3" , "2024-11-06 09:13:59");
insert into sprint (room_id, sprint_name, created_at) values (16, "Sprint no. 4" , "2024-12-11 17:03:25");
insert into sprint (room_id, sprint_name, created_at) values (16, "Sprint no. 5" , "2024-12-11 17:26:07");
insert into sprint (room_id, sprint_name, created_at) values (16, "Sprint no. 6" , "2024-12-13 23:23:09");
insert into sprint (room_id, sprint_name, created_at) values (16, "Sprint no. 7" , "2024-12-14 01:02:41");
insert into sprint (room_id, sprint_name, created_at) values (16, "Sprint no. 8" , "2024-12-14 16:26:08");
insert into sprint (room_id, sprint_name, created_at) values (16, "Sprint no. 9" , "2024-12-14 21:41:35");
insert into role (user_id, room_id, role_detail) values (2, 16, 1);
insert into task (task_id,sprint_id, task_title, task_description, task_type, due_date, created_at) values (397,36, "Task no. 4", "Queen grape yacht tiger penguin fish monkey penguin yacht jungle house monkey monkey apple.", "3", "2024-09-16 20:58:14", "2024-07-01 19:29:04");
insert into taskperform (task_id, user_id, created_at) values (397, 2, "2024-09-06 17:38:38");
insert into task (task_id,sprint_id, task_title, task_description, task_type, due_date, created_at) values (398,34, "Task no. 4", "Apple grape penguin xylophone village house tiger snake island grape banana.", "3", "2024-06-14 04:54:13", "2024-02-19 11:39:51");
insert into taskperform (task_id, user_id, created_at) values (398, 2, "2024-10-21 01:05:19");
insert into role (user_id, room_id, role_detail) values (4, 16, 3);
insert into message (user_id, room_id, message_detail, created_at) values (4, 16, "Lion xylophone queen ocean snake night tiger penguin elephant yacht cherry ocean dog penguin ocean yacht island night xylophone cherry grape xylophone fish banana village snake river yacht umbrella.", "2024-02-28 13:29:10");
insert into message (user_id, room_id, message_detail, created_at) values (4, 16, "Xylophone queen banana tiger dog zebra grape queen village penguin grape lion elephant elephant banana queen kangaroo penguin.", "2024-01-30 07:28:17");
insert into message (user_id, room_id, message_detail, created_at) values (4, 16, "Yacht monkey kangaroo lion banana whale zebra yacht kangaroo ocean fish zebra island snake queen cherry queen snake ocean.", "2024-05-23 06:38:26");
insert into message (user_id, room_id, message_detail, created_at) values (4, 16, "Dog queen ocean xylophone zebra elephant banana zebra night kangaroo whale whale grape lion cherry snake river cherry queen dog cherry village monkey yacht.", "2023-12-23 11:13:33");
insert into message (user_id, room_id, message_detail, created_at) values (4, 16, "Fish tiger apple penguin dog house fish banana tiger umbrella umbrella house queen penguin zebra monkey elephant fish night xylophone.", "2024-11-04 17:49:09");
insert into message (user_id, room_id, message_detail, created_at) values (4, 16, "Island monkey monkey ocean apple lion xylophone elephant river umbrella elephant whale banana night fish whale kangaroo zebra monkey.", "2024-10-11 18:12:30");
insert into message (user_id, room_id, message_detail, created_at) values (4, 16, "Grape village dog lion fish kangaroo banana cherry umbrella ocean cherry jungle zebra apple lion fish zebra elephant yacht island tiger yacht tiger fish penguin jungle ocean elephant.", "2024-02-21 20:30:58");
insert into message (user_id, room_id, message_detail, created_at) values (4, 16, "Dog yacht island whale grape lion monkey monkey kangaroo monkey village jungle monkey xylophone jungle river xylophone snake monkey kangaroo cherry fish jungle village.", "2024-02-14 00:43:18");
insert into message (user_id, room_id, message_detail, created_at) values (4, 16, "Umbrella cherry whale queen apple umbrella grape zebra snake whale jungle xylophone zebra night tiger xylophone.", "2024-11-29 21:34:57");
insert into message (user_id, room_id, message_detail, created_at) values (4, 16, "Tiger snake elephant whale snake village jungle island xylophone grape xylophone tiger elephant kangaroo lion snake ocean grape house apple monkey island village lion whale xylophone kangaroo village.", "2024-05-17 15:47:08");
insert into message (user_id, room_id, message_detail, created_at) values (4, 16, "Queen dog zebra jungle house elephant snake queen banana monkey snake fish banana river xylophone ocean jungle grape kangaroo jungle elephant.", "2024-02-12 20:00:14");
insert into task (task_id,sprint_id, task_title, task_description, task_type, due_date, created_at) values (399,67, "Task no. 1", "Elephant yacht house jungle night island fish elephant monkey jungle yacht apple village lion apple kangaroo.", "5", "2024-04-02 12:28:33", "2024-03-26 14:07:03");
insert into taskperform (task_id, user_id, created_at) values (399, 4, "2024-07-13 11:28:50");
insert into task (task_id,sprint_id, task_title, task_description, task_type, due_date, created_at) values (400,16, "Task no. 12", "Snake whale elephant zebra night umbrella tiger grape island zebra tiger.", "1", "2024-12-09 09:49:36", "2024-12-03 00:13:33");
insert into taskperform (task_id, user_id, created_at) values (400, 4, "2024-12-11 17:34:53");
insert into task (task_id,sprint_id, task_title, task_description, task_type, due_date, created_at) values (401,42, "Task no. 3", "Jungle snake penguin cherry tiger penguin kangaroo tiger jungle yacht banana grape cherry night village snake village ocean zebra night.", "6", "2024-11-04 00:32:08", "2024-09-19 06:31:11");
insert into taskperform (task_id, user_id, created_at) values (401, 4, "2024-10-21 19:56:12");
insert into task (task_id,sprint_id, task_title, task_description, task_type, due_date, created_at) values (402,39, "Task no. 2", "Apple snake river whale island umbrella grape lion penguin xylophone grape penguin zebra kangaroo village apple.", "5", "2024-10-22 09:23:29", "2024-08-27 01:40:27");
insert into taskperform (task_id, user_id, created_at) values (402, 4, "2024-10-26 14:57:27");
insert into role (user_id, room_id, role_detail) values (5, 16, 3);
insert into message (user_id, room_id, message_detail, created_at) values (5, 16, "Banana jungle house queen village snake cherry fish night banana apple banana penguin river cherry monkey grape tiger kangaroo jungle tiger lion river.", "2024-09-26 01:50:54");
insert into message (user_id, room_id, message_detail, created_at) values (5, 16, "Ocean whale tiger snake fish xylophone kangaroo monkey village village grape island house zebra apple xylophone elephant tiger kangaroo zebra whale.", "2024-12-09 16:42:34");
insert into message (user_id, room_id, message_detail, created_at) values (5, 16, "Umbrella snake river lion dog penguin island house xylophone river xylophone jungle ocean lion umbrella grape banana jungle elephant.", "2024-05-21 10:58:41");
insert into message (user_id, room_id, message_detail, created_at) values (5, 16, "River kangaroo kangaroo yacht ocean ocean night lion night yacht island banana whale elephant fish zebra apple penguin penguin yacht house queen whale whale umbrella tiger.", "2024-08-11 06:11:09");
insert into task (task_id,sprint_id, task_title, task_description, task_type, due_date, created_at) values (403,46, "Task no. 6", "Elephant yacht ocean island jungle elephant elephant fish banana kangaroo house penguin jungle queen grape dog village banana jungle snake ocean snake house penguin penguin queen banana jungle.", "5", "2024-09-18 06:36:16", "2024-07-21 09:02:54");
insert into taskperform (task_id, user_id, created_at) values (403, 5, "2024-11-02 03:45:37");
insert into role (user_id, room_id, role_detail) values (6, 16, 2);
insert into message (user_id, room_id, message_detail, created_at) values (6, 16, "River cherry river river tiger lion fish elephant island cherry penguin banana banana kangaroo tiger lion night xylophone snake snake house whale house house monkey.", "2024-12-04 20:57:10");
insert into task (task_id,sprint_id, task_title, task_description, task_type, due_date, created_at) values (404,45, "Task no. 1", "Xylophone zebra house penguin umbrella fish ocean monkey river dog jungle village jungle elephant dog yacht river apple penguin snake.", "6", "2024-05-25 14:22:23", "2024-03-20 03:33:46");
insert into task (task_id,sprint_id, task_title, task_description, task_type, due_date, created_at) values (405,60, "Task no. 2", "Island apple fish snake night elephant house river night island river yacht lion apple zebra island night zebra dog river banana snake house monkey apple.", "5", "2024-01-12 22:32:34", "2023-12-12 14:05:21");
insert into taskperform (task_id, user_id, created_at) values (405, 6, "2024-05-03 22:45:50");
insert into task (task_id,sprint_id, task_title, task_description, task_type, due_date, created_at) values (406,9, "Task no. 10", "Fish monkey night jungle dog elephant dog lion snake banana river lion penguin penguin lion queen kangaroo house yacht queen jungle queen ocean.", "6", "2024-12-14 23:01:38", "2024-12-10 08:24:04");
insert into taskperform (task_id, user_id, created_at) values (406, 6, "2024-12-12 20:08:07");
insert into task (task_id,sprint_id, task_title, task_description, task_type, due_date, created_at) values (407,42, "Task no. 4", "Banana elephant monkey dog tiger zebra ocean fish lion river monkey dog banana house house.", "6", "2024-07-02 00:41:12", "2024-03-16 14:19:28");
insert into taskperform (task_id, user_id, created_at) values (407, 6, "2024-04-05 13:46:57");
insert into task (task_id,sprint_id, task_title, task_description, task_type, due_date, created_at) values (408,19, "Task no. 9", "Fish ocean tiger banana zebra queen zebra yacht tiger grape dog kangaroo monkey whale jungle night river xylophone lion jungle river cherry apple house village banana.", "5", "2024-04-02 13:29:47", "2024-01-24 00:21:00");
insert into taskperform (task_id, user_id, created_at) values (408, 6, "2024-09-11 09:02:44");
insert into task (task_id,sprint_id, task_title, task_description, task_type, due_date, created_at) values (409,7, "Task no. 14", "Xylophone penguin snake tiger monkey grape grape fish snake jungle ocean grape dog.", "2", "2024-11-07 22:05:12", "2024-10-12 09:03:43");
insert into taskperform (task_id, user_id, created_at) values (409, 6, "2024-11-27 16:41:42");
insert into task (task_id,sprint_id, task_title, task_description, task_type, due_date, created_at) values (410,46, "Task no. 7", "River apple river night river night monkey penguin grape monkey banana banana tiger ocean monkey dog island grape kangaroo monkey village umbrella kangaroo ocean fish fish cherry.", "2", "2024-08-06 17:06:03", "2024-05-03 01:51:37");
insert into taskperform (task_id, user_id, created_at) values (410, 6, "2024-09-13 02:00:03");
insert into task (task_id,sprint_id, task_title, task_description, task_type, due_date, created_at) values (411,17, "Task no. 13", "Island xylophone zebra house whale jungle banana island tiger snake elephant village village xylophone river snake village apple dog elephant cherry whale yacht tiger ocean cherry house house.", "5", "2024-10-24 07:37:55", "2024-10-10 11:33:05");
insert into task (task_id,sprint_id, task_title, task_description, task_type, due_date, created_at) values (412,27, "Task no. 5", "Village lion banana xylophone elephant night village night dog kangaroo umbrella tiger grape tiger queen kangaroo house queen grape queen penguin monkey dog monkey xylophone cherry night xylophone banana banana.", "5", "2024-02-17 14:05:11", "2024-02-01 15:41:10");
insert into sprint (room_id, sprint_name, created_at) values (17, "Sprint no. 1" , "2024-12-11 12:57:30");
insert into role (user_id, room_id, role_detail) values (7, 17, 1);
insert into message (user_id, room_id, message_detail, created_at) values (7, 17, "Elephant snake elephant house cherry ocean house river dog kangaroo kangaroo ocean fish banana elephant xylophone tiger jungle grape jungle queen.", "2023-12-24 07:49:43");
insert into message (user_id, room_id, message_detail, created_at) values (7, 17, "Banana dog yacht ocean cherry xylophone grape lion elephant island lion house jungle apple lion penguin river yacht fish whale banana.", "2024-07-14 12:50:08");
insert into message (user_id, room_id, message_detail, created_at) values (7, 17, "Village elephant village island grape xylophone lion snake xylophone cherry penguin yacht snake.", "2024-09-17 05:51:42");
insert into message (user_id, room_id, message_detail, created_at) values (7, 17, "Xylophone house night penguin tiger cherry xylophone snake island island yacht zebra jungle zebra umbrella ocean yacht dog river island cherry jungle apple night lion house queen house monkey.", "2024-01-21 22:10:15");
insert into message (user_id, room_id, message_detail, created_at) values (7, 17, "Zebra village umbrella apple house banana apple night fish kangaroo whale island xylophone apple.", "2024-01-03 20:25:11");
insert into message (user_id, room_id, message_detail, created_at) values (7, 17, "Whale whale ocean island monkey tiger cherry kangaroo village ocean island whale jungle night lion queen snake ocean zebra umbrella night cherry yacht yacht snake kangaroo.", "2024-02-01 07:15:40");
insert into message (user_id, room_id, message_detail, created_at) values (7, 17, "Tiger fish snake dog zebra zebra island ocean island jungle dog.", "2023-12-22 04:47:39");
insert into message (user_id, room_id, message_detail, created_at) values (7, 17, "Umbrella tiger river queen grape lion snake snake monkey lion monkey cherry dog dog kangaroo house.", "2024-04-05 04:28:10");
insert into task (task_id,sprint_id, task_title, task_description, task_type, due_date, created_at) values (413,27, "Task no. 6", "Queen house kangaroo elephant whale queen ocean yacht tiger tiger elephant fish zebra cherry.", "3", "2024-12-11 15:22:50", "2024-07-20 02:22:34");
insert into task (task_id,sprint_id, task_title, task_description, task_type, due_date, created_at) values (414,40, "Task no. 3", "Lion house zebra kangaroo whale whale queen river jungle river cherry jungle lion elephant zebra yacht river fish grape banana kangaroo queen snake village zebra zebra.", "3", "2024-12-14 07:45:18", "2024-12-07 01:09:55");
insert into taskperform (task_id, user_id, created_at) values (414, 7, "2024-12-14 06:37:04");
insert into task (task_id,sprint_id, task_title, task_description, task_type, due_date, created_at) values (415,26, "Task no. 4", "Queen tiger banana fish zebra cherry banana queen fish ocean house dog cherry grape apple night apple fish kangaroo monkey grape.", "4", "2024-08-05 00:10:15", "2024-04-30 07:33:57");
insert into taskperform (task_id, user_id, created_at) values (415, 7, "2024-09-18 19:36:20");
insert into task (task_id,sprint_id, task_title, task_description, task_type, due_date, created_at) values (416,9, "Task no. 11", "Jungle cherry apple banana apple river elephant grape night umbrella island night yacht ocean night village dog lion fish queen banana penguin penguin yacht.", "6", "2024-07-26 13:18:40", "2024-05-08 03:22:21");
insert into task (task_id,sprint_id, task_title, task_description, task_type, due_date, created_at) values (417,9, "Task no. 12", "Umbrella fish kangaroo whale kangaroo whale night elephant grape grape penguin kangaroo queen xylophone.", "2", "2024-12-14 14:47:02", "2024-10-30 16:27:09");
insert into taskperform (task_id, user_id, created_at) values (417, 7, "2024-11-25 19:35:57");
insert into task (task_id,sprint_id, task_title, task_description, task_type, due_date, created_at) values (418,16, "Task no. 13", "Monkey zebra apple ocean jungle penguin ocean jungle penguin apple apple.", "2", "2024-10-31 09:31:59", "2024-05-30 06:12:45");
insert into task (task_id,sprint_id, task_title, task_description, task_type, due_date, created_at) values (419,20, "Task no. 10", "Dog dog island whale xylophone grape yacht island tiger fish night banana tiger monkey banana cherry jungle tiger house night cherry xylophone xylophone.", "2", "2024-11-26 20:41:46", "2024-08-07 21:54:57");
insert into taskperform (task_id, user_id, created_at) values (419, 7, "2024-10-20 22:19:14");
insert into task (task_id,sprint_id, task_title, task_description, task_type, due_date, created_at) values (420,12, "Task no. 7", "Lion umbrella night apple umbrella jungle river penguin elephant queen monkey island dog yacht island banana jungle zebra queen umbrella ocean night.", "3", "2024-05-23 02:07:31", "2024-01-06 22:25:40");
insert into taskperform (task_id, user_id, created_at) values (420, 7, "2024-03-23 13:13:24");
insert into task (task_id,sprint_id, task_title, task_description, task_type, due_date, created_at) values (421,32, "Task no. 5", "Grape xylophone jungle elephant lion village monkey elephant umbrella kangaroo banana elephant village house umbrella tiger cherry xylophone apple.", "4", "2024-10-25 22:30:53", "2024-06-16 17:26:18");
insert into taskperform (task_id, user_id, created_at) values (421, 7, "2024-06-27 18:37:56");
insert into task (task_id,sprint_id, task_title, task_description, task_type, due_date, created_at) values (422,41, "Task no. 3", "Fish cherry lion zebra apple apple night queen snake river river penguin xylophone umbrella house monkey tiger xylophone island penguin.", "1", "2024-10-17 04:55:47", "2024-09-20 18:24:27");
insert into taskperform (task_id, user_id, created_at) values (422, 7, "2024-09-23 08:42:38");
insert into role (user_id, room_id, role_detail) values (2, 17, 2);
insert into message (user_id, room_id, message_detail, created_at) values (2, 17, "Cherry monkey monkey cherry queen house island dog xylophone jungle kangaroo jungle monkey monkey village jungle house grape cherry cherry dog queen monkey apple cherry village jungle.", "2024-01-10 22:42:10");
insert into message (user_id, room_id, message_detail, created_at) values (2, 17, "Snake whale river grape tiger island night xylophone monkey monkey whale umbrella.", "2024-01-08 15:18:04");
insert into message (user_id, room_id, message_detail, created_at) values (2, 17, "Penguin tiger night zebra river yacht umbrella jungle elephant fish dog.", "2024-10-02 16:40:42");
insert into message (user_id, room_id, message_detail, created_at) values (2, 17, "River banana cherry zebra kangaroo xylophone tiger yacht island snake grape whale fish island village banana jungle kangaroo lion tiger zebra lion cherry xylophone umbrella banana zebra elephant grape.", "2024-10-17 08:08:53");
insert into message (user_id, room_id, message_detail, created_at) values (2, 17, "Fish banana village penguin kangaroo elephant umbrella apple house dog elephant house lion lion fish umbrella.", "2024-01-24 05:27:19");
insert into message (user_id, room_id, message_detail, created_at) values (2, 17, "Fish dog ocean whale monkey grape fish grape grape cherry.", "2024-03-24 09:53:27");
insert into message (user_id, room_id, message_detail, created_at) values (2, 17, "Zebra dog night apple xylophone village lion monkey village whale umbrella queen umbrella.", "2024-10-21 20:16:13");
insert into message (user_id, room_id, message_detail, created_at) values (2, 17, "Elephant fish penguin ocean queen penguin fish island banana grape yacht cherry tiger.", "2024-05-21 15:03:49");
insert into message (user_id, room_id, message_detail, created_at) values (2, 17, "Zebra jungle apple banana ocean banana elephant fish banana river elephant monkey village snake.", "2024-03-08 09:53:35");
insert into task (task_id,sprint_id, task_title, task_description, task_type, due_date, created_at) values (423,40, "Task no. 4", "House ocean whale penguin whale whale lion zebra banana night river yacht penguin snake house snake cherry xylophone lion cherry apple village xylophone elephant banana island island.", "1", "2024-11-28 13:14:31", "2024-07-06 20:59:37");
insert into task (task_id,sprint_id, task_title, task_description, task_type, due_date, created_at) values (424,8, "Task no. 13", "Banana ocean tiger grape penguin yacht tiger river elephant elephant whale.", "2", "2024-11-25 13:03:24", "2024-11-01 01:25:20");
insert into taskperform (task_id, user_id, created_at) values (424, 2, "2024-11-05 02:25:59");
insert into task (task_id,sprint_id, task_title, task_description, task_type, due_date, created_at) values (425,26, "Task no. 5", "Ocean zebra dog lion queen monkey monkey cherry queen zebra river ocean umbrella village kangaroo umbrella umbrella cherry dog apple house.", "1", "2024-05-12 03:14:06", "2024-05-05 10:09:44");
insert into taskperform (task_id, user_id, created_at) values (425, 2, "2024-12-13 11:32:28");
insert into role (user_id, room_id, role_detail) values (5, 17, 3);
insert into message (user_id, room_id, message_detail, created_at) values (5, 17, "Ocean apple zebra elephant kangaroo zebra dog grape apple monkey snake island zebra jungle snake yacht village umbrella penguin village snake.", "2024-10-09 03:45:22");
insert into message (user_id, room_id, message_detail, created_at) values (5, 17, "Monkey whale fish cherry banana snake dog whale cherry zebra umbrella banana tiger house night yacht night umbrella ocean.", "2024-02-05 16:22:52");
insert into message (user_id, room_id, message_detail, created_at) values (5, 17, "Umbrella grape zebra yacht grape jungle yacht grape night zebra umbrella tiger dog cherry apple ocean xylophone house penguin xylophone elephant banana grape.", "2024-04-26 01:39:01");
insert into message (user_id, room_id, message_detail, created_at) values (5, 17, "Lion penguin kangaroo jungle apple queen xylophone lion island yacht apple house island yacht village night apple yacht dog snake queen snake yacht cherry umbrella village jungle zebra zebra xylophone.", "2024-01-25 17:02:49");
insert into message (user_id, room_id, message_detail, created_at) values (5, 17, "Kangaroo banana island river kangaroo jungle house tiger ocean ocean jungle grape elephant snake queen ocean night elephant dog dog house.", "2024-06-16 00:04:36");
insert into message (user_id, room_id, message_detail, created_at) values (5, 17, "Night yacht tiger lion xylophone tiger whale village penguin night snake monkey grape queen dog whale apple house night house night umbrella whale ocean monkey cherry elephant jungle river.", "2024-09-04 02:54:35");
insert into message (user_id, room_id, message_detail, created_at) values (5, 17, "Yacht snake grape house jungle xylophone cherry night monkey night fish yacht village kangaroo snake banana grape island tiger dog dog river kangaroo.", "2024-07-03 10:44:10");
insert into message (user_id, room_id, message_detail, created_at) values (5, 17, "Kangaroo cherry snake queen elephant banana grape island fish dog island queen jungle queen.", "2024-07-11 14:52:42");
insert into message (user_id, room_id, message_detail, created_at) values (5, 17, "Zebra snake village house zebra jungle banana grape tiger banana jungle.", "2024-10-10 14:48:35");
insert into task (task_id,sprint_id, task_title, task_description, task_type, due_date, created_at) values (426,55, "Task no. 2", "Zebra fish dog banana snake house apple grape umbrella penguin grape house house banana xylophone monkey.", "1", "2024-09-28 17:36:45", "2024-08-16 19:18:18");
insert into taskperform (task_id, user_id, created_at) values (426, 5, "2024-11-21 17:08:25");
insert into task (task_id,sprint_id, task_title, task_description, task_type, due_date, created_at) values (427,39, "Task no. 3", "Lion village apple yacht snake elephant jungle xylophone grape zebra monkey kangaroo.", "4", "2024-09-18 18:18:17", "2024-08-29 06:32:19");
insert into taskperform (task_id, user_id, created_at) values (427, 5, "2024-12-13 00:39:17");
insert into task (task_id,sprint_id, task_title, task_description, task_type, due_date, created_at) values (428,12, "Task no. 8", "River ocean kangaroo ocean tiger apple apple house banana jungle yacht ocean queen queen grape lion dog xylophone lion ocean.", "5", "2024-09-04 23:39:38", "2024-06-09 23:31:37");
insert into taskperform (task_id, user_id, created_at) values (428, 5, "2024-10-18 19:41:32");
insert into role (user_id, room_id, role_detail) values (3, 17, 3);
insert into message (user_id, room_id, message_detail, created_at) values (3, 17, "Ocean elephant elephant penguin grape village xylophone banana house elephant island island fish lion fish kangaroo.", "2024-12-01 18:33:25");
insert into task (task_id,sprint_id, task_title, task_description, task_type, due_date, created_at) values (429,18, "Task no. 8", "Monkey fish grape dog dog queen night grape tiger village grape banana night umbrella xylophone house snake snake village elephant whale.", "1", "2024-10-13 10:30:47", "2024-02-08 08:47:36");
insert into taskperform (task_id, user_id, created_at) values (429, 3, "2024-10-13 12:00:27");
insert into task (task_id,sprint_id, task_title, task_description, task_type, due_date, created_at) values (430,17, "Task no. 14", "Lion cherry whale night banana monkey island elephant snake night banana queen queen tiger lion island kangaroo fish tiger queen penguin whale kangaroo elephant banana cherry yacht house.", "5", "2024-10-19 01:33:05", "2024-09-15 14:32:58");
insert into taskperform (task_id, user_id, created_at) values (430, 3, "2024-11-30 18:44:53");
insert into role (user_id, room_id, role_detail) values (8, 17, 2);
insert into message (user_id, room_id, message_detail, created_at) values (8, 17, "Tiger elephant kangaroo yacht dog yacht river umbrella yacht river night village elephant jungle elephant elephant xylophone fish elephant dog village house banana snake xylophone cherry.", "2024-08-13 02:41:04");
insert into message (user_id, room_id, message_detail, created_at) values (8, 17, "Banana elephant island elephant umbrella grape apple house xylophone house banana banana yacht elephant tiger yacht cherry yacht elephant elephant grape grape night jungle lion kangaroo jungle village dog.", "2024-03-01 00:13:56");
insert into message (user_id, room_id, message_detail, created_at) values (8, 17, "Yacht ocean yacht night tiger kangaroo house village yacht tiger island dog.", "2023-12-29 16:27:09");
insert into message (user_id, room_id, message_detail, created_at) values (8, 17, "Zebra xylophone grape whale yacht elephant kangaroo cherry cherry grape queen dog tiger banana monkey penguin zebra queen grape banana.", "2024-02-29 02:24:57");
insert into message (user_id, room_id, message_detail, created_at) values (8, 17, "Grape monkey yacht apple apple fish yacht dog river island xylophone fish zebra whale kangaroo zebra snake night elephant house island tiger xylophone river river cherry zebra river jungle.", "2024-09-18 13:15:47");
insert into message (user_id, room_id, message_detail, created_at) values (8, 17, "Lion village ocean village zebra kangaroo jungle penguin house penguin island monkey yacht penguin tiger fish river jungle grape whale monkey lion house whale snake apple ocean monkey.", "2024-04-25 06:11:44");
insert into message (user_id, room_id, message_detail, created_at) values (8, 17, "Island xylophone whale xylophone house yacht village xylophone whale apple cherry elephant.", "2024-02-20 18:58:53");
insert into message (user_id, room_id, message_detail, created_at) values (8, 17, "Monkey tiger jungle river cherry village snake monkey fish whale elephant yacht house queen xylophone dog tiger monkey queen elephant dog zebra house zebra lion island island river.", "2024-11-06 23:14:32");
insert into message (user_id, room_id, message_detail, created_at) values (8, 17, "Snake ocean elephant whale night grape whale house river dog penguin house apple village grape penguin grape river tiger ocean umbrella zebra ocean tiger grape village lion house.", "2024-06-03 08:43:31");
insert into message (user_id, room_id, message_detail, created_at) values (8, 17, "Jungle fish whale umbrella xylophone house monkey night tiger whale penguin elephant zebra elephant whale village river grape dog grape lion cherry elephant.", "2024-08-20 01:05:42");
insert into message (user_id, room_id, message_detail, created_at) values (8, 17, "Queen village lion island lion penguin river lion jungle tiger banana jungle grape island river ocean monkey house penguin village.", "2024-07-16 04:55:29");
insert into task (task_id,sprint_id, task_title, task_description, task_type, due_date, created_at) values (431,70, "Task no. 1", "Island cherry banana banana elephant night umbrella tiger night house monkey whale queen kangaroo ocean river zebra queen night queen tiger penguin jungle penguin village zebra.", "1", "2024-11-19 23:15:19", "2024-10-09 01:11:59");
insert into taskperform (task_id, user_id, created_at) values (431, 8, "2024-11-02 13:14:28");
insert into role (user_id, room_id, role_detail) values (1, 17, 3);
insert into message (user_id, room_id, message_detail, created_at) values (1, 17, "Night tiger island island kangaroo grape village banana cherry yacht grape zebra umbrella cherry banana.", "2024-09-28 00:05:54");
insert into message (user_id, room_id, message_detail, created_at) values (1, 17, "Jungle yacht banana kangaroo island night kangaroo island island dog tiger.", "2024-07-18 09:03:26");
insert into message (user_id, room_id, message_detail, created_at) values (1, 17, "Banana banana kangaroo fish river yacht apple whale banana village grape yacht grape grape monkey river.", "2024-09-30 03:26:46");
insert into message (user_id, room_id, message_detail, created_at) values (1, 17, "House jungle zebra river xylophone banana tiger elephant cherry fish banana elephant apple night whale elephant zebra kangaroo village cherry house xylophone xylophone kangaroo umbrella tiger fish.", "2023-12-28 21:39:56");
insert into message (user_id, room_id, message_detail, created_at) values (1, 17, "Umbrella elephant lion river house kangaroo grape whale whale dog village house grape river zebra queen apple dog ocean night house umbrella kangaroo apple village queen river xylophone.", "2024-01-25 08:56:46");
insert into message (user_id, room_id, message_detail, created_at) values (1, 17, "Zebra banana grape lion lion river whale zebra fish apple cherry.", "2024-07-12 12:13:21");
insert into task (task_id,sprint_id, task_title, task_description, task_type, due_date, created_at) values (432,26, "Task no. 6", "Xylophone fish zebra tiger dog kangaroo island jungle night apple kangaroo xylophone xylophone night.", "1", "2024-06-27 21:42:36", "2024-05-18 08:35:47");
insert into taskperform (task_id, user_id, created_at) values (432, 1, "2024-07-07 22:27:45");
insert into task (task_id,sprint_id, task_title, task_description, task_type, due_date, created_at) values (433,34, "Task no. 5", "Banana dog house night whale snake xylophone yacht apple banana monkey grape village apple yacht apple.", "3", "2024-11-25 17:57:44", "2024-10-25 12:24:05");
insert into taskperform (task_id, user_id, created_at) values (433, 1, "2024-11-17 15:27:33");
insert into task (task_id,sprint_id, task_title, task_description, task_type, due_date, created_at) values (434,7, "Task no. 15", "Xylophone ocean lion village banana xylophone tiger xylophone tiger river village night queen xylophone elephant cherry island whale penguin river fish cherry snake island whale kangaroo village elephant banana umbrella.", "5", "2024-06-18 05:36:10", "2024-04-17 19:39:07");
insert into taskperform (task_id, user_id, created_at) values (434, 1, "2024-09-01 19:45:26");
insert into task (task_id,sprint_id, task_title, task_description, task_type, due_date, created_at) values (435,6, "Task no. 18", "Dog apple xylophone dog whale fish tiger jungle monkey yacht elephant ocean elephant queen queen snake monkey house.", "5", "2024-07-23 10:39:57", "2024-07-19 17:43:11");
insert into role (user_id, room_id, role_detail) values (6, 17, 2);
insert into message (user_id, room_id, message_detail, created_at) values (6, 17, "Snake jungle penguin fish snake fish grape zebra yacht dog umbrella penguin banana elephant village lion apple cherry xylophone.", "2024-04-10 10:33:14");
insert into message (user_id, room_id, message_detail, created_at) values (6, 17, "Tiger cherry whale dog jungle snake zebra queen river island grape dog tiger ocean umbrella banana umbrella apple.", "2024-10-08 04:53:14");
insert into message (user_id, room_id, message_detail, created_at) values (6, 17, "Island umbrella elephant ocean snake penguin apple kangaroo tiger penguin island zebra dog fish whale island island village lion jungle snake grape snake yacht village kangaroo elephant snake dog penguin.", "2024-08-24 17:56:54");
insert into message (user_id, room_id, message_detail, created_at) values (6, 17, "Village queen island dog snake cherry lion island house monkey whale grape banana ocean village jungle tiger lion house fish zebra penguin house.", "2024-03-25 14:47:10");
insert into message (user_id, room_id, message_detail, created_at) values (6, 17, "Queen cherry elephant penguin elephant house river queen river kangaroo snake island banana dog xylophone island yacht jungle island umbrella.", "2024-04-23 03:50:34");
insert into message (user_id, room_id, message_detail, created_at) values (6, 17, "Xylophone tiger xylophone umbrella ocean village apple grape island grape apple penguin tiger island lion monkey penguin elephant tiger xylophone.", "2024-10-12 04:08:08");
insert into message (user_id, room_id, message_detail, created_at) values (6, 17, "Village monkey monkey elephant penguin zebra yacht whale whale penguin village apple.", "2024-03-20 20:48:49");
insert into message (user_id, room_id, message_detail, created_at) values (6, 17, "Umbrella cherry jungle queen grape village grape village grape cherry apple grape zebra snake village night whale snake river snake village house fish house queen.", "2024-11-05 01:14:31");
insert into message (user_id, room_id, message_detail, created_at) values (6, 17, "Night banana kangaroo elephant island queen dog umbrella apple penguin penguin yacht island.", "2024-08-20 12:34:42");
insert into message (user_id, room_id, message_detail, created_at) values (6, 17, "Dog kangaroo monkey grape whale cherry island monkey lion lion dog penguin monkey queen penguin apple whale yacht umbrella tiger zebra lion river umbrella xylophone monkey elephant fish.", "2024-03-13 17:26:51");
insert into message (user_id, room_id, message_detail, created_at) values (6, 17, "Apple snake penguin house jungle queen penguin banana elephant queen jungle river lion tiger umbrella village whale banana village cherry grape cherry banana dog.", "2024-03-08 00:06:22");
insert into sprint (room_id, sprint_name, created_at) values (18, "Sprint no. 1" , "2024-10-15 04:47:00");
insert into sprint (room_id, sprint_name, created_at) values (18, "Sprint no. 2" , "2024-10-18 13:09:30");
insert into role (user_id, room_id, role_detail) values (4, 18, 1);
insert into message (user_id, room_id, message_detail, created_at) values (4, 18, "Zebra snake grape snake queen umbrella zebra river kangaroo whale river river house night banana dog river yacht grape night village village cherry apple.", "2024-10-11 12:20:10");
insert into message (user_id, room_id, message_detail, created_at) values (4, 18, "Snake penguin yacht dog monkey dog ocean queen penguin umbrella cherry ocean queen tiger queen ocean banana yacht cherry whale grape.", "2024-08-14 18:51:27");
insert into message (user_id, room_id, message_detail, created_at) values (4, 18, "Dog kangaroo monkey house island island night banana house yacht cherry river banana apple penguin fish village.", "2024-06-02 23:51:21");
insert into message (user_id, room_id, message_detail, created_at) values (4, 18, "Apple apple yacht snake dog fish whale zebra dog yacht penguin banana banana elephant lion yacht.", "2024-07-03 13:10:08");
insert into message (user_id, room_id, message_detail, created_at) values (4, 18, "Jungle snake grape tiger monkey snake village monkey lion penguin island fish banana dog apple xylophone village island ocean whale apple jungle ocean house kangaroo elephant banana.", "2024-04-12 08:37:32");
insert into message (user_id, room_id, message_detail, created_at) values (4, 18, "Fish snake zebra ocean banana cherry penguin river river cherry monkey river grape penguin snake kangaroo penguin whale island tiger banana tiger house jungle.", "2024-07-15 19:07:44");
insert into message (user_id, room_id, message_detail, created_at) values (4, 18, "Fish elephant queen jungle lion xylophone monkey penguin banana whale apple queen elephant.", "2024-02-08 12:18:37");
insert into message (user_id, room_id, message_detail, created_at) values (4, 18, "Umbrella dog house night village cherry night grape island dog whale kangaroo grape banana house whale umbrella jungle lion dog cherry tiger yacht.", "2024-12-13 02:51:12");
insert into message (user_id, room_id, message_detail, created_at) values (4, 18, "Cherry elephant umbrella river cherry house elephant night kangaroo tiger snake fish cherry penguin kangaroo fish monkey.", "2024-09-22 16:41:35");
insert into message (user_id, room_id, message_detail, created_at) values (4, 18, "Elephant elephant tiger zebra house jungle island elephant elephant river snake island tiger whale tiger xylophone kangaroo xylophone elephant xylophone umbrella whale penguin penguin night night night apple banana.", "2024-06-08 13:36:18");
insert into message (user_id, room_id, message_detail, created_at) values (4, 18, "Penguin penguin zebra snake river island xylophone queen zebra ocean penguin.", "2024-08-04 23:55:57");
insert into message (user_id, room_id, message_detail, created_at) values (4, 18, "Island zebra jungle banana snake umbrella whale apple yacht xylophone elephant zebra queen penguin yacht apple apple jungle island island island cherry banana whale lion river whale penguin.", "2024-04-13 00:35:39");
insert into message (user_id, room_id, message_detail, created_at) values (4, 18, "Lion house tiger monkey queen island penguin umbrella grape zebra village night lion elephant monkey snake.", "2024-01-02 04:39:12");
insert into message (user_id, room_id, message_detail, created_at) values (4, 18, "Fish jungle banana night tiger ocean elephant lion house elephant whale jungle yacht fish yacht banana fish house night queen banana whale house banana.", "2024-09-06 03:01:18");
insert into message (user_id, room_id, message_detail, created_at) values (4, 18, "River dog snake penguin queen house whale fish jungle lion lion yacht village lion monkey xylophone banana queen river kangaroo zebra kangaroo jungle.", "2024-05-22 09:11:32");
insert into message (user_id, room_id, message_detail, created_at) values (4, 18, "Zebra lion island yacht umbrella banana dog kangaroo jungle dog snake monkey apple.", "2024-04-12 06:14:18");
insert into message (user_id, room_id, message_detail, created_at) values (4, 18, "Banana whale ocean night grape yacht river apple house elephant jungle penguin.", "2024-08-02 00:48:46");
insert into role (user_id, room_id, role_detail) values (6, 18, 2);
insert into message (user_id, room_id, message_detail, created_at) values (6, 18, "Whale cherry island grape penguin fish village snake grape apple queen yacht zebra house cherry lion lion dog elephant river grape apple.", "2024-08-03 07:13:03");
insert into message (user_id, room_id, message_detail, created_at) values (6, 18, "Elephant penguin umbrella zebra lion queen island village dog xylophone elephant house queen kangaroo zebra island lion.", "2024-10-05 19:56:52");
insert into message (user_id, room_id, message_detail, created_at) values (6, 18, "Tiger xylophone penguin fish umbrella river river cherry cherry monkey jungle kangaroo dog snake.", "2024-05-28 17:18:40");
insert into message (user_id, room_id, message_detail, created_at) values (6, 18, "Jungle lion fish apple queen fish lion queen river island dog tiger monkey fish cherry cherry lion snake tiger apple elephant xylophone.", "2024-02-13 12:41:46");
insert into message (user_id, room_id, message_detail, created_at) values (6, 18, "Lion jungle cherry ocean queen river night river jungle cherry apple monkey snake kangaroo snake kangaroo ocean lion xylophone xylophone jungle tiger jungle banana whale fish elephant banana elephant.", "2024-03-23 19:13:57");
insert into message (user_id, room_id, message_detail, created_at) values (6, 18, "Umbrella snake house house xylophone house umbrella penguin island apple umbrella village fish river umbrella apple penguin ocean fish ocean cherry river night village.", "2024-02-07 00:34:47");
insert into message (user_id, room_id, message_detail, created_at) values (6, 18, "Umbrella house village yacht cherry jungle banana grape lion apple grape ocean queen.", "2024-09-10 00:48:14");
insert into message (user_id, room_id, message_detail, created_at) values (6, 18, "Yacht yacht elephant penguin village umbrella house jungle night cherry penguin umbrella fish river grape.", "2024-06-17 22:00:47");
insert into message (user_id, room_id, message_detail, created_at) values (6, 18, "Fish lion umbrella whale lion lion elephant cherry ocean tiger yacht house snake dog queen dog tiger.", "2024-08-23 02:17:14");
insert into message (user_id, room_id, message_detail, created_at) values (6, 18, "Village apple dog house umbrella ocean tiger river kangaroo island queen yacht lion house elephant dog kangaroo lion dog queen kangaroo lion island xylophone night fish.", "2024-10-03 04:09:48");
insert into message (user_id, room_id, message_detail, created_at) values (6, 18, "Zebra island umbrella kangaroo river grape xylophone river house tiger tiger jungle island umbrella monkey xylophone fish.", "2024-09-14 09:40:19");
insert into message (user_id, room_id, message_detail, created_at) values (6, 18, "River night umbrella monkey kangaroo tiger umbrella fish elephant monkey river dog yacht umbrella penguin.", "2023-12-06 16:25:59");
insert into message (user_id, room_id, message_detail, created_at) values (6, 18, "Cherry umbrella zebra grape kangaroo elephant queen umbrella yacht apple kangaroo fish dog umbrella lion zebra elephant island.", "2024-03-06 04:37:24");
insert into task (task_id,sprint_id, task_title, task_description, task_type, due_date, created_at) values (436,22, "Task no. 7", "Zebra apple island cherry island lion tiger elephant river river house queen ocean snake house zebra island village elephant fish ocean xylophone elephant umbrella grape fish yacht.", "2", "2024-07-14 20:28:36", "2024-06-27 17:21:58");
insert into taskperform (task_id, user_id, created_at) values (436, 6, "2024-10-11 14:29:33");
insert into task (task_id,sprint_id, task_title, task_description, task_type, due_date, created_at) values (437,44, "Task no. 1", "Yacht dog banana xylophone ocean grape house fish queen apple kangaroo lion fish queen elephant cherry yacht whale elephant umbrella elephant grape whale night queen fish penguin.", "4", "2024-11-10 07:54:54", "2024-06-22 07:42:26");
insert into taskperform (task_id, user_id, created_at) values (437, 6, "2024-08-24 14:57:52");
insert into task (task_id,sprint_id, task_title, task_description, task_type, due_date, created_at) values (438,17, "Task no. 15", "Umbrella ocean monkey jungle kangaroo whale river snake lion whale island night grape cherry jungle night snake yacht lion snake snake kangaroo queen elephant penguin.", "5", "2024-10-01 03:57:23", "2024-08-21 12:45:03");
insert into taskperform (task_id, user_id, created_at) values (438, 6, "2024-09-29 21:05:11");
insert into role (user_id, room_id, role_detail) values (7, 18, 2);
insert into message (user_id, room_id, message_detail, created_at) values (7, 18, "Elephant lion kangaroo queen fish tiger kangaroo jungle umbrella penguin dog ocean jungle village elephant banana fish xylophone yacht snake zebra jungle jungle grape ocean tiger river lion.", "2024-05-02 11:25:31");
insert into message (user_id, room_id, message_detail, created_at) values (7, 18, "Kangaroo xylophone umbrella apple queen grape river penguin grape fish yacht cherry kangaroo night apple grape.", "2024-05-03 14:43:23");
insert into message (user_id, room_id, message_detail, created_at) values (7, 18, "Fish kangaroo zebra grape yacht snake kangaroo dog monkey fish.", "2024-06-02 00:04:27");
insert into message (user_id, room_id, message_detail, created_at) values (7, 18, "Banana snake tiger house banana village dog tiger snake grape dog whale village elephant queen grape village penguin cherry fish house village snake house house snake zebra lion river.", "2024-06-01 08:06:33");
insert into message (user_id, room_id, message_detail, created_at) values (7, 18, "River banana village river house grape jungle cherry monkey river grape island lion.", "2024-02-18 06:46:32");
insert into message (user_id, room_id, message_detail, created_at) values (7, 18, "Snake night night queen apple tiger river kangaroo island grape snake.", "2024-01-24 11:43:47");
insert into message (user_id, room_id, message_detail, created_at) values (7, 18, "Elephant fish fish island island banana kangaroo grape monkey night village banana fish night night lion grape.", "2024-09-10 18:40:22");
insert into message (user_id, room_id, message_detail, created_at) values (7, 18, "Jungle lion queen village xylophone zebra banana snake village tiger elephant whale penguin snake dog penguin kangaroo queen zebra island zebra yacht umbrella night umbrella penguin.", "2024-09-07 06:34:34");
insert into message (user_id, room_id, message_detail, created_at) values (7, 18, "Queen elephant house fish tiger snake zebra xylophone dog ocean whale.", "2024-08-29 21:23:07");
insert into message (user_id, room_id, message_detail, created_at) values (7, 18, "Snake snake lion yacht kangaroo night cherry elephant kangaroo tiger snake elephant river dog island lion snake cherry apple elephant lion ocean umbrella.", "2024-01-19 13:58:59");
insert into message (user_id, room_id, message_detail, created_at) values (7, 18, "Snake monkey apple whale elephant tiger ocean apple grape queen ocean umbrella tiger umbrella banana lion queen.", "2024-11-13 12:59:42");
insert into message (user_id, room_id, message_detail, created_at) values (7, 18, "Fish whale cherry jungle zebra village island jungle jungle lion grape snake dog tiger ocean monkey yacht snake river yacht jungle island zebra zebra banana.", "2024-10-11 01:01:05");
insert into message (user_id, room_id, message_detail, created_at) values (7, 18, "Fish umbrella dog cherry kangaroo queen whale river fish jungle queen river umbrella lion.", "2024-08-06 12:27:43");
insert into message (user_id, room_id, message_detail, created_at) values (7, 18, "Elephant house umbrella penguin monkey lion grape elephant cherry banana apple elephant tiger kangaroo house lion house lion zebra whale.", "2024-07-25 19:42:32");
insert into message (user_id, room_id, message_detail, created_at) values (7, 18, "Kangaroo xylophone house kangaroo island banana umbrella night house apple queen monkey village fish village snake grape monkey apple queen.", "2024-01-20 20:10:54");
insert into message (user_id, room_id, message_detail, created_at) values (7, 18, "River lion lion banana penguin elephant apple ocean lion penguin ocean ocean zebra queen apple island village umbrella xylophone xylophone cherry xylophone ocean dog apple fish queen xylophone xylophone penguin.", "2024-09-09 10:44:18");
insert into task (task_id,sprint_id, task_title, task_description, task_type, due_date, created_at) values (439,70, "Task no. 2", "Elephant ocean apple monkey night house xylophone village xylophone monkey.", "1", "2023-12-29 20:57:48", "2023-12-18 19:15:35");
insert into task (task_id,sprint_id, task_title, task_description, task_type, due_date, created_at) values (440,31, "Task no. 2", "Night jungle grape lion whale night island fish village ocean river night house lion grape umbrella dog fish ocean snake zebra lion umbrella dog.", "3", "2024-09-14 03:15:07", "2024-02-16 23:15:29");
insert into taskperform (task_id, user_id, created_at) values (440, 7, "2024-05-08 19:44:41");
insert into task (task_id,sprint_id, task_title, task_description, task_type, due_date, created_at) values (441,50, "Task no. 3", "Yacht night kangaroo monkey lion house yacht ocean yacht monkey fish xylophone xylophone penguin kangaroo.", "2", "2024-06-03 08:51:00", "2024-02-28 21:12:00");
insert into taskperform (task_id, user_id, created_at) values (441, 7, "2024-05-11 14:47:13");
insert into task (task_id,sprint_id, task_title, task_description, task_type, due_date, created_at) values (442,57, "Task no. 1", "Island yacht penguin island ocean fish house elephant banana island fish grape village tiger kangaroo river lion village banana apple.", "3", "2024-11-04 09:19:41", "2024-10-16 00:42:43");
insert into task (task_id,sprint_id, task_title, task_description, task_type, due_date, created_at) values (443,36, "Task no. 5", "Umbrella cherry house cherry whale banana river fish penguin grape monkey grape ocean night whale village snake xylophone jungle xylophone umbrella jungle apple xylophone night.", "6", "2024-11-26 22:50:07", "2024-02-16 20:08:36");
insert into taskperform (task_id, user_id, created_at) values (443, 7, "2024-06-12 00:06:42");
insert into task (task_id,sprint_id, task_title, task_description, task_type, due_date, created_at) values (444,70, "Task no. 3", "Cherry yacht queen cherry house island jungle whale fish village kangaroo fish yacht whale snake penguin cherry elephant kangaroo apple.", "4", "2024-10-17 06:29:00", "2024-09-05 03:18:18");
insert into taskperform (task_id, user_id, created_at) values (444, 7, "2024-10-30 11:18:14");
insert into task (task_id,sprint_id, task_title, task_description, task_type, due_date, created_at) values (445,71, "Task no. 1", "Queen elephant whale cherry monkey umbrella kangaroo lion elephant ocean xylophone elephant yacht dog grape elephant ocean fish cherry snake yacht village zebra snake jungle dog jungle lion snake zebra.", "5", "2024-06-29 05:06:42", "2024-02-09 04:12:23");
insert into taskperform (task_id, user_id, created_at) values (445, 7, "2024-02-17 04:11:52");
insert into role (user_id, room_id, role_detail) values (3, 18, 3);
insert into message (user_id, room_id, message_detail, created_at) values (3, 18, "Ocean banana apple umbrella zebra queen dog fish lion tiger house umbrella ocean apple apple kangaroo kangaroo house tiger whale.", "2024-12-11 00:54:36");
insert into message (user_id, room_id, message_detail, created_at) values (3, 18, "Island monkey elephant apple elephant ocean fish island island zebra ocean monkey penguin island penguin.", "2024-11-14 22:38:59");
insert into message (user_id, room_id, message_detail, created_at) values (3, 18, "Zebra tiger jungle monkey queen umbrella dog dog island apple kangaroo umbrella whale lion village river house.", "2024-06-02 17:07:47");
insert into message (user_id, room_id, message_detail, created_at) values (3, 18, "Monkey grape kangaroo night monkey snake island whale snake island dog kangaroo umbrella dog river.", "2024-09-27 18:56:42");
insert into message (user_id, room_id, message_detail, created_at) values (3, 18, "Island house kangaroo whale grape snake yacht ocean grape grape whale village queen grape grape umbrella village elephant grape.", "2024-08-03 07:09:10");
insert into message (user_id, room_id, message_detail, created_at) values (3, 18, "Umbrella xylophone apple elephant umbrella island whale yacht zebra village dog lion river penguin grape ocean village whale dog dog grape.", "2024-11-11 11:13:46");
insert into message (user_id, room_id, message_detail, created_at) values (3, 18, "Banana lion zebra banana banana cherry house cherry house whale island umbrella banana lion penguin elephant xylophone banana ocean jungle penguin xylophone river queen queen night fish zebra grape fish.", "2024-04-03 22:22:40");
insert into message (user_id, room_id, message_detail, created_at) values (3, 18, "Zebra tiger elephant snake queen river snake river lion whale.", "2024-04-02 10:43:35");
insert into message (user_id, room_id, message_detail, created_at) values (3, 18, "Lion whale night whale penguin queen whale dog fish grape house kangaroo lion snake snake penguin island house.", "2024-09-24 04:40:57");
insert into message (user_id, room_id, message_detail, created_at) values (3, 18, "Kangaroo night umbrella kangaroo queen grape tiger whale river island night river queen grape.", "2024-03-31 22:47:57");
insert into message (user_id, room_id, message_detail, created_at) values (3, 18, "Kangaroo river yacht elephant tiger cherry house monkey monkey zebra penguin elephant house apple banana house queen fish river kangaroo whale penguin lion whale elephant yacht snake penguin.", "2024-03-10 05:37:22");
insert into message (user_id, room_id, message_detail, created_at) values (3, 18, "House yacht yacht queen apple grape queen elephant night fish night elephant fish queen grape banana elephant dog jungle house ocean lion umbrella dog night banana zebra river night kangaroo.", "2024-10-30 13:07:00");
insert into task (task_id,sprint_id, task_title, task_description, task_type, due_date, created_at) values (446,6, "Task no. 19", "Village penguin kangaroo grape penguin ocean grape lion penguin banana lion grape yacht dog night elephant apple umbrella.", "6", "2024-11-23 05:38:00", "2024-06-08 03:31:40");
insert into task (task_id,sprint_id, task_title, task_description, task_type, due_date, created_at) values (447,29, "Task no. 3", "Fish dog elephant apple village grape dog grape ocean lion.", "2", "2024-11-02 01:56:29", "2024-10-18 16:32:48");
insert into taskperform (task_id, user_id, created_at) values (447, 3, "2024-10-27 16:38:59");
insert into task (task_id,sprint_id, task_title, task_description, task_type, due_date, created_at) values (448,60, "Task no. 3", "Lion lion kangaroo grape zebra umbrella village whale queen dog umbrella lion river whale fish grape whale jungle night.", "1", "2024-10-13 00:03:04", "2024-04-18 03:03:38");
insert into taskperform (task_id, user_id, created_at) values (448, 3, "2024-10-08 03:39:16");
insert into task (task_id,sprint_id, task_title, task_description, task_type, due_date, created_at) values (449,73, "Task no. 1", "Cherry monkey monkey yacht river island xylophone apple monkey dog yacht umbrella yacht elephant.", "2", "2024-11-17 11:08:49", "2024-10-08 00:56:40");
insert into taskperform (task_id, user_id, created_at) values (449, 3, "2024-10-10 00:27:49");
insert into task (task_id,sprint_id, task_title, task_description, task_type, due_date, created_at) values (450,23, "Task no. 12", "Whale snake snake dog banana xylophone river house elephant river apple.", "3", "2024-11-20 01:49:45", "2023-12-24 21:40:12");
insert into task (task_id,sprint_id, task_title, task_description, task_type, due_date, created_at) values (451,54, "Task no. 2", "Fish whale tiger banana cherry penguin house xylophone penguin queen.", "5", "2024-03-28 16:28:45", "2023-12-03 08:32:03");
insert into taskperform (task_id, user_id, created_at) values (451, 3, "2024-08-20 18:37:52");
insert into task (task_id,sprint_id, task_title, task_description, task_type, due_date, created_at) values (452,46, "Task no. 8", "Monkey yacht zebra grape river village whale snake river night river island penguin banana whale ocean lion whale village island grape village fish dog fish umbrella queen house whale village.", "3", "2024-12-04 22:43:37", "2024-05-22 16:25:58");
insert into taskperform (task_id, user_id, created_at) values (452, 3, "2024-08-09 14:03:44");
insert into task (task_id,sprint_id, task_title, task_description, task_type, due_date, created_at) values (453,6, "Task no. 20", "Queen monkey night xylophone apple house kangaroo night banana xylophone river fish village night banana elephant tiger village.", "4", "2024-11-18 04:12:36", "2024-05-22 14:21:32");
insert into task (task_id,sprint_id, task_title, task_description, task_type, due_date, created_at) values (454,31, "Task no. 3", "Queen river monkey xylophone village island banana apple river jungle umbrella tiger ocean fish house tiger.", "5", "2024-10-06 18:00:33", "2024-09-06 02:54:10");
insert into taskperform (task_id, user_id, created_at) values (454, 3, "2024-11-06 05:32:52");
insert into role (user_id, room_id, role_detail) values (2, 18, 3);
insert into message (user_id, room_id, message_detail, created_at) values (2, 18, "Elephant jungle penguin dog yacht queen jungle lion whale monkey night kangaroo village.", "2024-03-15 17:02:48");
insert into message (user_id, room_id, message_detail, created_at) values (2, 18, "Lion zebra lion village tiger lion whale penguin night grape snake whale umbrella elephant grape fish penguin banana.", "2024-11-15 05:33:55");
insert into message (user_id, room_id, message_detail, created_at) values (2, 18, "River fish penguin kangaroo whale ocean fish kangaroo village queen whale tiger zebra elephant kangaroo zebra tiger queen yacht jungle dog penguin jungle yacht.", "2024-03-23 00:21:27");
insert into message (user_id, room_id, message_detail, created_at) values (2, 18, "River island monkey yacht zebra snake kangaroo river xylophone village cherry lion kangaroo zebra umbrella fish village house jungle ocean jungle umbrella monkey yacht whale.", "2024-02-10 17:35:00");
insert into message (user_id, room_id, message_detail, created_at) values (2, 18, "Kangaroo elephant umbrella zebra island yacht xylophone jungle penguin penguin yacht house.", "2024-11-04 11:37:16");
insert into message (user_id, room_id, message_detail, created_at) values (2, 18, "Monkey whale village queen kangaroo cherry queen queen cherry house fish snake jungle lion jungle night elephant tiger kangaroo umbrella fish river zebra jungle apple jungle house whale grape.", "2024-07-01 09:16:27");
insert into message (user_id, room_id, message_detail, created_at) values (2, 18, "River umbrella island fish umbrella fish cherry snake banana lion tiger queen river fish grape.", "2024-05-16 06:54:39");
insert into message (user_id, room_id, message_detail, created_at) values (2, 18, "Island apple elephant zebra cherry yacht village grape jungle river house apple monkey umbrella yacht village ocean umbrella whale banana jungle monkey island night banana island grape village.", "2024-04-21 00:29:56");
insert into message (user_id, room_id, message_detail, created_at) values (2, 18, "Banana dog jungle zebra banana banana umbrella zebra banana fish xylophone grape ocean night elephant banana ocean whale penguin river village village tiger.", "2024-10-08 07:55:50");
insert into message (user_id, room_id, message_detail, created_at) values (2, 18, "Lion island jungle tiger jungle whale night elephant village fish banana kangaroo banana.", "2024-05-14 20:19:11");
insert into message (user_id, room_id, message_detail, created_at) values (2, 18, "Dog river queen island monkey whale apple village island ocean umbrella xylophone ocean apple snake kangaroo yacht kangaroo grape apple grape snake jungle penguin ocean snake river island.", "2024-10-23 21:17:49");
insert into message (user_id, room_id, message_detail, created_at) values (2, 18, "Zebra lion ocean grape jungle tiger apple ocean snake elephant village elephant fish banana ocean jungle penguin grape banana yacht umbrella.", "2024-03-11 08:35:29");
insert into message (user_id, room_id, message_detail, created_at) values (2, 18, "Banana lion umbrella banana jungle umbrella monkey island elephant fish dog village monkey island apple village elephant umbrella banana penguin village banana xylophone monkey dog elephant village monkey jungle.", "2024-08-12 13:42:46");
insert into message (user_id, room_id, message_detail, created_at) values (2, 18, "Xylophone elephant fish monkey banana yacht whale yacht cherry night tiger house tiger umbrella snake whale queen cherry cherry monkey umbrella.", "2024-06-15 04:45:13");
insert into message (user_id, room_id, message_detail, created_at) values (2, 18, "Fish penguin kangaroo house yacht banana grape snake whale umbrella ocean house lion tiger apple river yacht fish dog xylophone village dog.", "2024-07-11 06:42:32");
insert into message (user_id, room_id, message_detail, created_at) values (2, 18, "Zebra house river whale yacht yacht snake fish umbrella banana night ocean fish cherry kangaroo cherry kangaroo apple.", "2023-12-26 16:51:35");
insert into message (user_id, room_id, message_detail, created_at) values (2, 18, "Penguin elephant banana lion xylophone tiger whale queen village jungle xylophone house zebra dog elephant lion lion river.", "2024-03-02 05:00:59");
insert into message (user_id, room_id, message_detail, created_at) values (2, 18, "Dog apple monkey village ocean night kangaroo monkey tiger jungle river penguin cherry river house whale fish grape fish night elephant cherry dog village yacht zebra.", "2024-08-11 11:18:06");
insert into message (user_id, room_id, message_detail, created_at) values (2, 18, "Dog penguin umbrella village apple tiger queen elephant island village penguin night banana dog night apple village jungle banana.", "2024-02-15 21:30:39");
insert into task (task_id,sprint_id, task_title, task_description, task_type, due_date, created_at) values (455,30, "Task no. 5", "Elephant monkey night elephant penguin apple banana yacht snake fish queen penguin village monkey xylophone house grape night yacht yacht cherry.", "6", "2024-10-15 10:21:41", "2024-06-16 04:42:24");
insert into taskperform (task_id, user_id, created_at) values (455, 2, "2024-12-13 10:21:00");
insert into role (user_id, room_id, role_detail) values (5, 18, 3);
insert into message (user_id, room_id, message_detail, created_at) values (5, 18, "Monkey fish village kangaroo night village tiger xylophone monkey cherry lion night.", "2024-01-12 03:28:45");
insert into message (user_id, room_id, message_detail, created_at) values (5, 18, "Lion tiger umbrella ocean lion ocean village queen umbrella snake grape snake monkey river queen tiger monkey lion tiger lion night cherry lion cherry yacht umbrella.", "2024-07-14 00:43:12");
insert into message (user_id, room_id, message_detail, created_at) values (5, 18, "Island island tiger snake apple ocean banana lion apple banana house queen village grape banana grape snake village banana.", "2024-03-20 17:19:17");
insert into message (user_id, room_id, message_detail, created_at) values (5, 18, "Monkey jungle fish yacht grape whale night umbrella zebra umbrella ocean queen cherry kangaroo dog monkey penguin dog river island zebra elephant apple apple umbrella yacht snake apple ocean village.", "2024-06-05 21:03:20");
insert into message (user_id, room_id, message_detail, created_at) values (5, 18, "Lion jungle island elephant banana lion fish lion yacht village xylophone island jungle umbrella tiger whale monkey umbrella island grape apple house queen tiger zebra queen river monkey whale.", "2024-08-19 06:40:45");
insert into message (user_id, room_id, message_detail, created_at) values (5, 18, "Island penguin village monkey umbrella jungle kangaroo river ocean jungle grape village.", "2024-09-23 22:17:09");
insert into message (user_id, room_id, message_detail, created_at) values (5, 18, "River night ocean lion jungle banana jungle xylophone kangaroo xylophone.", "2024-02-15 01:44:56");
insert into message (user_id, room_id, message_detail, created_at) values (5, 18, "Tiger snake whale fish night house house zebra cherry kangaroo.", "2024-01-09 11:18:33");
insert into message (user_id, room_id, message_detail, created_at) values (5, 18, "Cherry fish xylophone island grape house penguin snake island ocean dog xylophone whale grape river ocean island kangaroo island banana cherry village tiger grape xylophone zebra umbrella.", "2024-04-20 14:07:14");
insert into message (user_id, room_id, message_detail, created_at) values (5, 18, "Xylophone yacht snake jungle queen jungle village xylophone village elephant.", "2024-08-29 01:12:04");
insert into message (user_id, room_id, message_detail, created_at) values (5, 18, "Jungle queen monkey xylophone snake house ocean kangaroo ocean penguin apple xylophone night zebra ocean cherry snake cherry night banana penguin village night banana yacht monkey yacht.", "2024-04-24 00:46:00");
insert into message (user_id, room_id, message_detail, created_at) values (5, 18, "House snake village jungle house kangaroo fish dog village whale apple tiger island grape jungle ocean queen monkey island queen banana whale.", "2024-03-28 14:32:14");
insert into message (user_id, room_id, message_detail, created_at) values (5, 18, "Dog zebra night house night xylophone snake umbrella zebra river ocean river apple dog whale yacht umbrella snake umbrella xylophone apple jungle island river kangaroo banana umbrella lion penguin.", "2024-09-16 14:24:01");
insert into message (user_id, room_id, message_detail, created_at) values (5, 18, "Whale house umbrella whale yacht zebra river grape ocean yacht elephant whale grape island village grape xylophone dog banana elephant island fish river dog xylophone cherry elephant cherry village grape.", "2024-12-02 14:10:56");
insert into task (task_id,sprint_id, task_title, task_description, task_type, due_date, created_at) values (456,61, "Task no. 1", "Fish night lion fish river dog whale queen grape cherry penguin queen banana yacht monkey island zebra tiger lion.", "2", "2024-10-30 20:24:19", "2024-10-04 07:53:17");
insert into taskperform (task_id, user_id, created_at) values (456, 5, "2024-10-18 14:21:16");
insert into task (task_id,sprint_id, task_title, task_description, task_type, due_date, created_at) values (457,38, "Task no. 2", "Monkey monkey island yacht elephant yacht village ocean apple queen kangaroo umbrella.", "3", "2024-07-22 21:59:43", "2024-07-13 17:11:28");
insert into taskperform (task_id, user_id, created_at) values (457, 5, "2024-09-19 20:43:57");
insert into sprint (room_id, sprint_name, created_at) values (19, "Sprint no. 1" , "2024-12-06 09:15:24");
insert into sprint (room_id, sprint_name, created_at) values (19, "Sprint no. 2" , "2024-12-10 16:29:35");
insert into sprint (room_id, sprint_name, created_at) values (19, "Sprint no. 3" , "2024-12-11 19:21:25");
insert into sprint (room_id, sprint_name, created_at) values (19, "Sprint no. 4" , "2024-12-14 08:39:43");
insert into role (user_id, room_id, role_detail) values (6, 19, 1);
insert into message (user_id, room_id, message_detail, created_at) values (6, 19, "Lion banana yacht lion queen apple grape house island cherry cherry island zebra fish snake night elephant river ocean grape banana tiger whale yacht.", "2024-08-16 00:32:46");
insert into message (user_id, room_id, message_detail, created_at) values (6, 19, "House snake jungle fish yacht ocean kangaroo snake monkey elephant.", "2024-08-04 00:59:56");
insert into message (user_id, room_id, message_detail, created_at) values (6, 19, "Xylophone zebra river queen fish queen penguin zebra tiger tiger zebra whale kangaroo house river penguin snake xylophone whale ocean grape fish.", "2024-09-24 08:19:50");
insert into message (user_id, room_id, message_detail, created_at) values (6, 19, "Penguin umbrella island dog kangaroo queen snake dog village fish elephant banana house elephant grape queen jungle elephant apple night.", "2024-05-16 21:04:20");
insert into message (user_id, room_id, message_detail, created_at) values (6, 19, "Monkey grape snake whale tiger island zebra snake jungle whale fish yacht zebra whale elephant island penguin queen jungle monkey kangaroo ocean ocean.", "2024-08-14 17:40:16");
insert into message (user_id, room_id, message_detail, created_at) values (6, 19, "Island house monkey apple village snake xylophone penguin island island grape fish river island village penguin cherry jungle zebra queen jungle jungle whale jungle zebra grape river queen ocean.", "2024-07-18 23:44:00");
insert into message (user_id, room_id, message_detail, created_at) values (6, 19, "Fish village house queen night zebra village grape apple elephant house banana xylophone umbrella.", "2023-12-30 06:23:40");
insert into role (user_id, room_id, role_detail) values (2, 19, 2);
insert into message (user_id, room_id, message_detail, created_at) values (2, 19, "Apple grape queen fish island whale xylophone night elephant zebra elephant fish village penguin yacht apple yacht village.", "2024-11-19 00:20:39");
insert into message (user_id, room_id, message_detail, created_at) values (2, 19, "Banana kangaroo house fish tiger island apple ocean lion apple banana tiger ocean grape village kangaroo lion whale monkey zebra jungle night cherry queen night banana snake.", "2024-03-12 08:14:40");
insert into message (user_id, room_id, message_detail, created_at) values (2, 19, "Umbrella village monkey island night cherry night elephant queen banana fish island village tiger banana.", "2024-04-02 22:31:02");
insert into message (user_id, room_id, message_detail, created_at) values (2, 19, "Penguin zebra night village fish queen jungle jungle snake jungle jungle monkey umbrella cherry.", "2024-02-29 06:23:42");
insert into message (user_id, room_id, message_detail, created_at) values (2, 19, "Apple xylophone whale ocean banana village xylophone island ocean tiger cherry ocean umbrella night house queen xylophone.", "2024-03-26 15:30:58");
insert into message (user_id, room_id, message_detail, created_at) values (2, 19, "Fish fish island queen apple jungle night queen dog river house queen cherry monkey whale.", "2024-11-29 00:02:01");
insert into message (user_id, room_id, message_detail, created_at) values (2, 19, "Zebra yacht dog kangaroo house zebra xylophone night jungle xylophone whale monkey xylophone zebra snake village umbrella ocean village dog tiger elephant zebra elephant kangaroo house grape penguin banana island.", "2024-01-29 16:33:25");
insert into message (user_id, room_id, message_detail, created_at) values (2, 19, "Queen yacht village banana umbrella ocean river fish river banana kangaroo snake tiger dog jungle.", "2024-07-17 00:39:18");
insert into message (user_id, room_id, message_detail, created_at) values (2, 19, "Zebra night umbrella grape river river whale night queen dog snake snake ocean house jungle queen house snake zebra kangaroo kangaroo zebra kangaroo zebra penguin whale fish island.", "2024-07-24 06:36:27");
insert into message (user_id, room_id, message_detail, created_at) values (2, 19, "Kangaroo grape island tiger umbrella island yacht island penguin tiger whale zebra tiger.", "2023-12-05 00:34:34");
insert into message (user_id, room_id, message_detail, created_at) values (2, 19, "Elephant xylophone penguin dog elephant tiger grape grape island whale snake grape penguin jungle dog apple cherry cherry penguin umbrella elephant.", "2024-07-15 00:12:58");
insert into task (task_id,sprint_id, task_title, task_description, task_type, due_date, created_at) values (458,27, "Task no. 7", "Ocean whale tiger jungle island queen grape tiger yacht monkey ocean dog umbrella fish kangaroo kangaroo lion dog village island snake island xylophone lion grape elephant island penguin house kangaroo.", "3", "2024-03-12 07:30:08", "2024-02-15 11:41:26");
insert into taskperform (task_id, user_id, created_at) values (458, 2, "2024-08-14 23:22:02");
insert into task (task_id,sprint_id, task_title, task_description, task_type, due_date, created_at) values (459,55, "Task no. 3", "Elephant grape fish cherry penguin umbrella elephant grape cherry whale zebra house village.", "1", "2024-10-04 08:01:49", "2024-04-30 05:24:35");
insert into taskperform (task_id, user_id, created_at) values (459, 2, "2024-08-28 07:40:36");
insert into task (task_id,sprint_id, task_title, task_description, task_type, due_date, created_at) values (460,61, "Task no. 2", "Ocean ocean kangaroo elephant elephant fish village ocean elephant elephant island snake village fish river whale umbrella zebra village elephant fish grape kangaroo island.", "3", "2024-12-12 21:39:34", "2024-12-12 05:30:56");
insert into taskperform (task_id, user_id, created_at) values (460, 2, "2024-12-12 08:30:04");
insert into task (task_id,sprint_id, task_title, task_description, task_type, due_date, created_at) values (461,44, "Task no. 2", "Kangaroo river lion zebra cherry grape kangaroo apple fish banana village cherry dog dog whale banana island.", "3", "2024-10-11 10:51:42", "2024-08-13 10:17:26");
insert into taskperform (task_id, user_id, created_at) values (461, 2, "2024-11-20 21:08:41");
insert into task (task_id,sprint_id, task_title, task_description, task_type, due_date, created_at) values (462,53, "Task no. 3", "Tiger xylophone island grape banana ocean banana cherry kangaroo xylophone fish monkey apple ocean monkey whale cherry tiger zebra night.", "2", "2024-06-01 10:20:44", "2023-12-14 01:36:39");
insert into taskperform (task_id, user_id, created_at) values (462, 2, "2024-08-12 01:44:14");
insert into task (task_id,sprint_id, task_title, task_description, task_type, due_date, created_at) values (463,75, "Task no. 1", "Umbrella elephant kangaroo zebra fish ocean fish fish kangaroo village banana kangaroo river island banana fish snake apple house grape apple village queen queen village xylophone.", "3", "2024-05-20 05:45:43", "2024-03-17 13:13:39");
insert into taskperform (task_id, user_id, created_at) values (463, 2, "2024-07-01 20:28:59");
insert into task (task_id,sprint_id, task_title, task_description, task_type, due_date, created_at) values (464,54, "Task no. 3", "Jungle lion whale queen banana village grape lion house kangaroo cherry yacht apple.", "4", "2024-10-13 22:09:29", "2023-12-04 18:52:40");
insert into taskperform (task_id, user_id, created_at) values (464, 2, "2024-04-18 20:34:12");
insert into task (task_id,sprint_id, task_title, task_description, task_type, due_date, created_at) values (465,33, "Task no. 1", "Kangaroo fish penguin jungle night monkey river queen xylophone zebra yacht house fish penguin penguin dog xylophone yacht zebra whale kangaroo zebra apple xylophone house.", "4", "2024-12-14 23:59:15", "2024-12-14 23:55:35");
insert into taskperform (task_id, user_id, created_at) values (465, 2, "2024-12-15 00:02:28");
insert into role (user_id, room_id, role_detail) values (5, 19, 2);
insert into message (user_id, room_id, message_detail, created_at) values (5, 19, "Dog banana xylophone lion village monkey monkey grape monkey queen.", "2024-05-03 11:13:54");
insert into message (user_id, room_id, message_detail, created_at) values (5, 19, "Night whale snake dog elephant apple banana tiger xylophone banana river island grape monkey lion night.", "2024-05-13 12:28:21");
insert into message (user_id, room_id, message_detail, created_at) values (5, 19, "River queen night lion whale night snake cherry island dog umbrella village snake house cherry tiger zebra elephant.", "2024-03-20 13:33:58");
insert into message (user_id, room_id, message_detail, created_at) values (5, 19, "Umbrella island river village queen queen apple jungle monkey apple kangaroo zebra banana whale jungle fish jungle queen lion snake.", "2024-01-16 03:44:30");
insert into message (user_id, room_id, message_detail, created_at) values (5, 19, "Village jungle house snake tiger apple umbrella snake cherry snake dog ocean river elephant ocean night lion zebra snake penguin.", "2024-06-13 00:00:02");
insert into message (user_id, room_id, message_detail, created_at) values (5, 19, "Cherry dog lion fish banana kangaroo umbrella xylophone tiger banana night jungle monkey queen cherry kangaroo penguin queen ocean queen night river dog penguin monkey night apple.", "2024-11-11 18:04:12");
insert into message (user_id, room_id, message_detail, created_at) values (5, 19, "Kangaroo whale apple queen kangaroo penguin queen dog village umbrella monkey grape elephant snake umbrella apple lion monkey lion island apple whale ocean village elephant river monkey.", "2024-09-10 01:25:08");
insert into message (user_id, room_id, message_detail, created_at) values (5, 19, "Xylophone snake apple jungle whale tiger banana cherry tiger elephant umbrella apple grape banana island apple night village.", "2023-12-10 08:12:19");
insert into message (user_id, room_id, message_detail, created_at) values (5, 19, "Elephant river monkey island monkey fish zebra apple tiger tiger village dog queen house night house monkey lion yacht fish river island dog queen whale tiger jungle umbrella yacht fish.", "2024-12-04 12:30:29");
insert into message (user_id, room_id, message_detail, created_at) values (5, 19, "Tiger banana cherry cherry umbrella village umbrella lion elephant zebra monkey elephant dog monkey river elephant island tiger house ocean apple apple zebra monkey dog night night whale house elephant.", "2024-05-30 06:11:11");
insert into message (user_id, room_id, message_detail, created_at) values (5, 19, "Banana dog jungle cherry dog apple xylophone jungle whale apple yacht umbrella ocean ocean fish fish house village dog umbrella penguin yacht apple island apple fish penguin jungle xylophone.", "2024-01-22 12:22:06");
insert into message (user_id, room_id, message_detail, created_at) values (5, 19, "River kangaroo monkey house zebra night jungle night house yacht lion.", "2024-07-26 04:14:10");
insert into message (user_id, room_id, message_detail, created_at) values (5, 19, "Xylophone penguin fish elephant river apple apple queen river zebra river grape apple yacht dog fish monkey village tiger lion snake tiger monkey cherry village.", "2024-01-23 21:38:19");
insert into message (user_id, room_id, message_detail, created_at) values (5, 19, "Elephant island fish lion dog snake grape yacht kangaroo elephant island village night snake elephant xylophone.", "2024-05-29 10:52:31");
insert into message (user_id, room_id, message_detail, created_at) values (5, 19, "Xylophone ocean tiger house fish xylophone jungle lion ocean yacht fish elephant queen lion grape cherry.", "2024-06-10 11:13:27");
insert into task (task_id,sprint_id, task_title, task_description, task_type, due_date, created_at) values (466,29, "Task no. 4", "Dog whale island grape yacht queen cherry cherry river yacht penguin xylophone fish cherry island apple zebra jungle apple whale tiger.", "5", "2024-09-14 19:33:56", "2024-05-03 05:36:44");
insert into taskperform (task_id, user_id, created_at) values (466, 5, "2024-06-22 14:42:18");
insert into task (task_id,sprint_id, task_title, task_description, task_type, due_date, created_at) values (467,72, "Task no. 1", "Cherry ocean snake village lion zebra whale island zebra kangaroo ocean house kangaroo banana banana island tiger xylophone umbrella monkey ocean tiger yacht house.", "6", "2024-01-26 17:47:37", "2023-12-01 01:24:20");
insert into taskperform (task_id, user_id, created_at) values (467, 5, "2024-12-04 02:03:09");
insert into task (task_id,sprint_id, task_title, task_description, task_type, due_date, created_at) values (468,20, "Task no. 11", "Night night umbrella zebra snake monkey jungle cherry dog queen grape house jungle ocean kangaroo.", "2", "2024-05-10 06:07:56", "2024-04-27 17:01:23");
insert into taskperform (task_id, user_id, created_at) values (468, 5, "2024-05-19 16:53:07");
insert into task (task_id,sprint_id, task_title, task_description, task_type, due_date, created_at) values (469,21, "Task no. 12", "Umbrella ocean penguin zebra house monkey lion whale island yacht.", "5", "2024-12-14 02:21:26", "2024-11-30 05:09:48");
insert into task (task_id,sprint_id, task_title, task_description, task_type, due_date, created_at) values (470,31, "Task no. 4", "Fish house elephant elephant lion queen river house village village penguin river apple cherry whale night fish elephant queen yacht village dog house jungle.", "3", "2024-09-23 19:01:04", "2024-05-29 20:05:59");
insert into taskperform (task_id, user_id, created_at) values (470, 5, "2024-06-20 22:18:06");
insert into task (task_id,sprint_id, task_title, task_description, task_type, due_date, created_at) values (471,18, "Task no. 9", "Zebra fish kangaroo river banana village cherry night kangaroo fish elephant apple house snake ocean grape night fish night lion yacht ocean house umbrella village house elephant dog zebra jungle.", "5", "2024-10-01 14:04:10", "2024-03-02 23:18:42");
insert into taskperform (task_id, user_id, created_at) values (471, 5, "2024-03-05 20:19:04");
insert into task (task_id,sprint_id, task_title, task_description, task_type, due_date, created_at) values (472,53, "Task no. 4", "Island island grape island river house whale house xylophone snake island banana penguin penguin apple ocean.", "5", "2024-06-21 16:06:08", "2024-03-01 21:53:49");
insert into taskperform (task_id, user_id, created_at) values (472, 5, "2024-04-26 22:13:37");
insert into task (task_id,sprint_id, task_title, task_description, task_type, due_date, created_at) values (473,44, "Task no. 3", "Yacht zebra tiger village river whale elephant tiger night cherry cherry jungle monkey lion night umbrella river zebra zebra night house zebra house kangaroo cherry.", "3", "2024-10-16 01:25:05", "2024-07-04 04:43:51");
insert into taskperform (task_id, user_id, created_at) values (473, 5, "2024-08-18 13:42:20");
insert into sprint (room_id, sprint_name, created_at) values (20, "Sprint no. 1" , "2024-11-22 19:32:50");
insert into sprint (room_id, sprint_name, created_at) values (20, "Sprint no. 2" , "2024-11-27 23:39:05");
insert into sprint (room_id, sprint_name, created_at) values (20, "Sprint no. 3" , "2024-12-10 01:43:51");
insert into sprint (room_id, sprint_name, created_at) values (20, "Sprint no. 4" , "2024-12-14 06:44:59");
insert into role (user_id, room_id, role_detail) values (6, 20, 1);
insert into message (user_id, room_id, message_detail, created_at) values (6, 20, "Penguin dog fish dog whale umbrella zebra fish kangaroo snake banana tiger penguin ocean penguin house island river apple island jungle river tiger night house cherry village ocean snake.", "2024-05-26 06:59:48");
insert into message (user_id, room_id, message_detail, created_at) values (6, 20, "Queen village house elephant umbrella elephant elephant umbrella grape zebra penguin penguin monkey tiger elephant lion house whale night fish grape island snake elephant monkey tiger.", "2024-03-11 05:34:26");
insert into message (user_id, room_id, message_detail, created_at) values (6, 20, "Grape island elephant yacht village grape penguin river snake cherry night yacht banana.", "2024-09-25 20:50:11");
insert into message (user_id, room_id, message_detail, created_at) values (6, 20, "Elephant jungle apple house tiger whale banana village snake xylophone dog cherry jungle elephant queen grape island whale grape yacht jungle penguin monkey elephant night monkey elephant penguin tiger.", "2024-02-01 04:30:39");
insert into message (user_id, room_id, message_detail, created_at) values (6, 20, "Xylophone jungle elephant cherry elephant banana banana grape house house banana apple river dog kangaroo whale island cherry yacht snake apple island apple banana banana.", "2024-08-06 13:14:34");
insert into task (task_id,sprint_id, task_title, task_description, task_type, due_date, created_at) values (474,50, "Task no. 4", "Penguin whale lion apple jungle house ocean grape tiger jungle night tiger island zebra xylophone jungle.", "1", "2024-12-08 09:05:10", "2024-06-05 10:10:50");
insert into taskperform (task_id, user_id, created_at) values (474, 6, "2024-07-08 01:59:02");
insert into task (task_id,sprint_id, task_title, task_description, task_type, due_date, created_at) values (475,61, "Task no. 3", "River lion banana jungle ocean night zebra fish jungle grape xylophone fish kangaroo elephant snake apple xylophone tiger umbrella house banana queen xylophone night.", "2", "2024-11-12 14:37:27", "2024-11-02 16:22:40");
insert into task (task_id,sprint_id, task_title, task_description, task_type, due_date, created_at) values (476,77, "Task no. 1", "Jungle zebra house village elephant elephant river monkey jungle river night elephant lion grape banana lion tiger night cherry xylophone penguin elephant tiger xylophone grape house village grape elephant tiger.", "6", "2024-09-05 00:10:52", "2024-03-28 18:18:52");
insert into taskperform (task_id, user_id, created_at) values (476, 6, "2024-09-25 04:45:36");
insert into task (task_id,sprint_id, task_title, task_description, task_type, due_date, created_at) values (477,55, "Task no. 4", "Elephant river house whale night apple house village xylophone dog elephant kangaroo fish penguin penguin umbrella penguin elephant snake apple umbrella.", "2", "2024-04-12 13:12:35", "2024-03-09 15:40:43");
insert into task (task_id,sprint_id, task_title, task_description, task_type, due_date, created_at) values (478,30, "Task no. 6", "Ocean cherry kangaroo dog lion grape grape tiger grape river grape cherry village snake elephant xylophone elephant ocean night penguin grape kangaroo tiger.", "3", "2024-06-07 21:51:10", "2024-04-13 04:52:37");
insert into taskperform (task_id, user_id, created_at) values (478, 6, "2024-09-05 13:44:15");
insert into task (task_id,sprint_id, task_title, task_description, task_type, due_date, created_at) values (479,71, "Task no. 2", "Yacht ocean night island jungle village xylophone umbrella elephant xylophone.", "4", "2024-09-06 02:17:35", "2024-04-21 09:38:26");
insert into taskperform (task_id, user_id, created_at) values (479, 6, "2024-08-18 18:52:48");
insert into role (user_id, room_id, role_detail) values (8, 20, 2);
insert into message (user_id, room_id, message_detail, created_at) values (8, 20, "Queen fish banana umbrella night queen house house monkey village dog queen snake umbrella apple fish monkey.", "2024-02-26 13:55:17");
insert into message (user_id, room_id, message_detail, created_at) values (8, 20, "Fish zebra fish monkey xylophone island whale xylophone house queen banana monkey elephant village dog house xylophone kangaroo elephant village.", "2024-09-15 01:51:53");
insert into message (user_id, room_id, message_detail, created_at) values (8, 20, "Whale xylophone dog lion kangaroo umbrella ocean snake yacht yacht house whale monkey island zebra fish snake dog ocean.", "2024-07-13 09:52:28");
insert into message (user_id, room_id, message_detail, created_at) values (8, 20, "Dog village kangaroo yacht house tiger cherry apple apple tiger.", "2024-05-26 16:41:23");
insert into message (user_id, room_id, message_detail, created_at) values (8, 20, "Ocean snake tiger tiger penguin village lion cherry fish queen river monkey banana monkey monkey banana xylophone queen zebra night cherry.", "2024-01-05 23:11:03");
insert into message (user_id, room_id, message_detail, created_at) values (8, 20, "Grape queen tiger banana banana tiger grape zebra whale penguin jungle river grape queen elephant ocean queen jungle lion tiger whale.", "2024-03-10 05:42:15");
insert into message (user_id, room_id, message_detail, created_at) values (8, 20, "Banana banana dog monkey house grape ocean monkey village island apple apple house zebra grape yacht monkey kangaroo yacht tiger island xylophone yacht monkey.", "2024-03-19 02:08:35");
insert into message (user_id, room_id, message_detail, created_at) values (8, 20, "Zebra village grape snake apple banana village dog jungle queen tiger snake.", "2024-11-08 20:25:19");
insert into message (user_id, room_id, message_detail, created_at) values (8, 20, "Kangaroo elephant yacht jungle snake kangaroo night island island ocean zebra jungle grape house banana island river.", "2024-02-09 16:17:29");
insert into task (task_id,sprint_id, task_title, task_description, task_type, due_date, created_at) values (480,53, "Task no. 5", "Tiger river house tiger night apple whale whale island queen house tiger queen village queen penguin grape yacht.", "3", "2024-11-28 23:59:23", "2024-11-20 22:41:57");
insert into task (task_id,sprint_id, task_title, task_description, task_type, due_date, created_at) values (481,11, "Task no. 12", "Village banana grape house banana fish lion apple snake apple jungle house monkey banana yacht house umbrella.", "5", "2024-08-12 12:50:56", "2024-07-21 01:12:50");
insert into taskperform (task_id, user_id, created_at) values (481, 8, "2024-08-31 05:45:07");
insert into task (task_id,sprint_id, task_title, task_description, task_type, due_date, created_at) values (482,15, "Task no. 14", "House elephant fish fish ocean village village snake tiger penguin.", "3", "2024-04-02 06:22:49", "2024-02-22 11:13:52");
insert into task (task_id,sprint_id, task_title, task_description, task_type, due_date, created_at) values (483,44, "Task no. 4", "Penguin jungle fish island kangaroo jungle grape apple river umbrella.", "4", "2024-11-16 01:20:49", "2024-03-12 02:31:07");
insert into task (task_id,sprint_id, task_title, task_description, task_type, due_date, created_at) values (484,43, "Task no. 5", "Fish whale penguin yacht river penguin dog night elephant ocean ocean apple kangaroo banana zebra fish queen banana night elephant fish snake island cherry cherry.", "2", "2024-07-13 14:21:46", "2024-01-10 04:52:12");
insert into taskperform (task_id, user_id, created_at) values (484, 8, "2024-08-05 17:13:44");
insert into task (task_id,sprint_id, task_title, task_description, task_type, due_date, created_at) values (485,9, "Task no. 13", "Ocean jungle river dog queen queen village monkey river river whale penguin jungle banana.", "6", "2024-10-14 00:52:42", "2024-03-04 23:28:43");
insert into taskperform (task_id, user_id, created_at) values (485, 8, "2024-07-27 06:41:53");
insert into task (task_id,sprint_id, task_title, task_description, task_type, due_date, created_at) values (486,31, "Task no. 5", "Snake xylophone lion house cherry ocean house jungle fish apple apple ocean apple xylophone dog ocean zebra grape apple apple lion ocean.", "2", "2024-11-01 00:47:20", "2024-10-31 15:07:42");
insert into taskperform (task_id, user_id, created_at) values (486, 8, "2024-12-01 05:45:28");
insert into task (task_id,sprint_id, task_title, task_description, task_type, due_date, created_at) values (487,69, "Task no. 1", "Xylophone dog umbrella whale monkey house penguin snake night tiger zebra village village night kangaroo dog dog whale whale snake queen village umbrella house night.", "2", "2024-07-24 07:51:48", "2024-07-15 22:02:58");
insert into taskperform (task_id, user_id, created_at) values (487, 8, "2024-09-16 08:23:05");
insert into task (task_id,sprint_id, task_title, task_description, task_type, due_date, created_at) values (488,40, "Task no. 5", "Lion night elephant umbrella jungle grape yacht apple tiger yacht banana island dog kangaroo snake river house xylophone apple island night zebra elephant.", "4", "2024-12-07 01:15:05", "2024-11-02 05:24:33");
insert into taskperform (task_id, user_id, created_at) values (488, 8, "2024-12-12 01:21:02");
insert into task (task_id,sprint_id, task_title, task_description, task_type, due_date, created_at) values (489,60, "Task no. 4", "Fish tiger dog cherry cherry cherry zebra ocean banana monkey village lion fish penguin river river river house.", "2", "2024-06-25 03:03:20", "2023-12-13 12:33:03");
insert into role (user_id, room_id, role_detail) values (2, 20, 2);
insert into message (user_id, room_id, message_detail, created_at) values (2, 20, "Yacht dog dog penguin umbrella river apple apple ocean snake yacht night dog umbrella night yacht jungle tiger zebra grape elephant.", "2024-08-16 12:39:02");
insert into message (user_id, room_id, message_detail, created_at) values (2, 20, "Monkey island yacht monkey queen grape fish kangaroo night zebra tiger whale zebra xylophone night whale elephant house.", "2024-08-20 04:19:15");
insert into message (user_id, room_id, message_detail, created_at) values (2, 20, "Dog jungle jungle snake grape island whale umbrella fish banana island ocean elephant monkey kangaroo banana house jungle umbrella.", "2024-08-18 21:01:58");
insert into message (user_id, room_id, message_detail, created_at) values (2, 20, "Cherry lion zebra apple apple jungle night ocean lion house elephant night island grape island dog apple cherry yacht kangaroo tiger island queen island apple dog elephant fish.", "2024-05-14 20:01:32");
insert into message (user_id, room_id, message_detail, created_at) values (2, 20, "Kangaroo elephant xylophone penguin zebra village dog fish river house dog night tiger kangaroo dog elephant elephant river whale lion grape.", "2024-04-20 17:47:47");
insert into message (user_id, room_id, message_detail, created_at) values (2, 20, "Xylophone lion dog river whale queen house grape river elephant kangaroo queen.", "2023-12-23 03:33:59");
insert into message (user_id, room_id, message_detail, created_at) values (2, 20, "River banana snake xylophone tiger tiger lion queen banana river yacht queen whale ocean night zebra island kangaroo island ocean elephant banana monkey grape zebra xylophone elephant cherry whale.", "2024-12-12 02:28:21");
insert into task (task_id,sprint_id, task_title, task_description, task_type, due_date, created_at) values (490,33, "Task no. 2", "Apple house house whale night dog apple tiger kangaroo whale cherry penguin.", "3", "2024-12-14 08:21:01", "2024-03-08 05:10:21");
insert into taskperform (task_id, user_id, created_at) values (490, 2, "2024-12-13 16:55:58");
insert into task (task_id,sprint_id, task_title, task_description, task_type, due_date, created_at) values (491,44, "Task no. 5", "River yacht house kangaroo monkey yacht village monkey night ocean banana monkey jungle.", "2", "2024-10-18 19:52:30", "2024-09-29 13:20:03");
insert into taskperform (task_id, user_id, created_at) values (491, 2, "2024-10-08 07:37:31");
insert into task (task_id,sprint_id, task_title, task_description, task_type, due_date, created_at) values (492,30, "Task no. 7", "Monkey house apple night village village banana queen elephant river night umbrella snake elephant village banana lion banana house zebra apple queen cherry fish xylophone grape penguin.", "6", "2024-08-31 04:46:18", "2024-04-05 03:30:24");
insert into task (task_id,sprint_id, task_title, task_description, task_type, due_date, created_at) values (493,15, "Task no. 15", "Yacht monkey snake snake dog jungle queen fish kangaroo house tiger jungle night house house whale river monkey ocean island island island village.", "6", "2024-05-19 12:07:08", "2023-12-15 14:31:09");
insert into taskperform (task_id, user_id, created_at) values (493, 2, "2024-09-12 07:34:15");
insert into role (user_id, room_id, role_detail) values (9, 20, 2);
insert into message (user_id, room_id, message_detail, created_at) values (9, 20, "Whale yacht zebra jungle village xylophone umbrella whale banana house tiger lion queen jungle apple zebra queen tiger zebra cherry queen snake xylophone.", "2024-03-14 02:37:03");
insert into message (user_id, room_id, message_detail, created_at) values (9, 20, "Queen house umbrella yacht monkey yacht ocean fish queen elephant.", "2024-11-27 07:45:27");
insert into message (user_id, room_id, message_detail, created_at) values (9, 20, "Kangaroo lion snake river tiger kangaroo umbrella island queen umbrella snake jungle whale penguin monkey village fish tiger.", "2024-11-13 04:44:13");
insert into task (task_id,sprint_id, task_title, task_description, task_type, due_date, created_at) values (494,40, "Task no. 6", "Penguin queen whale zebra night umbrella night grape house queen yacht snake grape apple.", "6", "2024-11-09 02:38:00", "2024-09-23 06:26:49");
insert into taskperform (task_id, user_id, created_at) values (494, 9, "2024-10-15 05:53:08");
insert into task (task_id,sprint_id, task_title, task_description, task_type, due_date, created_at) values (495,11, "Task no. 13", "Zebra snake ocean banana monkey night umbrella snake river ocean village snake zebra dog cherry cherry ocean island xylophone penguin island house grape night umbrella monkey.", "3", "2024-11-23 17:47:37", "2024-05-10 21:16:01");
insert into taskperform (task_id, user_id, created_at) values (495, 9, "2024-08-28 18:50:29");
insert into task (task_id,sprint_id, task_title, task_description, task_type, due_date, created_at) values (496,58, "Task no. 1", "Penguin village apple tiger kangaroo tiger queen penguin snake cherry penguin tiger xylophone island night banana grape snake umbrella queen ocean lion elephant snake snake lion ocean monkey night.", "1", "2024-11-05 06:46:34", "2024-04-28 04:52:55");
insert into taskperform (task_id, user_id, created_at) values (496, 9, "2024-07-30 17:50:10");
insert into role (user_id, room_id, role_detail) values (5, 20, 2);
insert into message (user_id, room_id, message_detail, created_at) values (5, 20, "House yacht whale river umbrella grape fish snake queen dog snake monkey zebra grape tiger queen tiger river elephant whale night jungle zebra kangaroo.", "2024-04-19 03:38:03");
insert into message (user_id, room_id, message_detail, created_at) values (5, 20, "Tiger grape kangaroo river river river grape grape umbrella xylophone lion zebra island river island whale banana zebra grape kangaroo banana night tiger night whale monkey penguin dog lion apple.", "2024-11-04 17:42:16");
insert into message (user_id, room_id, message_detail, created_at) values (5, 20, "Dog house monkey zebra fish cherry queen cherry apple night xylophone whale elephant kangaroo tiger yacht ocean queen river banana dog umbrella lion xylophone xylophone house zebra fish.", "2024-06-06 16:19:49");
insert into message (user_id, room_id, message_detail, created_at) values (5, 20, "Island jungle xylophone island apple penguin ocean penguin island island lion.", "2024-10-02 15:17:44");
insert into message (user_id, room_id, message_detail, created_at) values (5, 20, "Xylophone dog jungle river snake lion kangaroo village grape whale island snake apple elephant cherry monkey penguin night house yacht cherry queen night penguin river monkey island cherry river queen.", "2024-05-23 23:42:32");
insert into message (user_id, room_id, message_detail, created_at) values (5, 20, "Grape banana elephant village island river elephant village kangaroo night lion jungle lion apple zebra fish house zebra zebra snake apple tiger fish dog apple xylophone river apple lion ocean.", "2024-05-07 00:12:47");
insert into message (user_id, room_id, message_detail, created_at) values (5, 20, "Penguin jungle tiger whale cherry xylophone umbrella zebra umbrella island dog river dog elephant night lion yacht yacht whale cherry elephant banana.", "2024-09-30 13:16:27");
insert into message (user_id, room_id, message_detail, created_at) values (5, 20, "Apple dog night tiger ocean island umbrella snake snake kangaroo cherry banana lion yacht cherry queen island queen umbrella lion.", "2024-06-13 06:02:10");
insert into message (user_id, room_id, message_detail, created_at) values (5, 20, "Village house ocean river island penguin night banana yacht snake yacht penguin cherry island queen monkey night.", "2024-08-05 11:42:15");
insert into message (user_id, room_id, message_detail, created_at) values (5, 20, "Lion ocean kangaroo ocean zebra jungle banana yacht elephant yacht.", "2024-01-04 22:59:45");
insert into message (user_id, room_id, message_detail, created_at) values (5, 20, "Elephant xylophone zebra whale house whale grape river tiger whale jungle whale river village house cherry umbrella.", "2024-09-09 00:45:36");
insert into task (task_id,sprint_id, task_title, task_description, task_type, due_date, created_at) values (497,43, "Task no. 6", "Snake yacht jungle jungle jungle cherry house banana kangaroo queen house penguin elephant dog penguin grape apple queen night fish house.", "1", "2024-09-26 09:11:09", "2024-05-04 16:12:53");
insert into taskperform (task_id, user_id, created_at) values (497, 5, "2024-09-22 10:37:46");
insert into task (task_id,sprint_id, task_title, task_description, task_type, due_date, created_at) values (498,32, "Task no. 6", "Banana grape apple whale apple jungle village dog tiger xylophone island queen night dog umbrella penguin house village zebra elephant cherry river elephant village elephant queen zebra jungle monkey.", "5", "2024-10-25 19:55:57", "2024-05-06 02:07:06");
insert into taskperform (task_id, user_id, created_at) values (498, 5, "2024-09-01 15:29:06");
insert into task (task_id,sprint_id, task_title, task_description, task_type, due_date, created_at) values (499,67, "Task no. 2", "Snake cherry cherry fish dog house night monkey lion tiger whale island yacht tiger fish ocean house kangaroo apple fish whale ocean ocean grape yacht elephant whale fish river yacht.", "6", "2024-07-09 17:01:50", "2023-12-08 15:19:41");
insert into taskperform (task_id, user_id, created_at) values (499, 5, "2024-09-05 23:11:40");
insert into task (task_id,sprint_id, task_title, task_description, task_type, due_date, created_at) values (500,21, "Task no. 13", "River village ocean xylophone xylophone monkey island island banana house xylophone whale snake kangaroo grape island yacht lion apple elephant penguin tiger queen night night banana whale grape night house.", "4", "2024-07-09 03:16:47", "2024-03-17 23:05:12");
insert into taskperform (task_id, user_id, created_at) values (500, 5, "2024-07-28 08:58:40");
insert into task (task_id,sprint_id, task_title, task_description, task_type, due_date, created_at) values (501,50, "Task no. 5", "Zebra xylophone island dog monkey lion xylophone island island cherry.", "4", "2024-11-15 23:25:10", "2024-08-26 23:33:25");
insert into taskperform (task_id, user_id, created_at) values (501, 5, "2024-10-22 21:44:33");
insert into sprint (room_id, sprint_name, created_at) values (21, "Sprint no. 1" , "2024-10-04 13:26:02");
insert into sprint (room_id, sprint_name, created_at) values (21, "Sprint no. 2" , "2024-10-15 17:06:53");
insert into sprint (room_id, sprint_name, created_at) values (21, "Sprint no. 3" , "2024-11-26 02:24:51");
insert into sprint (room_id, sprint_name, created_at) values (21, "Sprint no. 4" , "2024-12-04 07:53:34");
insert into sprint (room_id, sprint_name, created_at) values (21, "Sprint no. 5" , "2024-12-10 15:52:28");
insert into sprint (room_id, sprint_name, created_at) values (21, "Sprint no. 6" , "2024-12-13 01:46:21");
insert into sprint (room_id, sprint_name, created_at) values (21, "Sprint no. 7" , "2024-12-14 20:04:02");
insert into role (user_id, room_id, role_detail) values (8, 21, 1);
insert into message (user_id, room_id, message_detail, created_at) values (8, 21, "River tiger house yacht apple banana house snake umbrella cherry river banana grape fish monkey village jungle yacht zebra monkey snake yacht queen elephant island dog.", "2024-03-11 09:36:40");
insert into message (user_id, room_id, message_detail, created_at) values (8, 21, "House lion house island elephant whale kangaroo house kangaroo island lion night whale whale fish cherry jungle penguin cherry night penguin banana lion.", "2023-12-09 19:46:48");
insert into message (user_id, room_id, message_detail, created_at) values (8, 21, "Dog fish whale penguin tiger snake umbrella elephant village penguin jungle cherry umbrella house elephant monkey.", "2024-10-28 22:22:22");
insert into task (task_id,sprint_id, task_title, task_description, task_type, due_date, created_at) values (502,11, "Task no. 14", "Banana lion kangaroo house lion lion penguin dog jungle cherry monkey island.", "1", "2024-02-06 17:24:58", "2023-12-22 00:33:37");
insert into taskperform (task_id, user_id, created_at) values (502, 8, "2024-04-17 02:45:24");
insert into task (task_id,sprint_id, task_title, task_description, task_type, due_date, created_at) values (503,68, "Task no. 1", "Umbrella cherry elephant elephant tiger banana kangaroo dog monkey jungle jungle penguin.", "1", "2024-06-06 03:20:12", "2024-03-06 05:46:01");
insert into taskperform (task_id, user_id, created_at) values (503, 8, "2024-08-03 23:45:59");
insert into task (task_id,sprint_id, task_title, task_description, task_type, due_date, created_at) values (504,60, "Task no. 5", "House island tiger house monkey ocean whale fish xylophone whale yacht.", "4", "2024-11-20 23:17:32", "2023-12-08 16:54:49");
insert into taskperform (task_id, user_id, created_at) values (504, 8, "2024-03-09 18:35:29");
insert into task (task_id,sprint_id, task_title, task_description, task_type, due_date, created_at) values (505,52, "Task no. 1", "Village yacht fish river house island queen whale river jungle grape island dog penguin zebra grape banana yacht house.", "3", "2024-11-25 06:12:01", "2024-09-17 15:36:21");
insert into taskperform (task_id, user_id, created_at) values (505, 8, "2024-10-27 05:01:42");
insert into task (task_id,sprint_id, task_title, task_description, task_type, due_date, created_at) values (506,29, "Task no. 5", "Lion kangaroo kangaroo monkey zebra umbrella umbrella apple whale queen.", "4", "2024-03-09 01:53:36", "2024-01-03 23:38:10");
insert into taskperform (task_id, user_id, created_at) values (506, 8, "2024-10-05 09:12:05");
insert into task (task_id,sprint_id, task_title, task_description, task_type, due_date, created_at) values (507,69, "Task no. 2", "Lion whale island grape yacht ocean night zebra whale monkey night whale ocean monkey fish whale night whale penguin banana yacht village house penguin fish snake.", "1", "2024-02-21 03:28:54", "2023-12-17 05:08:16");
insert into taskperform (task_id, user_id, created_at) values (507, 8, "2024-04-16 04:04:16");
insert into task (task_id,sprint_id, task_title, task_description, task_type, due_date, created_at) values (508,20, "Task no. 12", "Whale umbrella night fish monkey queen lion monkey xylophone tiger lion river cherry.", "4", "2024-11-01 07:06:20", "2024-07-06 21:06:25");
insert into taskperform (task_id, user_id, created_at) values (508, 8, "2024-07-15 23:59:37");
insert into task (task_id,sprint_id, task_title, task_description, task_type, due_date, created_at) values (509,88, "Task no. 1", "Village xylophone river village island snake jungle lion xylophone house whale umbrella kangaroo snake jungle queen whale queen grape banana village house.", "4", "2024-11-15 04:41:56", "2024-10-23 07:04:17");
insert into taskperform (task_id, user_id, created_at) values (509, 8, "2024-10-30 03:12:06");
insert into task (task_id,sprint_id, task_title, task_description, task_type, due_date, created_at) values (510,56, "Task no. 1", "Dog tiger monkey zebra ocean whale dog kangaroo zebra tiger monkey cherry xylophone tiger elephant monkey elephant lion night kangaroo lion snake night zebra grape.", "5", "2024-10-28 18:13:23", "2024-10-20 11:11:10");
insert into taskperform (task_id, user_id, created_at) values (510, 8, "2024-11-10 19:25:33");
insert into task (task_id,sprint_id, task_title, task_description, task_type, due_date, created_at) values (511,14, "Task no. 15", "House umbrella snake jungle house dog kangaroo whale ocean tiger zebra elephant monkey ocean night queen elephant zebra queen night yacht jungle kangaroo tiger river ocean apple cherry.", "6", "2024-05-21 07:55:43", "2024-05-07 07:13:49");
insert into taskperform (task_id, user_id, created_at) values (511, 8, "2024-10-01 01:43:39");
insert into role (user_id, room_id, role_detail) values (7, 21, 3);
insert into message (user_id, room_id, message_detail, created_at) values (7, 21, "Elephant cherry monkey elephant river penguin xylophone zebra house queen whale penguin elephant dog jungle snake.", "2024-09-30 06:46:39");
insert into message (user_id, room_id, message_detail, created_at) values (7, 21, "Night cherry river grape apple grape dog xylophone lion apple house apple grape ocean tiger river umbrella umbrella house river dog night whale zebra cherry apple river.", "2024-03-11 13:54:49");
insert into message (user_id, room_id, message_detail, created_at) values (7, 21, "Fish jungle night umbrella umbrella banana grape fish yacht island monkey kangaroo night snake zebra fish monkey tiger cherry village elephant house zebra night village jungle.", "2024-11-19 22:49:11");
insert into message (user_id, room_id, message_detail, created_at) values (7, 21, "Village kangaroo house banana dog banana river lion monkey dog cherry monkey cherry zebra banana elephant house tiger.", "2024-05-01 07:16:11");
insert into message (user_id, room_id, message_detail, created_at) values (7, 21, "Zebra zebra penguin kangaroo lion penguin fish grape queen tiger zebra whale whale fish umbrella xylophone banana house snake cherry xylophone yacht house cherry umbrella house apple.", "2024-07-13 14:00:44");
insert into message (user_id, room_id, message_detail, created_at) values (7, 21, "Dog fish queen monkey island whale house jungle house house umbrella banana whale apple zebra banana grape island.", "2024-07-07 20:47:24");
insert into message (user_id, room_id, message_detail, created_at) values (7, 21, "River village umbrella apple kangaroo queen house cherry river snake night penguin river queen xylophone jungle umbrella snake night monkey river apple tiger xylophone elephant umbrella grape night monkey queen.", "2024-07-24 16:09:47");
insert into message (user_id, room_id, message_detail, created_at) values (7, 21, "Elephant apple queen whale monkey snake queen tiger kangaroo jungle elephant ocean snake fish river dog banana.", "2024-03-24 12:44:23");
insert into message (user_id, room_id, message_detail, created_at) values (7, 21, "Umbrella yacht queen jungle cherry umbrella zebra kangaroo lion jungle night monkey queen apple monkey apple cherry penguin jungle banana yacht yacht snake ocean.", "2024-05-23 17:07:01");
insert into message (user_id, room_id, message_detail, created_at) values (7, 21, "River zebra jungle snake ocean ocean dog tiger yacht elephant queen elephant xylophone river house house yacht queen penguin cherry fish whale lion queen.", "2024-09-21 08:09:35");
insert into message (user_id, room_id, message_detail, created_at) values (7, 21, "Elephant snake xylophone ocean xylophone elephant kangaroo dog night penguin ocean apple penguin river snake monkey grape yacht.", "2024-03-06 13:07:27");
insert into message (user_id, room_id, message_detail, created_at) values (7, 21, "Xylophone cherry apple xylophone tiger cherry fish zebra kangaroo banana jungle zebra banana zebra xylophone xylophone tiger ocean river xylophone river apple.", "2024-01-11 13:36:18");
insert into message (user_id, room_id, message_detail, created_at) values (7, 21, "Whale village grape grape kangaroo cherry house lion queen fish cherry cherry xylophone apple umbrella grape kangaroo whale lion night tiger zebra elephant monkey cherry.", "2024-10-03 15:31:32");
insert into message (user_id, room_id, message_detail, created_at) values (7, 21, "Tiger village grape night queen umbrella grape cherry umbrella zebra fish village dog elephant.", "2024-02-21 20:58:59");
insert into message (user_id, room_id, message_detail, created_at) values (7, 21, "Ocean monkey elephant kangaroo lion grape fish lion apple umbrella ocean ocean yacht yacht night house river kangaroo monkey kangaroo grape ocean kangaroo umbrella cherry cherry xylophone lion night yacht.", "2024-06-11 02:22:16");
insert into message (user_id, room_id, message_detail, created_at) values (7, 21, "Fish fish zebra lion river zebra ocean queen apple apple village whale elephant tiger elephant house yacht ocean penguin jungle night river tiger kangaroo penguin.", "2024-07-11 14:54:43");
insert into task (task_id,sprint_id, task_title, task_description, task_type, due_date, created_at) values (512,32, "Task no. 7", "Kangaroo penguin snake whale penguin lion zebra night penguin village penguin banana whale river river lion river whale house grape dog apple dog night monkey ocean elephant.", "3", "2024-01-25 19:32:33", "2023-12-17 06:38:10");
insert into taskperform (task_id, user_id, created_at) values (512, 7, "2024-04-09 11:09:00");
insert into task (task_id,sprint_id, task_title, task_description, task_type, due_date, created_at) values (513,53, "Task no. 6", "Apple fish queen queen penguin house river grape whale village ocean grape whale kangaroo lion penguin elephant penguin snake night xylophone queen xylophone.", "4", "2024-11-14 05:35:12", "2024-10-17 15:00:28");
insert into taskperform (task_id, user_id, created_at) values (513, 7, "2024-11-07 23:29:18");
insert into task (task_id,sprint_id, task_title, task_description, task_type, due_date, created_at) values (514,69, "Task no. 3", "Fish ocean ocean house penguin banana umbrella ocean night penguin ocean village village umbrella cherry queen village kangaroo yacht whale yacht.", "1", "2024-06-23 02:22:40", "2024-06-13 11:13:51");
insert into taskperform (task_id, user_id, created_at) values (514, 7, "2024-09-20 03:55:25");
insert into task (task_id,sprint_id, task_title, task_description, task_type, due_date, created_at) values (515,3, "Task no. 27", "Snake dog tiger whale fish yacht cherry yacht elephant whale yacht village penguin snake whale house.", "3", "2024-12-12 15:01:57", "2024-11-15 04:47:50");
insert into taskperform (task_id, user_id, created_at) values (515, 7, "2024-11-29 07:02:29");
insert into task (task_id,sprint_id, task_title, task_description, task_type, due_date, created_at) values (516,35, "Task no. 3", "Whale elephant ocean house dog zebra lion grape dog jungle penguin.", "6", "2024-05-19 09:49:50", "2023-12-13 03:24:06");
insert into taskperform (task_id, user_id, created_at) values (516, 7, "2024-11-28 17:29:46");
insert into task (task_id,sprint_id, task_title, task_description, task_type, due_date, created_at) values (517,57, "Task no. 2", "Zebra queen dog zebra village dog jungle yacht elephant river kangaroo kangaroo xylophone snake tiger monkey banana umbrella zebra night zebra.", "3", "2024-10-10 09:42:58", "2024-09-19 16:36:21");
insert into task (task_id,sprint_id, task_title, task_description, task_type, due_date, created_at) values (518,65, "Task no. 1", "Zebra fish cherry cherry dog ocean umbrella village village lion tiger whale fish jungle.", "5", "2024-06-11 19:59:20", "2024-05-27 08:43:45");
insert into taskperform (task_id, user_id, created_at) values (518, 7, "2024-09-17 03:20:51");
insert into task (task_id,sprint_id, task_title, task_description, task_type, due_date, created_at) values (519,85, "Task no. 1", "Ocean night river fish queen kangaroo penguin house apple elephant tiger house ocean penguin queen village penguin cherry grape monkey fish whale zebra yacht yacht elephant elephant monkey grape kangaroo.", "6", "2024-08-08 10:45:52", "2024-06-12 04:02:36");
insert into task (task_id,sprint_id, task_title, task_description, task_type, due_date, created_at) values (520,50, "Task no. 6", "Monkey night island yacht village penguin penguin banana jungle island jungle village kangaroo whale jungle river.", "6", "2024-11-05 04:11:36", "2024-02-14 04:22:55");
insert into taskperform (task_id, user_id, created_at) values (520, 7, "2024-08-30 20:56:37");
insert into task (task_id,sprint_id, task_title, task_description, task_type, due_date, created_at) values (521,82, "Task no. 1", "Snake grape zebra elephant whale monkey kangaroo island jungle elephant snake village.", "3", "2024-08-01 07:59:06", "2024-05-13 23:54:04");
insert into taskperform (task_id, user_id, created_at) values (521, 7, "2024-09-13 09:38:56");
insert into role (user_id, room_id, role_detail) values (2, 21, 3);
insert into message (user_id, room_id, message_detail, created_at) values (2, 21, "Ocean elephant apple elephant apple snake queen snake tiger umbrella night zebra dog apple apple jungle dog queen night.", "2024-06-20 02:17:03");
insert into message (user_id, room_id, message_detail, created_at) values (2, 21, "Village cherry penguin kangaroo cherry grape grape snake kangaroo fish house tiger apple house kangaroo island night apple jungle fish penguin dog yacht lion.", "2024-07-07 11:02:29");
insert into message (user_id, room_id, message_detail, created_at) values (2, 21, "Penguin yacht apple banana lion island banana night night dog cherry banana banana house village snake dog penguin monkey whale umbrella.", "2024-02-15 07:40:20");
insert into message (user_id, room_id, message_detail, created_at) values (2, 21, "Banana dog jungle snake penguin village yacht monkey house lion river zebra elephant.", "2024-09-11 16:47:38");
insert into message (user_id, room_id, message_detail, created_at) values (2, 21, "Dog village night village penguin cherry fish banana cherry island.", "2024-04-09 02:16:59");
insert into message (user_id, room_id, message_detail, created_at) values (2, 21, "Kangaroo xylophone lion zebra umbrella xylophone grape island grape snake elephant river river night dog snake yacht river night dog apple ocean grape snake yacht grape penguin snake village.", "2024-11-18 02:05:25");
insert into message (user_id, room_id, message_detail, created_at) values (2, 21, "Ocean whale island yacht tiger ocean umbrella fish river tiger ocean.", "2024-04-22 06:01:03");
insert into message (user_id, room_id, message_detail, created_at) values (2, 21, "Kangaroo grape banana fish lion queen island banana river monkey cherry yacht yacht elephant whale house queen xylophone apple ocean.", "2024-11-12 00:20:23");
insert into message (user_id, room_id, message_detail, created_at) values (2, 21, "Elephant ocean night house penguin fish house whale umbrella kangaroo village apple lion fish fish tiger house banana xylophone lion island fish river zebra elephant apple.", "2024-09-17 08:12:35");
insert into message (user_id, room_id, message_detail, created_at) values (2, 21, "Penguin yacht queen kangaroo cherry monkey monkey umbrella river tiger banana snake kangaroo apple.", "2024-01-25 12:56:43");
insert into message (user_id, room_id, message_detail, created_at) values (2, 21, "Zebra island island banana jungle tiger night night monkey grape.", "2024-06-20 02:54:56");
insert into message (user_id, room_id, message_detail, created_at) values (2, 21, "Jungle village xylophone xylophone umbrella whale ocean ocean fish grape dog banana lion cherry zebra.", "2023-12-06 20:04:04");
insert into message (user_id, room_id, message_detail, created_at) values (2, 21, "Cherry river lion banana umbrella night lion lion umbrella cherry house xylophone grape monkey village.", "2024-11-16 08:46:47");
insert into message (user_id, room_id, message_detail, created_at) values (2, 21, "Snake zebra house queen elephant snake elephant banana house umbrella zebra umbrella house snake kangaroo snake grape snake penguin banana monkey whale penguin lion tiger xylophone ocean night tiger grape.", "2024-04-26 00:32:45");
insert into message (user_id, room_id, message_detail, created_at) values (2, 21, "Queen snake monkey dog house yacht ocean grape snake whale.", "2024-01-19 15:08:55");
insert into message (user_id, room_id, message_detail, created_at) values (2, 21, "Umbrella village monkey night cherry snake zebra elephant apple lion yacht fish lion penguin xylophone cherry night zebra island lion kangaroo whale grape banana night jungle.", "2024-11-18 03:34:03");
insert into message (user_id, room_id, message_detail, created_at) values (2, 21, "Tiger fish yacht cherry jungle banana cherry grape apple penguin whale.", "2024-11-08 07:17:40");
insert into task (task_id,sprint_id, task_title, task_description, task_type, due_date, created_at) values (522,87, "Task no. 1", "Banana snake monkey whale village banana island tiger elephant jungle whale whale xylophone xylophone apple whale river banana lion.", "5", "2024-11-18 18:34:31", "2023-12-27 20:50:05");
insert into taskperform (task_id, user_id, created_at) values (522, 2, "2024-03-28 14:03:50");
insert into task (task_id,sprint_id, task_title, task_description, task_type, due_date, created_at) values (523,32, "Task no. 8", "Jungle night cherry monkey banana dog river jungle apple banana snake kangaroo lion xylophone island.", "1", "2024-11-14 12:44:34", "2024-02-08 14:09:48");
insert into taskperform (task_id, user_id, created_at) values (523, 2, "2024-11-12 13:12:44");
insert into task (task_id,sprint_id, task_title, task_description, task_type, due_date, created_at) values (524,51, "Task no. 1", "Queen whale night grape yacht umbrella tiger apple jungle jungle apple penguin grape river river house yacht tiger kangaroo tiger cherry snake jungle ocean cherry.", "3", "2024-11-06 12:05:43", "2024-07-20 17:39:20");
insert into taskperform (task_id, user_id, created_at) values (524, 2, "2024-12-01 16:01:24");
insert into task (task_id,sprint_id, task_title, task_description, task_type, due_date, created_at) values (525,39, "Task no. 4", "River penguin kangaroo grape cherry island apple grape island village yacht elephant elephant cherry tiger.", "6", "2024-11-30 02:42:18", "2024-11-23 15:15:34");
insert into taskperform (task_id, user_id, created_at) values (525, 2, "2024-12-04 09:51:32");
insert into task (task_id,sprint_id, task_title, task_description, task_type, due_date, created_at) values (526,52, "Task no. 2", "Elephant kangaroo apple zebra jungle jungle lion queen monkey fish grape queen whale whale jungle monkey lion snake jungle house kangaroo.", "5", "2024-09-06 23:02:58", "2024-08-27 21:21:38");
insert into taskperform (task_id, user_id, created_at) values (526, 2, "2024-11-17 14:36:13");
insert into task (task_id,sprint_id, task_title, task_description, task_type, due_date, created_at) values (527,73, "Task no. 2", "Xylophone jungle elephant queen tiger cherry dog grape village fish umbrella grape xylophone tiger elephant village queen river banana apple village island kangaroo cherry grape grape fish banana village penguin.", "5", "2024-11-10 08:28:16", "2024-07-25 16:25:36");
insert into taskperform (task_id, user_id, created_at) values (527, 2, "2024-09-08 00:13:22");
insert into task (task_id,sprint_id, task_title, task_description, task_type, due_date, created_at) values (528,59, "Task no. 1", "Grape house river cherry dog island tiger house apple night yacht xylophone zebra tiger whale queen jungle ocean island yacht fish queen cherry tiger apple island.", "3", "2024-09-17 16:19:12", "2023-12-11 21:38:35");
insert into taskperform (task_id, user_id, created_at) values (528, 2, "2024-07-31 01:07:03");
insert into task (task_id,sprint_id, task_title, task_description, task_type, due_date, created_at) values (529,24, "Task no. 10", "Xylophone jungle house monkey river umbrella yacht monkey cherry village xylophone dog zebra jungle jungle.", "3", "2024-12-12 08:42:14", "2024-12-04 23:56:48");
insert into taskperform (task_id, user_id, created_at) values (529, 2, "2024-12-05 04:24:47");
insert into role (user_id, room_id, role_detail) values (4, 21, 2);
insert into message (user_id, room_id, message_detail, created_at) values (4, 21, "Whale ocean banana elephant queen penguin snake ocean elephant monkey.", "2024-09-26 03:22:43");
insert into message (user_id, room_id, message_detail, created_at) values (4, 21, "Banana elephant whale zebra house ocean queen apple apple night grape house island island island village cherry zebra snake fish monkey penguin night.", "2023-12-15 17:13:25");
insert into message (user_id, room_id, message_detail, created_at) values (4, 21, "Fish cherry penguin elephant village house night kangaroo yacht grape dog zebra river apple dog cherry yacht fish umbrella kangaroo island penguin village.", "2024-03-24 22:11:56");
insert into message (user_id, room_id, message_detail, created_at) values (4, 21, "Penguin island night fish river yacht dog house village fish kangaroo dog night house.", "2024-02-01 17:34:26");
insert into message (user_id, room_id, message_detail, created_at) values (4, 21, "River cherry cherry tiger penguin grape lion xylophone kangaroo kangaroo river xylophone kangaroo ocean monkey fish banana monkey house tiger tiger elephant xylophone river elephant banana cherry river zebra monkey.", "2024-11-02 21:49:00");
insert into message (user_id, room_id, message_detail, created_at) values (4, 21, "Jungle grape apple ocean grape umbrella cherry cherry lion kangaroo xylophone.", "2024-11-27 09:49:15");
insert into message (user_id, room_id, message_detail, created_at) values (4, 21, "Queen river elephant grape fish monkey elephant river river snake zebra lion ocean island cherry queen cherry banana apple snake tiger monkey river dog tiger xylophone grape ocean grape night.", "2024-10-11 13:38:38");
insert into message (user_id, room_id, message_detail, created_at) values (4, 21, "Queen grape whale river cherry fish apple village lion banana night penguin penguin apple river lion ocean snake river elephant.", "2023-12-02 14:55:27");
insert into message (user_id, room_id, message_detail, created_at) values (4, 21, "Zebra kangaroo grape queen lion dog queen lion penguin fish.", "2024-02-25 23:05:10");
insert into task (task_id,sprint_id, task_title, task_description, task_type, due_date, created_at) values (530,56, "Task no. 2", "River xylophone zebra umbrella whale elephant village island xylophone snake house whale penguin elephant island ocean.", "4", "2024-10-27 07:43:53", "2024-01-04 22:10:45");
insert into taskperform (task_id, user_id, created_at) values (530, 4, "2024-12-04 15:18:07");
insert into task (task_id,sprint_id, task_title, task_description, task_type, due_date, created_at) values (531,56, "Task no. 3", "Zebra river umbrella banana dog tiger whale grape elephant grape.", "4", "2024-06-15 02:53:23", "2024-01-16 04:19:56");
insert into taskperform (task_id, user_id, created_at) values (531, 4, "2024-10-24 02:57:46");
insert into task (task_id,sprint_id, task_title, task_description, task_type, due_date, created_at) values (532,22, "Task no. 8", "Lion village tiger zebra kangaroo yacht house tiger fish river zebra zebra queen banana apple tiger queen whale cherry grape penguin whale.", "3", "2024-07-09 23:44:07", "2024-01-29 23:38:31");
insert into taskperform (task_id, user_id, created_at) values (532, 4, "2024-10-03 06:26:32");
insert into task (task_id,sprint_id, task_title, task_description, task_type, due_date, created_at) values (533,35, "Task no. 4", "Umbrella river queen lion umbrella banana island kangaroo ocean monkey umbrella banana xylophone island.", "5", "2024-11-14 22:18:00", "2024-01-02 11:20:32");
insert into task (task_id,sprint_id, task_title, task_description, task_type, due_date, created_at) values (534,16, "Task no. 14", "Island lion yacht dog tiger banana cherry snake night kangaroo xylophone elephant xylophone apple village night kangaroo xylophone zebra grape cherry.", "3", "2024-04-27 11:58:23", "2024-03-19 01:41:03");
insert into taskperform (task_id, user_id, created_at) values (534, 4, "2024-11-05 09:53:24");
insert into task (task_id,sprint_id, task_title, task_description, task_type, due_date, created_at) values (535,25, "Task no. 6", "Snake umbrella yacht penguin fish apple dog tiger queen house kangaroo zebra banana monkey island banana queen banana snake river lion queen penguin.", "2", "2024-05-01 11:57:11", "2024-04-18 09:35:46");
insert into taskperform (task_id, user_id, created_at) values (535, 4, "2024-11-09 17:26:46");
insert into task (task_id,sprint_id, task_title, task_description, task_type, due_date, created_at) values (536,29, "Task no. 6", "Night dog yacht island yacht grape snake xylophone night zebra night queen tiger tiger house elephant grape jungle tiger banana zebra monkey grape cherry yacht ocean cherry penguin banana queen.", "6", "2024-11-16 11:59:55", "2024-10-01 20:18:14");
insert into taskperform (task_id, user_id, created_at) values (536, 4, "2024-10-22 11:32:09");
insert into task (task_id,sprint_id, task_title, task_description, task_type, due_date, created_at) values (537,69, "Task no. 4", "Penguin banana lion grape whale cherry cherry ocean apple queen river grape umbrella house island queen zebra elephant house penguin jungle ocean penguin lion island ocean whale yacht dog zebra.", "5", "2024-12-01 23:30:42", "2024-10-22 17:46:39");
insert into taskperform (task_id, user_id, created_at) values (537, 4, "2024-10-25 12:55:35");
insert into task (task_id,sprint_id, task_title, task_description, task_type, due_date, created_at) values (538,77, "Task no. 2", "Queen house umbrella river zebra snake lion village umbrella snake elephant grape ocean.", "5", "2024-05-18 23:25:34", "2024-05-15 01:20:12");
insert into taskperform (task_id, user_id, created_at) values (538, 4, "2024-09-02 21:45:26");
insert into sprint (room_id, sprint_name, created_at) values (22, "Sprint no. 1" , "2024-07-03 13:10:00");
insert into sprint (room_id, sprint_name, created_at) values (22, "Sprint no. 2" , "2024-08-14 22:56:00");
insert into sprint (room_id, sprint_name, created_at) values (22, "Sprint no. 3" , "2024-09-03 12:28:10");
insert into sprint (room_id, sprint_name, created_at) values (22, "Sprint no. 4" , "2024-09-18 07:01:39");
insert into role (user_id, room_id, role_detail) values (1, 22, 1);
insert into message (user_id, room_id, message_detail, created_at) values (1, 22, "Yacht lion penguin queen dog queen penguin dog zebra snake island apple grape zebra jungle penguin grape dog.", "2023-12-14 12:01:08");
insert into message (user_id, room_id, message_detail, created_at) values (1, 22, "Island cherry house island kangaroo queen house ocean grape house grape whale river monkey umbrella.", "2024-07-10 00:55:31");
insert into task (task_id,sprint_id, task_title, task_description, task_type, due_date, created_at) values (539,39, "Task no. 5", "Tiger kangaroo jungle xylophone fish tiger umbrella monkey xylophone grape night grape whale.", "5", "2024-09-12 04:37:20", "2024-07-24 09:44:44");
insert into task (task_id,sprint_id, task_title, task_description, task_type, due_date, created_at) values (540,87, "Task no. 2", "Village apple village cherry dog xylophone village night island umbrella jungle ocean river fish night penguin jungle village banana penguin jungle monkey lion xylophone island tiger zebra house river village.", "4", "2024-07-11 23:02:56", "2024-05-13 09:29:29");
insert into task (task_id,sprint_id, task_title, task_description, task_type, due_date, created_at) values (541,27, "Task no. 8", "Lion cherry whale umbrella village banana lion cherry zebra house jungle dog monkey kangaroo village umbrella.", "3", "2024-12-01 01:36:11", "2024-08-24 06:47:35");
insert into taskperform (task_id, user_id, created_at) values (541, 1, "2024-09-14 11:31:04");
insert into task (task_id,sprint_id, task_title, task_description, task_type, due_date, created_at) values (542,33, "Task no. 3", "Grape xylophone island island banana yacht elephant whale umbrella fish ocean cherry river village dog house village lion apple river tiger zebra jungle night penguin jungle penguin yacht island cherry.", "6", "2024-11-16 08:13:15", "2024-11-15 19:17:30");
insert into task (task_id,sprint_id, task_title, task_description, task_type, due_date, created_at) values (543,14, "Task no. 16", "Grape elephant kangaroo house penguin monkey umbrella ocean village house dog village night kangaroo zebra.", "1", "2024-06-22 19:51:16", "2024-05-08 00:36:45");
insert into taskperform (task_id, user_id, created_at) values (543, 1, "2024-10-21 10:44:20");
insert into task (task_id,sprint_id, task_title, task_description, task_type, due_date, created_at) values (544,81, "Task no. 1", "Ocean yacht banana queen snake banana zebra umbrella village house tiger ocean dog banana queen dog jungle night cherry night yacht night zebra dog house village house.", "5", "2024-11-26 18:55:54", "2024-11-21 07:59:05");
insert into taskperform (task_id, user_id, created_at) values (544, 1, "2024-12-08 14:20:54");
insert into role (user_id, room_id, role_detail) values (8, 22, 3);
insert into message (user_id, room_id, message_detail, created_at) values (8, 22, "Whale zebra snake snake lion house monkey night xylophone village xylophone whale whale river night penguin fish yacht zebra house queen queen kangaroo queen lion whale house apple yacht.", "2024-04-05 15:15:29");
insert into message (user_id, room_id, message_detail, created_at) values (8, 22, "River zebra whale yacht apple kangaroo jungle banana island elephant yacht night banana zebra fish river whale banana island yacht snake village.", "2024-09-04 23:03:55");
insert into message (user_id, room_id, message_detail, created_at) values (8, 22, "Penguin snake umbrella apple dog ocean zebra kangaroo river banana monkey ocean ocean apple grape zebra apple.", "2023-12-07 02:33:10");
insert into message (user_id, room_id, message_detail, created_at) values (8, 22, "Banana ocean night grape apple apple tiger fish night yacht apple snake.", "2024-01-21 00:17:59");
insert into message (user_id, room_id, message_detail, created_at) values (8, 22, "Kangaroo fish dog umbrella elephant kangaroo tiger island xylophone cherry elephant grape island house xylophone elephant xylophone xylophone elephant.", "2024-05-21 17:09:10");
insert into message (user_id, room_id, message_detail, created_at) values (8, 22, "Whale penguin xylophone village umbrella lion ocean tiger elephant house tiger night.", "2024-10-16 18:24:26");
insert into message (user_id, room_id, message_detail, created_at) values (8, 22, "Elephant house dog house zebra monkey ocean queen snake yacht cherry river zebra.", "2024-01-05 10:59:23");
insert into message (user_id, room_id, message_detail, created_at) values (8, 22, "Monkey house banana queen cherry xylophone ocean xylophone jungle zebra grape monkey ocean cherry yacht house elephant fish xylophone whale zebra cherry.", "2024-10-21 08:23:31");
insert into message (user_id, room_id, message_detail, created_at) values (8, 22, "Xylophone ocean yacht umbrella lion night elephant island ocean house island monkey snake cherry jungle penguin village snake river house ocean cherry umbrella lion kangaroo.", "2024-06-27 19:46:41");
insert into message (user_id, room_id, message_detail, created_at) values (8, 22, "Lion kangaroo fish xylophone kangaroo lion penguin whale house fish snake grape night ocean kangaroo monkey zebra river.", "2024-09-18 10:27:40");
insert into message (user_id, room_id, message_detail, created_at) values (8, 22, "Queen island lion ocean xylophone night penguin monkey whale apple river night banana grape kangaroo night jungle apple village village yacht fish kangaroo xylophone village queen banana.", "2023-12-15 09:18:25");
insert into message (user_id, room_id, message_detail, created_at) values (8, 22, "Yacht queen kangaroo fish house xylophone snake banana elephant fish.", "2024-02-17 16:07:26");
insert into message (user_id, room_id, message_detail, created_at) values (8, 22, "Dog grape snake island river queen snake tiger fish monkey umbrella lion queen xylophone cherry night monkey elephant dog lion penguin queen island.", "2024-05-21 13:03:46");
insert into message (user_id, room_id, message_detail, created_at) values (8, 22, "Cherry monkey tiger tiger queen grape fish snake penguin kangaroo cherry fish penguin zebra elephant ocean kangaroo yacht penguin.", "2024-04-06 03:08:44");
insert into task (task_id,sprint_id, task_title, task_description, task_type, due_date, created_at) values (545,8, "Task no. 14", "Night house apple island village elephant apple banana cherry banana river kangaroo jungle house lion house penguin.", "4", "2024-11-02 17:19:21", "2024-05-10 09:34:44");
insert into taskperform (task_id, user_id, created_at) values (545, 8, "2024-05-12 09:16:11");
insert into task (task_id,sprint_id, task_title, task_description, task_type, due_date, created_at) values (546,21, "Task no. 14", "Banana kangaroo night village ocean elephant queen elephant banana river.", "1", "2024-09-05 06:24:52", "2024-06-24 07:07:45");
insert into taskperform (task_id, user_id, created_at) values (546, 8, "2024-08-26 08:59:09");
insert into task (task_id,sprint_id, task_title, task_description, task_type, due_date, created_at) values (547,9, "Task no. 14", "Elephant zebra zebra village ocean island zebra snake monkey monkey.", "5", "2024-08-30 16:36:01", "2024-05-20 11:17:07");
insert into taskperform (task_id, user_id, created_at) values (547, 8, "2024-06-18 01:00:27");
insert into task (task_id,sprint_id, task_title, task_description, task_type, due_date, created_at) values (548,24, "Task no. 11", "Queen grape village river kangaroo xylophone island village kangaroo apple apple dog fish snake umbrella tiger yacht.", "4", "2024-12-03 12:09:29", "2024-10-22 11:10:27");
insert into taskperform (task_id, user_id, created_at) values (548, 8, "2024-11-20 17:45:21");
insert into task (task_id,sprint_id, task_title, task_description, task_type, due_date, created_at) values (549,51, "Task no. 2", "Ocean yacht elephant whale xylophone jungle apple snake fish grape yacht apple kangaroo monkey monkey elephant whale kangaroo banana jungle.", "2", "2024-11-18 19:59:13", "2024-01-15 07:20:51");
insert into taskperform (task_id, user_id, created_at) values (549, 8, "2024-10-14 20:58:03");
insert into task (task_id,sprint_id, task_title, task_description, task_type, due_date, created_at) values (550,88, "Task no. 2", "Xylophone jungle snake cherry zebra grape whale tiger whale cherry penguin jungle village house house whale tiger tiger banana yacht grape kangaroo whale.", "2", "2024-11-23 06:20:19", "2024-11-22 01:06:17");
insert into taskperform (task_id, user_id, created_at) values (550, 8, "2024-11-22 11:23:26");
insert into role (user_id, room_id, role_detail) values (2, 22, 2);
insert into message (user_id, room_id, message_detail, created_at) values (2, 22, "House snake tiger monkey grape elephant apple monkey zebra apple whale apple zebra elephant tiger jungle umbrella zebra fish banana.", "2024-11-23 02:08:04");
insert into message (user_id, room_id, message_detail, created_at) values (2, 22, "Island kangaroo lion ocean umbrella cherry zebra cherry cherry xylophone tiger jungle jungle dog grape tiger river night apple banana.", "2024-12-03 21:12:29");
insert into message (user_id, room_id, message_detail, created_at) values (2, 22, "Umbrella lion monkey penguin elephant yacht cherry island queen yacht penguin umbrella elephant night xylophone yacht house xylophone house river dog jungle fish grape fish cherry.", "2024-10-07 08:41:48");
insert into message (user_id, room_id, message_detail, created_at) values (2, 22, "Queen snake dog penguin zebra village queen lion queen zebra zebra lion kangaroo snake river xylophone grape grape tiger monkey umbrella monkey.", "2024-11-02 18:39:22");
insert into message (user_id, room_id, message_detail, created_at) values (2, 22, "Fish house zebra monkey tiger tiger banana umbrella tiger cherry lion snake cherry grape umbrella river penguin penguin cherry tiger.", "2024-03-07 17:23:24");
insert into task (task_id,sprint_id, task_title, task_description, task_type, due_date, created_at) values (551,29, "Task no. 7", "Ocean village snake cherry cherry night queen grape dog xylophone queen night lion dog penguin island penguin xylophone kangaroo umbrella island monkey night xylophone river tiger tiger yacht tiger house.", "6", "2024-09-04 00:26:12", "2024-07-12 09:35:48");
insert into taskperform (task_id, user_id, created_at) values (551, 2, "2024-09-09 14:48:57");
insert into task (task_id,sprint_id, task_title, task_description, task_type, due_date, created_at) values (552,5, "Task no. 32", "Island jungle kangaroo yacht village lion zebra banana banana lion jungle grape ocean snake yacht elephant tiger whale cherry island jungle monkey yacht penguin island.", "5", "2024-10-25 06:24:26", "2024-10-25 05:17:41");
insert into taskperform (task_id, user_id, created_at) values (552, 2, "2024-10-29 05:13:49");
insert into task (task_id,sprint_id, task_title, task_description, task_type, due_date, created_at) values (553,53, "Task no. 7", "Night monkey umbrella village zebra kangaroo village grape house lion island grape lion grape apple kangaroo lion zebra kangaroo.", "1", "2024-05-17 05:19:53", "2024-01-05 03:21:27");
insert into taskperform (task_id, user_id, created_at) values (553, 2, "2024-09-28 05:31:08");
insert into task (task_id,sprint_id, task_title, task_description, task_type, due_date, created_at) values (554,80, "Task no. 1", "Night island umbrella zebra house cherry night banana xylophone monkey lion cherry umbrella lion night zebra.", "2", "2024-12-06 02:00:23", "2024-10-07 23:03:09");
insert into taskperform (task_id, user_id, created_at) values (554, 2, "2024-10-21 10:29:18");
insert into role (user_id, room_id, role_detail) values (6, 22, 3);
insert into message (user_id, room_id, message_detail, created_at) values (6, 22, "Island banana monkey banana xylophone xylophone penguin snake elephant banana whale tiger grape jungle ocean village snake house night fish snake.", "2024-03-30 10:41:12");
insert into message (user_id, room_id, message_detail, created_at) values (6, 22, "Queen village monkey river queen house whale tiger jungle xylophone umbrella snake dog kangaroo elephant night jungle river ocean lion yacht village tiger apple ocean yacht kangaroo whale cherry.", "2023-12-04 00:17:40");
insert into role (user_id, room_id, role_detail) values (3, 22, 2);
insert into message (user_id, room_id, message_detail, created_at) values (3, 22, "Dog village lion queen xylophone xylophone lion snake umbrella xylophone dog ocean whale lion grape tiger house village grape cherry.", "2024-05-05 04:57:10");
insert into message (user_id, room_id, message_detail, created_at) values (3, 22, "Dog xylophone monkey elephant zebra penguin dog fish kangaroo island xylophone.", "2024-06-14 17:30:36");
insert into message (user_id, room_id, message_detail, created_at) values (3, 22, "Queen fish village monkey yacht ocean house whale ocean elephant banana village penguin monkey kangaroo.", "2024-06-02 22:31:17");
insert into message (user_id, room_id, message_detail, created_at) values (3, 22, "Village kangaroo snake jungle banana village grape umbrella zebra kangaroo apple night ocean kangaroo fish jungle jungle.", "2024-02-02 18:23:12");
insert into message (user_id, room_id, message_detail, created_at) values (3, 22, "Snake banana elephant yacht ocean fish ocean fish elephant dog monkey grape elephant monkey kangaroo yacht queen tiger village monkey cherry house island elephant whale xylophone house zebra.", "2024-11-09 17:30:52");
insert into message (user_id, room_id, message_detail, created_at) values (3, 22, "Lion snake jungle lion whale island cherry cherry banana snake fish kangaroo xylophone grape dog river penguin.", "2023-12-25 06:06:56");
insert into message (user_id, room_id, message_detail, created_at) values (3, 22, "Queen jungle umbrella river night queen snake monkey night night fish snake.", "2024-09-02 02:57:03");
insert into message (user_id, room_id, message_detail, created_at) values (3, 22, "Island penguin cherry jungle tiger umbrella fish monkey fish dog queen yacht umbrella whale dog grape dog snake elephant island queen queen.", "2024-11-10 17:14:41");
insert into message (user_id, room_id, message_detail, created_at) values (3, 22, "Cherry banana banana banana kangaroo island queen grape queen tiger river queen umbrella umbrella ocean cherry elephant night apple snake tiger lion apple grape cherry apple penguin banana jungle.", "2024-06-12 00:57:19");
insert into message (user_id, room_id, message_detail, created_at) values (3, 22, "Island kangaroo river penguin zebra yacht fish lion penguin umbrella island xylophone grape cherry night cherry.", "2024-03-08 22:54:10");
insert into message (user_id, room_id, message_detail, created_at) values (3, 22, "Apple jungle monkey jungle banana dog jungle tiger kangaroo fish kangaroo.", "2024-11-22 13:10:28");
insert into message (user_id, room_id, message_detail, created_at) values (3, 22, "Yacht island umbrella zebra night elephant umbrella zebra elephant dog snake.", "2024-08-26 09:49:00");
insert into message (user_id, room_id, message_detail, created_at) values (3, 22, "Umbrella fish snake cherry river zebra elephant xylophone queen monkey penguin night elephant dog jungle penguin.", "2024-01-10 22:55:47");
insert into message (user_id, room_id, message_detail, created_at) values (3, 22, "River xylophone river yacht umbrella lion umbrella kangaroo cherry kangaroo river.", "2024-08-02 15:16:49");
insert into message (user_id, room_id, message_detail, created_at) values (3, 22, "House apple tiger night zebra dog lion kangaroo dog fish.", "2024-09-22 11:03:11");
insert into message (user_id, room_id, message_detail, created_at) values (3, 22, "Snake penguin river elephant penguin grape night queen zebra yacht penguin banana ocean xylophone zebra village jungle xylophone ocean ocean jungle penguin island.", "2024-02-05 04:38:24");
insert into task (task_id,sprint_id, task_title, task_description, task_type, due_date, created_at) values (555,38, "Task no. 3", "Jungle island xylophone elephant banana island night banana cherry cherry queen night kangaroo river snake village yacht elephant snake house banana apple yacht banana grape.", "5", "2024-10-03 09:51:47", "2024-09-24 16:09:13");
insert into taskperform (task_id, user_id, created_at) values (555, 3, "2024-09-27 08:14:55");
insert into role (user_id, room_id, role_detail) values (9, 22, 3);
insert into message (user_id, room_id, message_detail, created_at) values (9, 22, "Village ocean ocean village jungle zebra umbrella kangaroo elephant kangaroo umbrella night dog queen river apple.", "2023-12-24 01:24:33");
insert into message (user_id, room_id, message_detail, created_at) values (9, 22, "Elephant ocean cherry kangaroo umbrella monkey river penguin dog kangaroo night river umbrella grape jungle umbrella grape river grape umbrella whale umbrella whale penguin whale fish umbrella.", "2024-04-23 07:55:41");
insert into message (user_id, room_id, message_detail, created_at) values (9, 22, "Monkey snake fish umbrella umbrella grape tiger cherry snake banana.", "2024-05-23 15:53:26");
insert into message (user_id, room_id, message_detail, created_at) values (9, 22, "Jungle xylophone banana cherry queen village whale cherry monkey jungle umbrella grape ocean zebra kangaroo queen monkey dog elephant kangaroo grape penguin kangaroo queen village jungle elephant.", "2024-09-21 08:01:07");
insert into task (task_id,sprint_id, task_title, task_description, task_type, due_date, created_at) values (556,62, "Task no. 1", "Lion house zebra monkey ocean house dog whale lion house monkey cherry apple night banana zebra.", "2", "2024-11-23 00:57:35", "2024-11-10 22:39:41");
insert into taskperform (task_id, user_id, created_at) values (556, 9, "2024-11-19 04:50:34");
insert into task (task_id,sprint_id, task_title, task_description, task_type, due_date, created_at) values (557,32, "Task no. 9", "Lion apple umbrella village tiger island grape island cherry island ocean banana kangaroo fish river whale monkey elephant cherry monkey whale whale house night.", "5", "2024-09-30 02:56:36", "2023-12-12 19:06:51");
insert into task (task_id,sprint_id, task_title, task_description, task_type, due_date, created_at) values (558,58, "Task no. 2", "Ocean jungle village snake tiger zebra fish night tiger kangaroo house tiger river village snake dog xylophone elephant whale elephant whale snake cherry house snake.", "2", "2024-07-15 15:12:26", "2024-01-28 10:41:12");
insert into taskperform (task_id, user_id, created_at) values (558, 9, "2024-08-19 22:25:27");
insert into task (task_id,sprint_id, task_title, task_description, task_type, due_date, created_at) values (559,61, "Task no. 4", "Dog yacht umbrella elephant banana cherry cherry dog river snake dog night tiger dog lion cherry umbrella night cherry house night tiger island zebra.", "5", "2024-10-06 12:19:05", "2024-06-06 01:43:35");
insert into taskperform (task_id, user_id, created_at) values (559, 9, "2024-11-06 01:53:00");
insert into task (task_id,sprint_id, task_title, task_description, task_type, due_date, created_at) values (560,84, "Task no. 1", "Monkey lion island umbrella elephant night apple whale ocean tiger island ocean whale jungle tiger banana elephant night snake kangaroo village.", "1", "2024-03-23 20:49:20", "2024-03-11 22:31:15");
insert into taskperform (task_id, user_id, created_at) values (560, 9, "2024-04-25 11:23:19");
insert into task (task_id,sprint_id, task_title, task_description, task_type, due_date, created_at) values (561,57, "Task no. 3", "Xylophone yacht village kangaroo night kangaroo snake zebra ocean dog tiger island cherry lion night umbrella kangaroo whale night penguin.", "5", "2024-11-22 07:55:00", "2024-10-10 14:55:03");
insert into taskperform (task_id, user_id, created_at) values (561, 9, "2024-12-09 14:35:00");
insert into task (task_id,sprint_id, task_title, task_description, task_type, due_date, created_at) values (562,65, "Task no. 2", "House snake ocean village apple fish jungle cherry river ocean banana elephant dog zebra lion umbrella.", "1", "2024-12-04 21:57:14", "2024-03-31 04:33:40");
insert into taskperform (task_id, user_id, created_at) values (562, 9, "2024-09-13 17:12:10");
insert into role (user_id, room_id, role_detail) values (4, 22, 2);
insert into message (user_id, room_id, message_detail, created_at) values (4, 22, "Zebra snake island tiger fish yacht umbrella queen island banana banana umbrella apple apple elephant island apple snake night grape ocean monkey.", "2024-04-09 07:31:26");
insert into message (user_id, room_id, message_detail, created_at) values (4, 22, "Elephant yacht village monkey xylophone apple night kangaroo tiger tiger whale dog penguin dog yacht grape ocean jungle.", "2024-07-01 19:39:43");
insert into task (task_id,sprint_id, task_title, task_description, task_type, due_date, created_at) values (563,13, "Task no. 12", "Penguin house grape queen zebra snake jungle yacht ocean banana cherry cherry banana snake whale kangaroo elephant whale house monkey apple night jungle lion.", "4", "2024-06-21 16:04:27", "2024-01-30 00:08:47");
insert into taskperform (task_id, user_id, created_at) values (563, 4, "2024-08-28 19:29:38");
insert into task (task_id,sprint_id, task_title, task_description, task_type, due_date, created_at) values (564,18, "Task no. 10", "Dog xylophone monkey island zebra night monkey tiger ocean river xylophone elephant river penguin jungle jungle lion ocean yacht.", "3", "2024-11-29 09:40:09", "2024-11-28 03:03:58");
insert into taskperform (task_id, user_id, created_at) values (564, 4, "2024-12-02 12:53:19");
insert into task (task_id,sprint_id, task_title, task_description, task_type, due_date, created_at) values (565,67, "Task no. 3", "Umbrella queen cherry dog island banana island monkey whale fish night monkey lion xylophone night fish yacht.", "4", "2024-07-21 17:53:31", "2024-05-15 01:29:30");
insert into taskperform (task_id, user_id, created_at) values (565, 4, "2024-06-27 09:09:26");
insert into task (task_id,sprint_id, task_title, task_description, task_type, due_date, created_at) values (566,17, "Task no. 16", "Xylophone apple kangaroo queen banana grape ocean queen xylophone fish dog ocean whale xylophone banana elephant umbrella queen tiger kangaroo elephant lion whale xylophone elephant tiger.", "5", "2024-04-28 08:55:54", "2024-04-08 12:34:14");
insert into taskperform (task_id, user_id, created_at) values (566, 4, "2024-09-28 11:38:49");
insert into task (task_id,sprint_id, task_title, task_description, task_type, due_date, created_at) values (567,11, "Task no. 15", "Monkey umbrella queen cherry village ocean queen kangaroo snake house grape house monkey snake zebra yacht lion dog xylophone river village tiger.", "4", "2024-06-21 21:31:16", "2024-03-07 09:03:37");
insert into taskperform (task_id, user_id, created_at) values (567, 4, "2024-10-21 11:35:34");
insert into task (task_id,sprint_id, task_title, task_description, task_type, due_date, created_at) values (568,7, "Task no. 16", "Penguin queen zebra yacht xylophone lion island penguin apple tiger lion island snake zebra village dog.", "6", "2024-12-04 10:28:07", "2024-06-28 18:56:55");
insert into taskperform (task_id, user_id, created_at) values (568, 4, "2024-09-07 12:57:46");
insert into task (task_id,sprint_id, task_title, task_description, task_type, due_date, created_at) values (569,8, "Task no. 15", "Whale cherry lion kangaroo elephant cherry monkey tiger monkey ocean lion tiger house banana village yacht yacht zebra queen night.", "2", "2024-03-09 13:50:44", "2024-03-07 04:52:50");
insert into taskperform (task_id, user_id, created_at) values (569, 4, "2024-04-16 00:33:38");
insert into sprint (room_id, sprint_name, created_at) values (23, "Sprint no. 1" , "2024-10-05 21:04:18");
insert into sprint (room_id, sprint_name, created_at) values (23, "Sprint no. 2" , "2024-10-25 03:54:58");
insert into role (user_id, room_id, role_detail) values (1, 23, 1);
insert into message (user_id, room_id, message_detail, created_at) values (1, 23, "Village penguin zebra banana monkey umbrella xylophone ocean island zebra cherry whale grape dog queen house ocean penguin.", "2024-05-04 02:45:21");
insert into message (user_id, room_id, message_detail, created_at) values (1, 23, "Penguin house monkey kangaroo banana banana apple umbrella umbrella fish umbrella village jungle queen whale umbrella.", "2024-04-24 15:31:07");
insert into message (user_id, room_id, message_detail, created_at) values (1, 23, "Tiger grape island zebra house zebra river grape grape umbrella tiger queen banana cherry penguin queen umbrella grape dog snake dog fish river kangaroo lion river snake snake banana.", "2024-06-18 16:03:39");
insert into message (user_id, room_id, message_detail, created_at) values (1, 23, "Whale river xylophone whale cherry banana jungle whale river apple umbrella grape zebra elephant fish yacht tiger tiger tiger night apple river house cherry dog ocean apple.", "2024-06-17 14:25:15");
insert into message (user_id, room_id, message_detail, created_at) values (1, 23, "River night zebra apple monkey umbrella monkey yacht dog tiger xylophone tiger.", "2024-10-10 07:21:59");
insert into message (user_id, room_id, message_detail, created_at) values (1, 23, "Village grape jungle elephant umbrella queen yacht jungle yacht yacht night xylophone zebra village yacht jungle grape elephant banana penguin snake grape yacht night whale.", "2024-03-15 17:32:56");
insert into message (user_id, room_id, message_detail, created_at) values (1, 23, "Village zebra river apple penguin fish umbrella fish village umbrella cherry zebra yacht.", "2023-12-24 17:39:10");
insert into message (user_id, room_id, message_detail, created_at) values (1, 23, "Apple grape banana grape night dog river snake queen apple elephant queen.", "2024-03-24 18:40:49");
insert into message (user_id, room_id, message_detail, created_at) values (1, 23, "House village penguin jungle dog ocean yacht island snake island whale yacht jungle.", "2024-01-05 12:49:23");
insert into message (user_id, room_id, message_detail, created_at) values (1, 23, "Ocean elephant fish house monkey penguin lion lion village umbrella monkey kangaroo whale monkey whale yacht zebra whale.", "2024-07-22 04:51:28");
insert into message (user_id, room_id, message_detail, created_at) values (1, 23, "River ocean snake jungle xylophone house ocean night apple penguin xylophone apple village ocean kangaroo fish island village river queen ocean.", "2024-07-07 18:14:13");
insert into message (user_id, room_id, message_detail, created_at) values (1, 23, "Zebra xylophone village house tiger night lion umbrella elephant monkey tiger snake.", "2024-11-30 10:51:25");
insert into message (user_id, room_id, message_detail, created_at) values (1, 23, "Queen cherry river village umbrella island lion grape jungle elephant kangaroo ocean snake lion jungle whale penguin penguin dog ocean penguin elephant yacht kangaroo ocean ocean dog queen.", "2024-02-15 02:11:17");
insert into message (user_id, room_id, message_detail, created_at) values (1, 23, "House jungle dog cherry grape night ocean lion river penguin jungle umbrella.", "2024-12-13 10:08:23");
insert into message (user_id, room_id, message_detail, created_at) values (1, 23, "Penguin river river elephant cherry lion village yacht apple banana cherry kangaroo whale apple queen elephant dog snake fish house.", "2024-12-05 06:32:08");
insert into task (task_id,sprint_id, task_title, task_description, task_type, due_date, created_at) values (570,81, "Task no. 2", "Umbrella village island island lion ocean tiger xylophone night jungle river yacht umbrella dog zebra snake jungle island zebra banana whale penguin monkey.", "2", "2024-03-11 05:14:56", "2024-02-25 20:32:20");
insert into taskperform (task_id, user_id, created_at) values (570, 1, "2024-09-23 22:14:43");
insert into task (task_id,sprint_id, task_title, task_description, task_type, due_date, created_at) values (571,62, "Task no. 2", "Elephant cherry banana village jungle zebra apple lion monkey queen zebra house whale house ocean banana umbrella tiger elephant snake cherry apple.", "4", "2024-10-24 03:56:40", "2023-12-15 18:27:36");
insert into taskperform (task_id, user_id, created_at) values (571, 1, "2024-03-02 23:25:07");
insert into task (task_id,sprint_id, task_title, task_description, task_type, due_date, created_at) values (572,63, "Task no. 1", "Xylophone cherry island cherry snake monkey tiger yacht night dog house river grape fish zebra monkey cherry yacht umbrella village tiger banana night banana night.", "1", "2024-10-29 00:27:16", "2023-12-09 01:01:29");
insert into taskperform (task_id, user_id, created_at) values (572, 1, "2024-10-22 14:14:15");
insert into task (task_id,sprint_id, task_title, task_description, task_type, due_date, created_at) values (573,33, "Task no. 4", "Snake xylophone jungle monkey whale monkey fish lion umbrella dog yacht lion fish grape island jungle elephant house xylophone zebra kangaroo.", "4", "2024-11-10 18:44:18", "2024-03-08 08:10:28");
insert into taskperform (task_id, user_id, created_at) values (573, 1, "2024-07-12 16:58:32");
insert into task (task_id,sprint_id, task_title, task_description, task_type, due_date, created_at) values (574,16, "Task no. 15", "Queen apple lion fish whale dog ocean island island fish monkey jungle cherry umbrella grape snake lion night night.", "6", "2024-10-21 05:40:16", "2024-02-07 19:09:08");
insert into taskperform (task_id, user_id, created_at) values (574, 1, "2024-04-10 13:05:02");
insert into task (task_id,sprint_id, task_title, task_description, task_type, due_date, created_at) values (575,82, "Task no. 2", "Kangaroo whale village grape tiger village grape whale elephant xylophone queen island monkey cherry night river.", "1", "2024-09-24 10:17:40", "2024-05-22 10:40:37");
insert into taskperform (task_id, user_id, created_at) values (575, 1, "2024-07-17 00:14:39");
insert into task (task_id,sprint_id, task_title, task_description, task_type, due_date, created_at) values (576,28, "Task no. 3", "Umbrella banana yacht yacht house xylophone village village island banana.", "5", "2024-07-24 00:30:09", "2024-05-30 22:34:31");
insert into taskperform (task_id, user_id, created_at) values (576, 1, "2024-09-02 01:42:31");
insert into task (task_id,sprint_id, task_title, task_description, task_type, due_date, created_at) values (577,10, "Task no. 12", "Village apple village tiger house grape umbrella lion snake yacht night cherry umbrella night monkey jungle yacht ocean jungle jungle grape night monkey whale whale elephant dog.", "6", "2024-07-25 20:23:34", "2024-07-23 16:59:04");
insert into task (task_id,sprint_id, task_title, task_description, task_type, due_date, created_at) values (578,69, "Task no. 5", "Apple village grape river kangaroo elephant banana whale monkey island apple zebra village xylophone monkey night zebra river village ocean elephant penguin jungle banana grape fish apple umbrella village.", "5", "2024-12-13 11:21:37", "2024-12-02 19:45:31");
insert into taskperform (task_id, user_id, created_at) values (578, 1, "2024-12-09 17:35:28");
insert into task (task_id,sprint_id, task_title, task_description, task_type, due_date, created_at) values (579,73, "Task no. 3", "Tiger grape xylophone fish whale banana penguin queen dog zebra elephant river cherry river grape jungle village apple fish house monkey whale village.", "3", "2024-10-05 20:40:16", "2024-08-24 22:00:44");
insert into taskperform (task_id, user_id, created_at) values (579, 1, "2024-09-09 19:29:49");
insert into role (user_id, room_id, role_detail) values (3, 23, 3);
insert into message (user_id, room_id, message_detail, created_at) values (3, 23, "Island tiger ocean village yacht elephant grape lion yacht dog penguin river jungle ocean fish fish village xylophone.", "2024-07-27 15:54:59");
insert into message (user_id, room_id, message_detail, created_at) values (3, 23, "Monkey cherry ocean apple river kangaroo jungle ocean night fish island snake kangaroo fish lion elephant snake snake.", "2024-04-16 23:42:05");
insert into message (user_id, room_id, message_detail, created_at) values (3, 23, "Yacht zebra kangaroo island dog queen kangaroo queen cherry snake tiger apple fish ocean kangaroo cherry yacht yacht tiger ocean yacht banana.", "2024-04-20 09:17:12");
insert into message (user_id, room_id, message_detail, created_at) values (3, 23, "Apple dog dog monkey monkey island grape tiger ocean grape fish whale house apple jungle umbrella house cherry xylophone elephant river kangaroo penguin zebra house jungle yacht village snake banana.", "2024-03-30 03:08:22");
insert into message (user_id, room_id, message_detail, created_at) values (3, 23, "Kangaroo tiger cherry kangaroo village dog fish xylophone elephant grape penguin elephant queen xylophone cherry banana lion jungle kangaroo umbrella yacht house apple.", "2024-01-22 00:02:51");
insert into message (user_id, room_id, message_detail, created_at) values (3, 23, "Kangaroo river monkey kangaroo tiger apple monkey cherry queen apple river jungle penguin house xylophone whale apple yacht cherry.", "2024-08-11 13:52:53");
insert into message (user_id, room_id, message_detail, created_at) values (3, 23, "Village penguin yacht village zebra snake tiger lion river night dog yacht.", "2024-02-18 10:19:30");
insert into message (user_id, room_id, message_detail, created_at) values (3, 23, "Yacht river jungle island grape whale grape dog kangaroo kangaroo house tiger queen monkey village monkey ocean banana dog dog lion queen monkey river zebra banana lion.", "2024-12-09 01:33:13");
insert into message (user_id, room_id, message_detail, created_at) values (3, 23, "Elephant dog jungle banana penguin xylophone monkey umbrella grape yacht house grape grape snake kangaroo umbrella elephant.", "2024-09-26 16:20:53");
insert into message (user_id, room_id, message_detail, created_at) values (3, 23, "Xylophone dog xylophone whale fish cherry island banana cherry snake whale penguin.", "2024-08-12 00:42:07");
insert into task (task_id,sprint_id, task_title, task_description, task_type, due_date, created_at) values (580,10, "Task no. 13", "Dog cherry banana zebra kangaroo fish house grape island house whale village island kangaroo banana banana elephant snake river whale.", "4", "2024-11-03 12:18:48", "2024-10-30 04:53:05");
insert into taskperform (task_id, user_id, created_at) values (580, 3, "2024-11-22 03:19:46");
insert into task (task_id,sprint_id, task_title, task_description, task_type, due_date, created_at) values (581,77, "Task no. 3", "Lion apple xylophone umbrella banana village tiger cherry umbrella xylophone jungle xylophone river lion fish.", "2", "2024-11-01 01:56:41", "2024-10-12 12:10:01");
insert into taskperform (task_id, user_id, created_at) values (581, 3, "2024-10-22 06:45:43");
insert into task (task_id,sprint_id, task_title, task_description, task_type, due_date, created_at) values (582,14, "Task no. 17", "House jungle tiger monkey night grape jungle dog village fish umbrella banana ocean whale yacht zebra elephant island penguin banana night yacht.", "5", "2024-12-10 04:15:35", "2024-08-25 13:47:55");
insert into task (task_id,sprint_id, task_title, task_description, task_type, due_date, created_at) values (583,86, "Task no. 1", "Elephant ocean yacht house queen whale monkey apple zebra kangaroo zebra monkey grape apple jungle ocean yacht penguin lion snake dog apple umbrella queen island monkey lion.", "4", "2024-12-03 13:03:26", "2024-11-29 03:41:38");
insert into taskperform (task_id, user_id, created_at) values (583, 3, "2024-11-29 06:00:53");
insert into task (task_id,sprint_id, task_title, task_description, task_type, due_date, created_at) values (584,70, "Task no. 4", "Whale queen apple monkey ocean zebra yacht jungle river cherry penguin lion grape kangaroo yacht penguin jungle queen snake yacht penguin dog queen.", "1", "2024-11-22 18:29:25", "2024-11-10 17:20:52");
insert into taskperform (task_id, user_id, created_at) values (584, 3, "2024-11-12 20:35:32");
insert into task (task_id,sprint_id, task_title, task_description, task_type, due_date, created_at) values (585,36, "Task no. 6", "Tiger umbrella dog jungle penguin house elephant elephant grape village jungle house kangaroo fish island kangaroo fish lion house ocean village apple fish banana yacht island tiger kangaroo kangaroo kangaroo.", "5", "2024-12-13 09:58:23", "2024-12-12 12:09:21");
insert into taskperform (task_id, user_id, created_at) values (585, 3, "2024-12-14 23:08:05");
insert into task (task_id,sprint_id, task_title, task_description, task_type, due_date, created_at) values (586,71, "Task no. 3", "Dog jungle cherry apple queen fish whale lion river zebra zebra jungle fish jungle island night night banana house queen grape fish whale dog whale zebra umbrella.", "2", "2024-09-26 01:33:50", "2023-12-24 02:48:14");
insert into taskperform (task_id, user_id, created_at) values (586, 3, "2024-06-06 04:30:08");
insert into role (user_id, room_id, role_detail) values (4, 23, 2);
insert into message (user_id, room_id, message_detail, created_at) values (4, 23, "Night island tiger river night jungle river whale queen night monkey snake snake elephant xylophone house grape apple banana village snake monkey river kangaroo lion xylophone yacht.", "2024-02-15 15:25:56");
insert into message (user_id, room_id, message_detail, created_at) values (4, 23, "Cherry cherry zebra island umbrella whale jungle banana dog night fish river night river house.", "2024-08-06 16:05:00");
insert into message (user_id, room_id, message_detail, created_at) values (4, 23, "Ocean yacht kangaroo grape grape whale banana kangaroo kangaroo river yacht village yacht apple night elephant dog penguin night river dog queen night house jungle island monkey.", "2024-04-20 07:42:45");
insert into message (user_id, room_id, message_detail, created_at) values (4, 23, "Jungle monkey fish island cherry night monkey snake fish jungle village kangaroo apple.", "2024-06-09 22:09:36");
insert into task (task_id,sprint_id, task_title, task_description, task_type, due_date, created_at) values (587,55, "Task no. 5", "Umbrella dog house lion house xylophone banana lion kangaroo house grape ocean cherry snake ocean elephant grape river tiger yacht ocean.", "3", "2024-12-13 19:29:16", "2024-09-16 19:40:52");
insert into taskperform (task_id, user_id, created_at) values (587, 4, "2024-10-02 22:42:02");
insert into task (task_id,sprint_id, task_title, task_description, task_type, due_date, created_at) values (588,49, "Task no. 1", "Whale monkey fish umbrella night zebra yacht island banana penguin banana monkey house elephant penguin snake banana lion night banana cherry ocean dog penguin grape night house apple umbrella.", "5", "2024-08-16 05:54:47", "2024-02-23 19:29:06");
insert into taskperform (task_id, user_id, created_at) values (588, 4, "2024-06-11 15:28:52");
insert into role (user_id, room_id, role_detail) values (9, 23, 3);
insert into message (user_id, room_id, message_detail, created_at) values (9, 23, "Night island snake queen monkey zebra jungle lion snake banana monkey.", "2024-01-23 03:49:07");
insert into message (user_id, room_id, message_detail, created_at) values (9, 23, "Kangaroo ocean elephant penguin cherry snake whale zebra jungle xylophone apple umbrella yacht grape house banana village umbrella.", "2024-11-13 19:38:54");
insert into message (user_id, room_id, message_detail, created_at) values (9, 23, "Queen queen penguin island lion elephant whale tiger umbrella island fish xylophone elephant fish jungle lion queen river tiger night umbrella queen.", "2024-03-19 06:16:44");
insert into message (user_id, room_id, message_detail, created_at) values (9, 23, "Island zebra grape kangaroo fish xylophone monkey ocean banana fish ocean.", "2024-07-30 14:14:05");
insert into message (user_id, room_id, message_detail, created_at) values (9, 23, "Monkey penguin elephant umbrella elephant kangaroo dog jungle night island cherry jungle jungle dog grape.", "2024-04-07 21:37:23");
insert into message (user_id, room_id, message_detail, created_at) values (9, 23, "Ocean kangaroo kangaroo night xylophone kangaroo night whale ocean fish apple.", "2024-10-09 21:33:23");
insert into message (user_id, room_id, message_detail, created_at) values (9, 23, "Queen whale village ocean snake elephant ocean queen jungle kangaroo monkey village monkey xylophone apple river whale.", "2024-05-24 21:14:33");
insert into message (user_id, room_id, message_detail, created_at) values (9, 23, "Snake lion village zebra monkey kangaroo ocean queen whale snake island monkey umbrella ocean elephant ocean yacht tiger umbrella cherry banana zebra monkey yacht.", "2024-10-19 06:47:48");
insert into message (user_id, room_id, message_detail, created_at) values (9, 23, "Fish ocean ocean village monkey lion umbrella village jungle penguin dog island yacht monkey jungle monkey monkey snake zebra zebra zebra whale tiger whale island night lion fish whale.", "2023-12-12 11:45:44");
insert into task (task_id,sprint_id, task_title, task_description, task_type, due_date, created_at) values (589,19, "Task no. 10", "Apple penguin apple umbrella dog ocean village monkey yacht monkey queen cherry jungle yacht village zebra jungle banana elephant lion ocean.", "5", "2024-11-12 13:40:02", "2024-09-16 05:04:39");
insert into taskperform (task_id, user_id, created_at) values (589, 9, "2024-10-15 15:23:23");
insert into task (task_id,sprint_id, task_title, task_description, task_type, due_date, created_at) values (590,68, "Task no. 2", "Xylophone ocean night lion apple whale house cherry village kangaroo elephant snake penguin fish night xylophone grape.", "2", "2024-10-30 17:53:37", "2024-09-10 20:30:03");
insert into taskperform (task_id, user_id, created_at) values (590, 9, "2024-11-17 07:09:17");
insert into task (task_id,sprint_id, task_title, task_description, task_type, due_date, created_at) values (591,8, "Task no. 16", "Umbrella grape banana umbrella island kangaroo kangaroo elephant queen lion village jungle yacht lion river cherry zebra village umbrella jungle.", "6", "2024-10-07 23:11:45", "2024-08-21 21:27:21");
insert into taskperform (task_id, user_id, created_at) values (591, 9, "2024-09-17 04:08:24");
insert into task (task_id,sprint_id, task_title, task_description, task_type, due_date, created_at) values (592,18, "Task no. 11", "Ocean xylophone fish house yacht fish cherry tiger yacht fish monkey.", "2", "2024-07-05 20:51:36", "2023-12-24 15:38:46");
insert into taskperform (task_id, user_id, created_at) values (592, 9, "2024-12-06 10:59:46");
insert into task (task_id,sprint_id, task_title, task_description, task_type, due_date, created_at) values (593,73, "Task no. 4", "Night penguin cherry dog lion snake jungle umbrella fish kangaroo fish.", "5", "2024-11-09 05:28:47", "2024-11-07 04:07:36");
insert into taskperform (task_id, user_id, created_at) values (593, 9, "2024-11-21 06:59:04");
insert into task (task_id,sprint_id, task_title, task_description, task_type, due_date, created_at) values (594,75, "Task no. 2", "Banana cherry elephant yacht yacht penguin island tiger village banana house fish elephant ocean snake tiger penguin grape dog snake.", "4", "2024-10-11 02:24:53", "2024-07-10 03:21:17");
insert into taskperform (task_id, user_id, created_at) values (594, 9, "2024-10-21 03:51:14");
insert into task (task_id,sprint_id, task_title, task_description, task_type, due_date, created_at) values (595,34, "Task no. 6", "Lion monkey banana kangaroo kangaroo jungle river banana village fish banana grape whale river queen.", "3", "2024-11-16 19:20:47", "2024-08-16 21:58:02");
insert into taskperform (task_id, user_id, created_at) values (595, 9, "2024-08-24 17:43:43");
insert into task (task_id,sprint_id, task_title, task_description, task_type, due_date, created_at) values (596,23, "Task no. 13", "Tiger apple banana jungle island xylophone apple island grape cherry village fish yacht.", "6", "2024-06-07 11:28:51", "2024-02-18 03:05:52");
insert into taskperform (task_id, user_id, created_at) values (596, 9, "2024-11-23 07:05:29");
insert into task (task_id,sprint_id, task_title, task_description, task_type, due_date, created_at) values (597,52, "Task no. 3", "Banana yacht house lion snake zebra grape monkey monkey dog dog village banana elephant banana island island penguin queen snake snake zebra umbrella fish house whale monkey whale yacht.", "4", "2024-12-14 10:37:51", "2024-10-24 20:14:06");
insert into taskperform (task_id, user_id, created_at) values (597, 9, "2024-11-10 08:59:02");
insert into task (task_id,sprint_id, task_title, task_description, task_type, due_date, created_at) values (598,24, "Task no. 12", "Night fish umbrella whale river night kangaroo xylophone village whale.", "2", "2024-11-27 12:34:29", "2024-11-15 16:36:07");
insert into taskperform (task_id, user_id, created_at) values (598, 9, "2024-12-05 02:51:30");
insert into sprint (room_id, sprint_name, created_at) values (24, "Sprint no. 1" , "2024-12-14 13:40:14");
insert into role (user_id, room_id, role_detail) values (4, 24, 1);
insert into message (user_id, room_id, message_detail, created_at) values (4, 24, "Zebra kangaroo lion river village night whale kangaroo apple cherry elephant monkey monkey penguin kangaroo dog zebra.", "2024-06-12 13:43:05");
insert into message (user_id, room_id, message_detail, created_at) values (4, 24, "Elephant yacht grape lion kangaroo fish grape penguin ocean queen.", "2024-11-04 12:37:22");
insert into message (user_id, room_id, message_detail, created_at) values (4, 24, "Lion village zebra fish yacht xylophone dog umbrella kangaroo tiger ocean tiger yacht river umbrella island umbrella river house monkey dog monkey night banana ocean whale.", "2024-08-02 19:06:39");
insert into message (user_id, room_id, message_detail, created_at) values (4, 24, "Elephant banana jungle snake ocean jungle cherry dog elephant cherry tiger xylophone banana ocean queen whale house kangaroo snake lion yacht xylophone snake.", "2024-08-06 15:54:01");
insert into message (user_id, room_id, message_detail, created_at) values (4, 24, "Island snake monkey village jungle xylophone night elephant village house village apple.", "2024-02-12 06:19:57");
insert into message (user_id, room_id, message_detail, created_at) values (4, 24, "Elephant queen cherry dog snake yacht fish house ocean dog river apple xylophone ocean kangaroo jungle snake night penguin dog.", "2024-02-27 23:22:53");
insert into message (user_id, room_id, message_detail, created_at) values (4, 24, "Ocean zebra yacht penguin xylophone river banana monkey village queen whale zebra snake night tiger house whale yacht zebra banana zebra village whale monkey snake elephant river lion.", "2024-12-05 11:27:55");
insert into message (user_id, room_id, message_detail, created_at) values (4, 24, "Snake zebra lion tiger queen snake umbrella ocean jungle island tiger grape.", "2024-04-20 15:21:51");
insert into message (user_id, room_id, message_detail, created_at) values (4, 24, "Cherry kangaroo banana fish grape cherry queen island xylophone queen.", "2024-11-19 10:17:27");
insert into message (user_id, room_id, message_detail, created_at) values (4, 24, "Xylophone umbrella cherry night dog tiger ocean queen monkey queen whale cherry lion dog ocean penguin yacht zebra banana tiger island jungle island kangaroo xylophone.", "2024-11-26 14:04:40");
insert into message (user_id, room_id, message_detail, created_at) values (4, 24, "Tiger banana dog tiger xylophone banana apple tiger yacht tiger grape snake grape house xylophone fish banana penguin.", "2024-05-16 14:14:48");
insert into message (user_id, room_id, message_detail, created_at) values (4, 24, "Night ocean grape lion monkey island zebra umbrella grape banana snake lion night house.", "2024-03-21 11:16:55");
insert into message (user_id, room_id, message_detail, created_at) values (4, 24, "Banana night night dog apple queen cherry tiger penguin queen lion island village lion lion snake whale snake tiger xylophone xylophone jungle monkey island lion fish yacht dog.", "2024-05-14 17:29:19");
insert into message (user_id, room_id, message_detail, created_at) values (4, 24, "Apple umbrella snake jungle penguin grape xylophone umbrella banana elephant elephant night river umbrella elephant ocean grape fish xylophone queen grape fish night umbrella yacht penguin.", "2024-11-10 12:22:12");
insert into message (user_id, room_id, message_detail, created_at) values (4, 24, "Dog house island elephant yacht lion monkey island kangaroo zebra.", "2024-06-30 08:00:41");
insert into message (user_id, room_id, message_detail, created_at) values (4, 24, "Yacht village zebra banana snake tiger snake yacht whale tiger village grape banana ocean snake village monkey monkey elephant yacht tiger banana.", "2024-03-28 00:42:33");
insert into message (user_id, room_id, message_detail, created_at) values (4, 24, "Cherry grape ocean tiger island xylophone night queen grape village banana dog monkey ocean fish island jungle queen apple cherry tiger cherry house penguin snake jungle monkey grape.", "2024-01-25 23:11:01");
insert into message (user_id, room_id, message_detail, created_at) values (4, 24, "Yacht grape umbrella penguin river house island elephant zebra whale lion grape cherry village umbrella kangaroo island snake island kangaroo umbrella jungle zebra queen penguin penguin lion snake island.", "2024-05-27 03:41:40");
insert into message (user_id, room_id, message_detail, created_at) values (4, 24, "Ocean house dog village penguin grape ocean island zebra village night.", "2024-11-28 15:51:27");
insert into task (task_id,sprint_id, task_title, task_description, task_type, due_date, created_at) values (599,32, "Task no. 10", "Cherry kangaroo banana apple village xylophone banana whale river dog night whale zebra elephant fish lion dog jungle.", "6", "2024-12-11 18:24:55", "2024-09-08 13:15:07");
insert into taskperform (task_id, user_id, created_at) values (599, 4, "2024-12-07 02:38:41");
insert into task (task_id,sprint_id, task_title, task_description, task_type, due_date, created_at) values (600,57, "Task no. 4", "Jungle banana snake river monkey night jungle monkey island queen whale lion kangaroo xylophone night apple tiger island penguin kangaroo lion kangaroo cherry yacht elephant xylophone fish queen island.", "5", "2024-11-10 10:54:32", "2024-01-07 09:51:09");
insert into task (task_id,sprint_id, task_title, task_description, task_type, due_date, created_at) values (601,6, "Task no. 21", "Penguin kangaroo zebra house umbrella lion umbrella island cherry house jungle river whale monkey elephant tiger banana jungle river whale penguin monkey whale banana night fish queen apple jungle fish.", "6", "2024-11-20 14:01:53", "2024-03-22 14:39:49");
insert into taskperform (task_id, user_id, created_at) values (601, 4, "2024-10-09 05:32:37");
insert into task (task_id,sprint_id, task_title, task_description, task_type, due_date, created_at) values (602,3, "Task no. 28", "Village penguin banana queen apple umbrella river river penguin monkey island apple yacht xylophone.", "6", "2024-12-05 19:41:16", "2024-06-26 15:56:14");
insert into taskperform (task_id, user_id, created_at) values (602, 4, "2024-09-12 16:06:11");
insert into task (task_id,sprint_id, task_title, task_description, task_type, due_date, created_at) values (603,81, "Task no. 3", "River lion fish lion jungle zebra island xylophone dog lion ocean tiger kangaroo river night.", "2", "2024-07-01 02:41:35", "2023-12-26 02:28:08");
insert into taskperform (task_id, user_id, created_at) values (603, 4, "2024-08-30 07:00:10");
insert into task (task_id,sprint_id, task_title, task_description, task_type, due_date, created_at) values (604,49, "Task no. 2", "Grape island xylophone whale umbrella zebra river zebra cherry elephant island lion elephant banana elephant tiger penguin xylophone zebra banana grape village.", "5", "2024-09-30 08:11:48", "2024-03-31 04:10:37");
insert into task (task_id,sprint_id, task_title, task_description, task_type, due_date, created_at) values (605,26, "Task no. 7", "Umbrella ocean apple snake dog river night penguin cherry penguin dog snake night island fish.", "4", "2024-10-30 23:17:47", "2024-05-05 00:04:05");
insert into task (task_id,sprint_id, task_title, task_description, task_type, due_date, created_at) values (606,4, "Task no. 21", "Whale xylophone cherry whale zebra banana village village ocean yacht umbrella monkey river whale zebra house grape whale snake tiger house village cherry queen umbrella night elephant tiger.", "4", "2024-07-16 18:46:26", "2024-04-20 17:09:01");
insert into taskperform (task_id, user_id, created_at) values (606, 4, "2024-09-13 08:13:49");
insert into task (task_id,sprint_id, task_title, task_description, task_type, due_date, created_at) values (607,53, "Task no. 8", "Grape lion banana xylophone night apple dog apple snake penguin jungle penguin snake fish yacht grape lion xylophone cherry penguin yacht ocean village house xylophone ocean queen island.", "2", "2024-09-17 09:38:50", "2024-09-15 21:13:03");
insert into taskperform (task_id, user_id, created_at) values (607, 4, "2024-10-04 05:34:33");
insert into role (user_id, room_id, role_detail) values (1, 24, 3);
insert into message (user_id, room_id, message_detail, created_at) values (1, 24, "Apple penguin dog cherry banana apple night xylophone penguin grape kangaroo snake umbrella yacht ocean ocean apple yacht banana ocean banana xylophone whale fish monkey ocean dog fish house.", "2024-02-04 06:33:57");
insert into message (user_id, room_id, message_detail, created_at) values (1, 24, "Night tiger queen ocean river apple village house tiger snake elephant fish whale village xylophone banana snake grape jungle kangaroo dog zebra apple cherry.", "2024-08-15 04:22:33");
insert into task (task_id,sprint_id, task_title, task_description, task_type, due_date, created_at) values (608,71, "Task no. 4", "River river elephant tiger xylophone cherry penguin penguin whale banana xylophone house queen fish elephant tiger xylophone jungle.", "5", "2024-06-03 22:18:13", "2024-03-01 06:56:15");
insert into taskperform (task_id, user_id, created_at) values (608, 1, "2024-12-05 04:29:50");
insert into task (task_id,sprint_id, task_title, task_description, task_type, due_date, created_at) values (609,43, "Task no. 7", "Night xylophone grape fish tiger elephant yacht night apple umbrella kangaroo jungle queen.", "3", "2024-10-29 11:27:06", "2024-06-23 19:01:50");
insert into taskperform (task_id, user_id, created_at) values (609, 1, "2024-12-03 11:30:35");
insert into task (task_id,sprint_id, task_title, task_description, task_type, due_date, created_at) values (610,21, "Task no. 15", "Penguin ocean penguin island penguin lion whale queen island yacht elephant penguin banana penguin jungle tiger ocean snake.", "6", "2024-05-25 10:52:21", "2024-05-10 19:07:17");
insert into task (task_id,sprint_id, task_title, task_description, task_type, due_date, created_at) values (611,29, "Task no. 8", "Kangaroo kangaroo umbrella elephant tiger village yacht kangaroo elephant house village.", "2", "2024-07-12 08:46:10", "2024-03-31 17:01:17");
insert into task (task_id,sprint_id, task_title, task_description, task_type, due_date, created_at) values (612,55, "Task no. 6", "Yacht ocean yacht umbrella monkey banana yacht monkey grape penguin cherry jungle island jungle cherry house penguin kangaroo snake.", "3", "2024-12-06 00:31:12", "2024-09-21 13:13:37");
insert into taskperform (task_id, user_id, created_at) values (612, 1, "2024-10-22 11:28:26");
insert into role (user_id, room_id, role_detail) values (3, 24, 3);
insert into message (user_id, room_id, message_detail, created_at) values (3, 24, "Grape house snake xylophone jungle queen penguin snake zebra lion umbrella zebra banana whale village kangaroo xylophone yacht ocean queen cherry.", "2024-09-08 12:43:57");
insert into task (task_id,sprint_id, task_title, task_description, task_type, due_date, created_at) values (613,72, "Task no. 2", "Snake tiger river village island xylophone kangaroo penguin island kangaroo house jungle elephant monkey fish house jungle village elephant ocean whale fish house jungle village tiger jungle umbrella.", "5", "2024-08-26 02:57:50", "2024-06-29 20:14:42");
insert into taskperform (task_id, user_id, created_at) values (613, 3, "2024-10-07 02:30:30");
insert into task (task_id,sprint_id, task_title, task_description, task_type, due_date, created_at) values (614,10, "Task no. 14", "Zebra village jungle snake village banana whale apple ocean elephant.", "2", "2024-07-28 08:34:58", "2024-01-28 03:22:07");
insert into taskperform (task_id, user_id, created_at) values (614, 3, "2024-04-12 21:25:34");
insert into role (user_id, room_id, role_detail) values (9, 24, 3);
insert into message (user_id, room_id, message_detail, created_at) values (9, 24, "Dog elephant dog apple umbrella queen whale zebra penguin whale dog grape grape queen ocean fish.", "2024-09-29 01:42:49");
insert into message (user_id, room_id, message_detail, created_at) values (9, 24, "Fish apple tiger banana dog house xylophone xylophone yacht xylophone whale whale grape fish house kangaroo grape xylophone yacht zebra cherry yacht ocean night xylophone kangaroo grape.", "2023-12-21 03:46:21");
insert into message (user_id, room_id, message_detail, created_at) values (9, 24, "Yacht xylophone house tiger kangaroo night tiger fish penguin queen island monkey river fish island.", "2024-02-05 15:45:25");
insert into message (user_id, room_id, message_detail, created_at) values (9, 24, "Penguin yacht yacht apple grape tiger tiger ocean fish whale monkey banana zebra cherry xylophone jungle queen jungle penguin umbrella cherry banana cherry snake village lion dog river.", "2024-06-25 09:07:34");
insert into message (user_id, room_id, message_detail, created_at) values (9, 24, "Night tiger lion jungle river banana penguin village whale banana xylophone night grape.", "2024-01-20 19:16:59");
insert into message (user_id, room_id, message_detail, created_at) values (9, 24, "River monkey penguin kangaroo village zebra yacht whale apple apple kangaroo ocean house zebra whale dog apple kangaroo jungle jungle village.", "2024-10-23 19:42:45");
insert into message (user_id, room_id, message_detail, created_at) values (9, 24, "Umbrella jungle snake whale penguin monkey tiger zebra banana banana fish tiger ocean xylophone tiger river lion penguin tiger lion ocean apple yacht umbrella queen island village dog dog.", "2024-11-02 05:41:52");
insert into message (user_id, room_id, message_detail, created_at) values (9, 24, "Snake xylophone jungle apple village cherry apple elephant queen snake whale river island elephant banana monkey ocean elephant banana penguin whale cherry yacht umbrella xylophone.", "2024-05-26 18:50:54");
insert into message (user_id, room_id, message_detail, created_at) values (9, 24, "Island island jungle elephant banana dog yacht tiger zebra river penguin tiger river cherry night fish zebra fish elephant yacht queen snake xylophone kangaroo.", "2024-08-29 13:22:19");
insert into message (user_id, room_id, message_detail, created_at) values (9, 24, "River river umbrella fish elephant fish queen yacht snake grape lion monkey zebra island yacht grape jungle whale umbrella kangaroo night.", "2024-09-21 16:50:12");
insert into message (user_id, room_id, message_detail, created_at) values (9, 24, "Penguin village tiger island queen fish river xylophone apple house river zebra zebra xylophone whale elephant queen.", "2024-03-12 10:02:34");
insert into message (user_id, room_id, message_detail, created_at) values (9, 24, "Cherry island house house xylophone dog queen xylophone kangaroo yacht island jungle ocean lion queen river elephant queen.", "2024-07-24 08:50:47");
insert into message (user_id, room_id, message_detail, created_at) values (9, 24, "Night island grape grape monkey grape tiger island dog jungle village river xylophone whale dog apple apple village ocean.", "2024-03-31 21:59:05");
insert into message (user_id, room_id, message_detail, created_at) values (9, 24, "Umbrella grape monkey lion village ocean ocean umbrella tiger cherry ocean ocean snake monkey.", "2024-09-29 01:06:52");
insert into task (task_id,sprint_id, task_title, task_description, task_type, due_date, created_at) values (615,15, "Task no. 16", "Tiger ocean whale xylophone cherry lion penguin monkey yacht jungle umbrella village penguin zebra snake xylophone river tiger yacht.", "2", "2024-12-12 14:45:50", "2024-09-24 20:43:05");
insert into taskperform (task_id, user_id, created_at) values (615, 9, "2024-09-29 17:30:31");
insert into task (task_id,sprint_id, task_title, task_description, task_type, due_date, created_at) values (616,69, "Task no. 6", "House zebra jungle night banana monkey village island tiger zebra kangaroo fish river apple apple banana grape fish snake.", "5", "2024-10-24 15:34:53", "2024-10-03 23:03:24");
insert into taskperform (task_id, user_id, created_at) values (616, 9, "2024-12-02 13:18:38");
insert into task (task_id,sprint_id, task_title, task_description, task_type, due_date, created_at) values (617,32, "Task no. 11", "Apple yacht lion night jungle penguin tiger kangaroo monkey monkey apple queen elephant umbrella kangaroo cherry night night elephant umbrella night penguin lion yacht dog dog elephant island.", "5", "2024-12-14 05:19:24", "2024-10-22 16:19:16");
insert into taskperform (task_id, user_id, created_at) values (617, 9, "2024-11-26 13:49:54");
insert into task (task_id,sprint_id, task_title, task_description, task_type, due_date, created_at) values (618,70, "Task no. 5", "Village lion whale cherry village queen yacht dog jungle apple house dog whale village fish ocean lion jungle snake fish monkey.", "3", "2024-12-07 12:53:55", "2024-11-13 12:30:55");
insert into taskperform (task_id, user_id, created_at) values (618, 9, "2024-11-21 06:19:04");
insert into task (task_id,sprint_id, task_title, task_description, task_type, due_date, created_at) values (619,56, "Task no. 4", "Elephant banana queen ocean elephant jungle kangaroo river yacht jungle yacht apple.", "5", "2024-11-25 00:37:45", "2024-10-05 21:15:42");
insert into taskperform (task_id, user_id, created_at) values (619, 9, "2024-10-22 12:45:19");
insert into task (task_id,sprint_id, task_title, task_description, task_type, due_date, created_at) values (620,16, "Task no. 16", "Kangaroo night grape whale kangaroo jungle tiger night jungle umbrella xylophone apple.", "1", "2024-11-20 02:59:51", "2024-07-01 02:20:29");
insert into taskperform (task_id, user_id, created_at) values (620, 9, "2024-11-06 04:58:23");
insert into task (task_id,sprint_id, task_title, task_description, task_type, due_date, created_at) values (621,10, "Task no. 15", "Village village monkey house cherry fish river elephant ocean cherry cherry ocean lion.", "1", "2024-08-05 19:51:18", "2023-12-05 06:05:43");
insert into taskperform (task_id, user_id, created_at) values (621, 9, "2023-12-09 14:05:18");
insert into sprint (room_id, sprint_name, created_at) values (25, "Sprint no. 1" , "2024-11-11 02:52:24");
insert into sprint (room_id, sprint_name, created_at) values (25, "Sprint no. 2" , "2024-11-29 21:09:53");
insert into sprint (room_id, sprint_name, created_at) values (25, "Sprint no. 3" , "2024-12-11 09:10:01");
insert into role (user_id, room_id, role_detail) values (5, 25, 1);
insert into message (user_id, room_id, message_detail, created_at) values (5, 25, "Apple tiger cherry island jungle elephant apple lion yacht umbrella village jungle cherry night zebra house.", "2024-09-06 02:45:36");
insert into message (user_id, room_id, message_detail, created_at) values (5, 25, "Jungle night apple apple penguin jungle monkey penguin tiger fish monkey lion night queen tiger island island tiger village tiger island snake island whale elephant snake queen.", "2024-09-02 19:57:34");
insert into message (user_id, room_id, message_detail, created_at) values (5, 25, "Monkey jungle yacht fish kangaroo yacht night house village yacht jungle house village tiger night village house monkey apple penguin kangaroo banana fish grape cherry fish.", "2024-06-02 01:22:02");
insert into message (user_id, room_id, message_detail, created_at) values (5, 25, "Tiger queen zebra village snake kangaroo island island island xylophone zebra river zebra penguin apple river night tiger river.", "2024-03-09 06:50:42");
insert into message (user_id, room_id, message_detail, created_at) values (5, 25, "Lion penguin whale monkey kangaroo jungle zebra tiger village jungle queen island lion snake jungle penguin ocean village ocean kangaroo kangaroo whale.", "2024-03-21 02:49:26");
insert into message (user_id, room_id, message_detail, created_at) values (5, 25, "Village village night umbrella grape night xylophone apple apple fish lion tiger monkey apple kangaroo night snake dog night dog dog elephant.", "2024-12-03 10:21:55");
insert into message (user_id, room_id, message_detail, created_at) values (5, 25, "Umbrella yacht kangaroo queen snake dog fish whale lion whale umbrella snake banana zebra yacht fish ocean grape house apple island lion lion house.", "2024-06-06 18:31:27");
insert into message (user_id, room_id, message_detail, created_at) values (5, 25, "Island queen dog island apple fish apple grape zebra monkey tiger kangaroo house queen island village snake.", "2024-06-08 21:13:59");
insert into message (user_id, room_id, message_detail, created_at) values (5, 25, "Elephant village river fish ocean zebra village whale tiger queen river yacht lion elephant yacht monkey yacht night island.", "2024-01-25 00:41:37");
insert into message (user_id, room_id, message_detail, created_at) values (5, 25, "Lion grape river kangaroo yacht snake banana village night village banana house jungle apple ocean lion grape elephant fish snake umbrella snake monkey monkey fish fish elephant elephant umbrella river.", "2024-09-21 17:34:34");
insert into message (user_id, room_id, message_detail, created_at) values (5, 25, "Apple banana village jungle house zebra snake yacht xylophone xylophone ocean queen village monkey whale whale village lion night jungle grape island yacht river ocean grape whale banana night kangaroo.", "2024-01-25 10:17:10");
insert into message (user_id, room_id, message_detail, created_at) values (5, 25, "Kangaroo cherry lion night xylophone island whale fish cherry whale grape kangaroo elephant queen grape house jungle banana snake ocean dog.", "2024-06-14 11:19:45");
insert into message (user_id, room_id, message_detail, created_at) values (5, 25, "Tiger river umbrella yacht snake penguin queen apple lion ocean xylophone penguin grape river apple.", "2024-04-16 13:55:32");
insert into message (user_id, room_id, message_detail, created_at) values (5, 25, "Elephant xylophone banana island snake ocean snake night monkey xylophone tiger whale tiger dog umbrella house night cherry village ocean grape island island kangaroo queen zebra island river fish apple.", "2024-01-19 16:28:33");
insert into task (task_id,sprint_id, task_title, task_description, task_type, due_date, created_at) values (622,37, "Task no. 5", "Jungle island grape tiger jungle river village dog island yacht apple yacht penguin penguin cherry.", "3", "2024-10-15 22:52:47", "2024-07-19 22:22:39");
insert into taskperform (task_id, user_id, created_at) values (622, 5, "2024-07-22 16:37:45");
insert into task (task_id,sprint_id, task_title, task_description, task_type, due_date, created_at) values (623,85, "Task no. 2", "Apple yacht village tiger cherry night night xylophone umbrella whale village yacht whale fish lion whale monkey house xylophone elephant jungle whale.", "1", "2024-10-02 01:36:38", "2024-09-15 23:19:34");
insert into taskperform (task_id, user_id, created_at) values (623, 5, "2024-10-12 23:28:17");
insert into task (task_id,sprint_id, task_title, task_description, task_type, due_date, created_at) values (624,58, "Task no. 3", "Kangaroo apple dog zebra zebra tiger cherry elephant xylophone whale umbrella penguin penguin zebra apple umbrella house island night penguin.", "5", "2024-05-31 23:48:46", "2024-04-23 19:41:47");
insert into task (task_id,sprint_id, task_title, task_description, task_type, due_date, created_at) values (625,33, "Task no. 5", "Zebra dog grape xylophone fish queen banana monkey monkey tiger cherry whale cherry.", "1", "2024-07-12 08:04:38", "2024-06-17 03:11:07");
insert into taskperform (task_id, user_id, created_at) values (625, 5, "2024-06-29 23:42:12");
insert into task (task_id,sprint_id, task_title, task_description, task_type, due_date, created_at) values (626,65, "Task no. 3", "Banana umbrella kangaroo ocean snake monkey river xylophone snake whale umbrella monkey tiger zebra whale tiger xylophone house island xylophone queen xylophone monkey.", "4", "2024-05-10 22:43:11", "2023-12-06 17:48:02");
insert into taskperform (task_id, user_id, created_at) values (626, 5, "2024-12-12 03:05:42");
insert into task (task_id,sprint_id, task_title, task_description, task_type, due_date, created_at) values (627,85, "Task no. 3", "Elephant river dog tiger lion xylophone cherry queen whale xylophone monkey zebra lion island lion island lion house umbrella umbrella river island village apple banana village elephant tiger banana.", "3", "2024-04-28 14:16:33", "2023-12-30 15:23:49");
insert into taskperform (task_id, user_id, created_at) values (627, 5, "2024-05-15 04:05:03");
insert into role (user_id, room_id, role_detail) values (1, 25, 2);
insert into message (user_id, room_id, message_detail, created_at) values (1, 25, "Jungle snake village lion queen jungle zebra monkey queen banana yacht queen xylophone xylophone.", "2024-04-05 06:21:03");
insert into message (user_id, room_id, message_detail, created_at) values (1, 25, "Jungle lion monkey queen river queen queen snake yacht monkey lion ocean grape xylophone tiger banana snake village.", "2023-12-18 17:28:23");
insert into task (task_id,sprint_id, task_title, task_description, task_type, due_date, created_at) values (628,44, "Task no. 6", "Zebra apple banana elephant house zebra xylophone queen apple xylophone queen kangaroo grape island zebra ocean.", "6", "2024-10-24 18:49:03", "2024-10-10 06:38:38");
insert into taskperform (task_id, user_id, created_at) values (628, 1, "2024-10-28 17:11:13");
insert into task (task_id,sprint_id, task_title, task_description, task_type, due_date, created_at) values (629,56, "Task no. 5", "Night queen river lion house lion ocean apple jungle umbrella lion fish tiger monkey elephant ocean queen ocean zebra island elephant elephant elephant dog monkey village xylophone elephant island.", "5", "2024-06-08 08:09:13", "2024-05-14 02:19:39");
insert into taskperform (task_id, user_id, created_at) values (629, 1, "2024-07-23 03:30:15");
insert into task (task_id,sprint_id, task_title, task_description, task_type, due_date, created_at) values (630,31, "Task no. 6", "Tiger monkey village banana whale tiger dog penguin apple monkey village monkey snake whale river.", "5", "2024-12-06 14:34:50", "2024-09-01 08:28:53");
insert into taskperform (task_id, user_id, created_at) values (630, 1, "2024-09-15 22:40:53");
insert into task (task_id,sprint_id, task_title, task_description, task_type, due_date, created_at) values (631,62, "Task no. 3", "Kangaroo cherry penguin river dog lion dog snake yacht village lion.", "3", "2024-11-12 18:59:00", "2024-07-06 03:12:53");
insert into taskperform (task_id, user_id, created_at) values (631, 1, "2024-11-04 21:58:23");
insert into task (task_id,sprint_id, task_title, task_description, task_type, due_date, created_at) values (632,16, "Task no. 17", "Grape penguin monkey whale night fish cherry banana cherry zebra fish monkey monkey fish snake penguin dog queen grape lion tiger whale dog.", "3", "2024-07-02 01:25:03", "2023-12-28 02:38:47");
insert into taskperform (task_id, user_id, created_at) values (632, 1, "2024-07-12 02:50:21");
insert into role (user_id, room_id, role_detail) values (9, 25, 2);
insert into message (user_id, room_id, message_detail, created_at) values (9, 25, "Island fish village monkey banana queen banana cherry whale xylophone umbrella fish xylophone cherry.", "2024-01-01 21:42:09");
insert into message (user_id, room_id, message_detail, created_at) values (9, 25, "Xylophone house village grape snake yacht tiger yacht island apple banana fish cherry tiger house island jungle elephant.", "2023-12-28 08:55:03");
insert into message (user_id, room_id, message_detail, created_at) values (9, 25, "Tiger elephant night island jungle monkey whale fish house penguin dog night house tiger kangaroo village snake banana snake night grape dog whale village house river snake jungle.", "2024-09-20 03:39:06");
insert into message (user_id, room_id, message_detail, created_at) values (9, 25, "Kangaroo fish ocean penguin island house lion banana island xylophone.", "2024-02-17 12:55:12");
insert into message (user_id, room_id, message_detail, created_at) values (9, 25, "Xylophone yacht tiger night night apple monkey umbrella apple dog river cherry village monkey.", "2024-11-06 06:10:23");
insert into message (user_id, room_id, message_detail, created_at) values (9, 25, "Jungle apple fish queen house fish snake village umbrella night zebra kangaroo dog jungle banana ocean ocean.", "2024-03-22 03:06:34");
insert into message (user_id, room_id, message_detail, created_at) values (9, 25, "Yacht island banana penguin river elephant dog jungle snake island banana tiger zebra dog apple grape island cherry xylophone jungle lion dog yacht.", "2024-03-02 09:58:33");
insert into message (user_id, room_id, message_detail, created_at) values (9, 25, "Elephant house fish night apple tiger night yacht fish apple river yacht house lion kangaroo whale banana grape house lion queen zebra penguin.", "2024-03-20 09:22:12");
insert into message (user_id, room_id, message_detail, created_at) values (9, 25, "Elephant lion kangaroo xylophone river whale night zebra yacht elephant village umbrella fish river whale grape.", "2024-11-13 21:59:16");
insert into message (user_id, room_id, message_detail, created_at) values (9, 25, "Cherry umbrella banana house banana kangaroo island night fish ocean snake island xylophone river tiger fish lion ocean grape dog ocean snake fish queen river whale river tiger whale.", "2024-06-04 01:58:11");
insert into message (user_id, room_id, message_detail, created_at) values (9, 25, "Snake tiger kangaroo yacht ocean queen penguin jungle fish whale village.", "2024-10-08 05:41:24");
insert into message (user_id, room_id, message_detail, created_at) values (9, 25, "Elephant cherry lion village cherry jungle dog whale whale island grape island village elephant night snake lion night lion elephant lion apple apple.", "2024-06-19 05:48:48");
insert into message (user_id, room_id, message_detail, created_at) values (9, 25, "House kangaroo banana fish yacht xylophone island xylophone ocean jungle umbrella banana house jungle queen ocean umbrella umbrella night island kangaroo yacht.", "2024-08-07 22:22:37");
insert into message (user_id, room_id, message_detail, created_at) values (9, 25, "Snake island penguin queen snake fish kangaroo fish snake snake xylophone night dog jungle jungle river jungle cherry banana banana night cherry zebra ocean river umbrella cherry.", "2024-09-27 18:52:20");
insert into message (user_id, room_id, message_detail, created_at) values (9, 25, "Zebra kangaroo penguin whale snake river cherry island umbrella fish elephant house umbrella kangaroo banana whale dog snake elephant ocean kangaroo river penguin penguin house lion.", "2024-04-17 23:10:13");
insert into message (user_id, room_id, message_detail, created_at) values (9, 25, "Fish snake kangaroo apple jungle xylophone zebra river house ocean grape night jungle whale jungle apple monkey grape cherry dog tiger dog monkey dog whale.", "2024-01-18 07:47:46");
insert into message (user_id, room_id, message_detail, created_at) values (9, 25, "Ocean fish dog kangaroo jungle yacht cherry whale kangaroo xylophone.", "2024-11-26 12:28:49");
insert into message (user_id, room_id, message_detail, created_at) values (9, 25, "Lion dog fish jungle whale snake village xylophone tiger lion cherry whale monkey kangaroo queen lion yacht apple island island kangaroo apple queen yacht night island ocean.", "2024-02-10 00:45:29");
insert into message (user_id, room_id, message_detail, created_at) values (9, 25, "Xylophone night fish lion river banana snake monkey xylophone monkey monkey elephant.", "2024-08-18 22:32:10");
insert into task (task_id,sprint_id, task_title, task_description, task_type, due_date, created_at) values (633,62, "Task no. 4", "Elephant zebra dog whale grape yacht monkey snake kangaroo night night dog jungle river dog jungle kangaroo.", "5", "2024-12-09 15:08:51", "2024-11-18 13:08:04");
insert into taskperform (task_id, user_id, created_at) values (633, 9, "2024-11-21 18:23:10");
insert into task (task_id,sprint_id, task_title, task_description, task_type, due_date, created_at) values (634,40, "Task no. 7", "Banana river village village whale fish zebra snake kangaroo monkey tiger xylophone elephant ocean fish river tiger grape village lion jungle grape apple dog house snake fish house queen queen.", "2", "2024-07-19 12:02:24", "2024-05-06 20:03:20");
insert into task (task_id,sprint_id, task_title, task_description, task_type, due_date, created_at) values (635,8, "Task no. 17", "Ocean whale penguin house elephant banana lion queen kangaroo umbrella umbrella cherry apple cherry grape umbrella snake grape queen grape umbrella cherry dog snake xylophone kangaroo lion umbrella.", "2", "2024-07-21 22:38:54", "2024-04-05 18:17:05");
insert into taskperform (task_id, user_id, created_at) values (635, 9, "2024-08-28 10:29:05");
insert into task (task_id,sprint_id, task_title, task_description, task_type, due_date, created_at) values (636,33, "Task no. 6", "Cherry cherry monkey jungle jungle whale village queen house island umbrella banana umbrella elephant lion penguin whale banana banana yacht queen tiger house monkey penguin fish house.", "1", "2024-12-09 11:01:20", "2024-08-16 12:50:11");
insert into taskperform (task_id, user_id, created_at) values (636, 9, "2024-10-14 16:39:57");
insert into task (task_id,sprint_id, task_title, task_description, task_type, due_date, created_at) values (637,12, "Task no. 9", "House zebra apple night queen ocean kangaroo queen elephant penguin whale zebra queen queen yacht jungle elephant house fish lion cherry grape cherry elephant.", "2", "2024-05-30 06:50:31", "2024-02-27 10:00:12");
insert into taskperform (task_id, user_id, created_at) values (637, 9, "2024-04-08 12:24:07");
insert into task (task_id,sprint_id, task_title, task_description, task_type, due_date, created_at) values (638,97, "Task no. 1", "Kangaroo umbrella monkey banana island whale banana queen village river cherry penguin.", "4", "2024-11-24 04:31:37", "2024-04-18 12:30:16");
insert into task (task_id,sprint_id, task_title, task_description, task_type, due_date, created_at) values (639,92, "Task no. 1", "Tiger island elephant river umbrella grape umbrella cherry tiger river snake banana queen banana dog house dog banana yacht queen lion fish queen penguin zebra yacht apple dog grape.", "2", "2024-09-12 06:02:59", "2024-08-01 04:38:00");
insert into taskperform (task_id, user_id, created_at) values (639, 9, "2024-08-14 13:49:06");
insert into task (task_id,sprint_id, task_title, task_description, task_type, due_date, created_at) values (640,72, "Task no. 3", "Umbrella fish banana ocean house xylophone xylophone tiger kangaroo tiger village cherry apple village.", "5", "2024-11-16 03:43:24", "2024-09-10 18:41:17");
insert into taskperform (task_id, user_id, created_at) values (640, 9, "2024-11-12 16:19:13");
insert into role (user_id, room_id, role_detail) values (4, 25, 2);
insert into message (user_id, room_id, message_detail, created_at) values (4, 25, "Island umbrella cherry monkey yacht penguin kangaroo snake kangaroo dog cherry umbrella elephant island monkey island night.", "2024-11-27 21:39:27");
insert into message (user_id, room_id, message_detail, created_at) values (4, 25, "Queen island banana yacht dog banana elephant banana river ocean zebra elephant elephant yacht banana grape jungle umbrella village snake kangaroo tiger river dog banana apple.", "2024-02-23 15:50:53");
insert into message (user_id, room_id, message_detail, created_at) values (4, 25, "House kangaroo island island village queen monkey banana island lion island night grape whale dog snake yacht banana penguin fish.", "2024-09-15 13:01:56");
insert into task (task_id,sprint_id, task_title, task_description, task_type, due_date, created_at) values (641,47, "Task no. 4", "Zebra jungle umbrella river umbrella jungle night village fish house apple river tiger village night dog elephant monkey.", "6", "2024-10-20 01:11:06", "2024-05-11 04:44:05");
insert into taskperform (task_id, user_id, created_at) values (641, 4, "2024-09-27 09:47:00");
insert into task (task_id,sprint_id, task_title, task_description, task_type, due_date, created_at) values (642,69, "Task no. 7", "Kangaroo yacht tiger dog jungle house zebra elephant tiger ocean ocean tiger.", "1", "2024-06-21 00:29:30", "2024-06-13 07:58:40");
insert into taskperform (task_id, user_id, created_at) values (642, 4, "2024-11-11 22:46:44");
insert into task (task_id,sprint_id, task_title, task_description, task_type, due_date, created_at) values (643,85, "Task no. 4", "Ocean whale apple whale xylophone fish river night whale monkey lion queen zebra elephant monkey monkey banana penguin elephant tiger queen yacht.", "3", "2024-11-16 05:55:09", "2024-09-20 23:47:53");
insert into taskperform (task_id, user_id, created_at) values (643, 4, "2024-10-05 05:43:10");
insert into task (task_id,sprint_id, task_title, task_description, task_type, due_date, created_at) values (644,86, "Task no. 2", "Apple grape tiger river dog fish zebra jungle whale queen xylophone island village island queen yacht night.", "2", "2024-11-06 14:26:58", "2024-10-02 02:56:49");
insert into taskperform (task_id, user_id, created_at) values (644, 4, "2024-12-01 02:15:54");
insert into task (task_id,sprint_id, task_title, task_description, task_type, due_date, created_at) values (645,82, "Task no. 3", "Lion queen ocean xylophone fish snake jungle night tiger banana elephant xylophone ocean lion zebra fish island dog island yacht river yacht umbrella banana.", "6", "2024-12-12 05:18:31", "2024-12-07 17:11:32");
insert into taskperform (task_id, user_id, created_at) values (645, 4, "2024-12-14 01:24:22");
insert into role (user_id, room_id, role_detail) values (6, 25, 2);
insert into message (user_id, room_id, message_detail, created_at) values (6, 25, "Village cherry jungle apple zebra xylophone xylophone kangaroo whale river ocean banana village dog umbrella monkey zebra village zebra river river.", "2023-12-27 02:51:27");
insert into message (user_id, room_id, message_detail, created_at) values (6, 25, "House xylophone xylophone queen apple monkey river night river penguin house zebra tiger zebra yacht island kangaroo banana grape river dog river grape island zebra elephant apple snake house banana.", "2024-04-01 02:02:25");
insert into message (user_id, room_id, message_detail, created_at) values (6, 25, "Queen kangaroo snake apple dog zebra elephant umbrella queen house whale yacht banana.", "2024-12-10 04:32:28");
insert into message (user_id, room_id, message_detail, created_at) values (6, 25, "Grape village xylophone house umbrella elephant village whale banana dog penguin snake snake lion grape apple xylophone zebra umbrella tiger xylophone river river.", "2024-11-12 17:38:13");
insert into message (user_id, room_id, message_detail, created_at) values (6, 25, "Whale night ocean kangaroo lion cherry fish lion cherry monkey banana penguin zebra cherry xylophone monkey grape apple apple night lion banana umbrella yacht night.", "2024-06-02 21:09:33");
insert into message (user_id, room_id, message_detail, created_at) values (6, 25, "Island queen penguin tiger river queen penguin kangaroo ocean umbrella jungle penguin ocean lion jungle xylophone night night kangaroo monkey.", "2024-02-15 12:06:52");
insert into message (user_id, room_id, message_detail, created_at) values (6, 25, "Yacht island xylophone yacht whale cherry zebra kangaroo zebra ocean tiger xylophone apple lion umbrella penguin cherry banana monkey apple elephant banana elephant kangaroo.", "2024-11-13 02:55:14");
insert into message (user_id, room_id, message_detail, created_at) values (6, 25, "Yacht banana zebra jungle xylophone night house penguin snake banana snake whale monkey grape river tiger lion lion monkey grape lion tiger house snake zebra monkey banana village monkey.", "2024-04-12 17:38:46");
insert into task (task_id,sprint_id, task_title, task_description, task_type, due_date, created_at) values (646,64, "Task no. 1", "Grape yacht zebra monkey snake cherry grape whale penguin yacht ocean zebra village dog ocean umbrella zebra house penguin.", "3", "2024-06-05 23:09:51", "2023-12-30 09:42:33");
insert into taskperform (task_id, user_id, created_at) values (646, 6, "2024-02-11 02:05:05");
